Team,Group,Squad Number,Position,Player,Date Of Birth,Age,Caps,Goals,Club,Player Count
Egypt,A,1,GK,Essam El-Hadary (captain),1/15/73,45,157,0,Al-Taawoun,1
Egypt,A,2,DF,Ali Gabr,1/1/89,29,20,1,West Bromwich Albion,1
Egypt,A,3,DF,Ahmed Elmohamady,9/9/87,30,77,2,Aston Villa,1
Egypt,A,4,MF,Omar Gaber,1/30/92,26,23,0,Los Angeles FC,1
Egypt,A,5,MF,Sam Morsy,9/10/91,26,4,0,Wigan Athletic,1
Egypt,A,6,DF,Ahmed Hegazi,1/25/91,27,44,1,West Bromwich Albion,1
Egypt,A,7,DF,Ahmed Fathy,11/10/84,33,125,3,Al Ahly,1
Egypt,A,8,MF,Tarek Hamed,10/24/88,29,20,0,Zamalek,1
Egypt,A,9,FW,Marwan Mohsen,2/26/89,29,23,4,Al Ahly,1
Egypt,A,10,FW,Mohamed Salah,6/15/92,25,57,33,Liverpool,1
Egypt,A,11,FW,Kahraba,4/13/94,24,18,3,Al-Ittihad,1
Egypt,A,12,DF,Ayman Ashraf,4/9/91,27,4,0,Al Ahly,1
Egypt,A,13,DF,Mohamed Abdel-Shafy,7/1/85,32,50,1,Al-Fateh,1
Egypt,A,14,FW,Ramadan Sobhi,1/23/97,21,22,1,Stoke City,1
Egypt,A,15,DF,Mahmoud Hamdy,6/1/95,23,0,0,Zamalek,1
Egypt,A,16,GK,Sherif Ekramy,7/10/83,34,22,0,Al Ahly,1
Egypt,A,17,MF,Mohamed Elneny,7/11/92,25,60,5,Arsenal,1
Egypt,A,18,FW,Shikabala,3/5/86,32,29,2,Al-Raed,1
Egypt,A,19,MF,Abdallah Said,7/13/85,32,35,6,KuPS,1
Egypt,A,20,DF,Saad Samir,4/1/89,29,11,0,Al Ahly,1
Egypt,A,21,MF,Trézéguet,10/1/94,23,23,2,Kasımpaşa,1
Egypt,A,22,FW,Amr Warda,9/17/93,24,15,0,Atromitos,1
Egypt,A,23,GK,Mohamed El-Shenawy,12/18/88,29,2,0,Al Ahly,1
Russia,A,1,GK,Igor Akinfeev (captain),4/8/86,32,105,0,CSKA Moscow,1
Russia,A,2,DF,Mário Fernandes,9/19/90,27,4,0,CSKA Moscow,1
Russia,A,3,DF,Ilya Kutepov,7/29/93,24,6,0,Spartak Moscow,1
Russia,A,4,DF,Sergei Ignashevich,7/14/79,38,121,8,CSKA Moscow,1
Russia,A,5,DF,Andrei Semyonov,3/24/89,29,6,0,Akhmat Grozny,1
Russia,A,6,MF,Denis Cheryshev,12/26/90,27,11,0,Villarreal,1
Russia,A,7,MF,Daler Kuzyayev,1/15/93,25,5,0,Zenit Saint Petersburg,1
Russia,A,8,MF,Yury Gazinsky,7/20/89,28,5,0,Krasnodar,1
Russia,A,9,MF,Alan Dzagoev,6/17/90,27,56,9,CSKA Moscow,1
Russia,A,10,FW,Fyodor Smolov,2/9/90,28,31,12,Krasnodar,1
Russia,A,11,MF,Roman Zobnin,2/11/94,24,11,0,Spartak Moscow,1
Russia,A,12,GK,Andrey Lunyov,11/13/91,26,3,0,Zenit Saint Petersburg,1
Russia,A,13,DF,Fyodor Kudryashov,4/5/87,31,18,0,Rubin Kazan,1
Russia,A,14,DF,Vladimir Granat,5/22/87,31,12,1,Rubin Kazan,1
Russia,A,15,MF,Aleksei Miranchuk,10/17/95,22,17,4,Lokomotiv Moscow,1
Russia,A,16,MF,Anton Miranchuk,10/17/95,22,5,0,Lokomotiv Moscow,1
Russia,A,17,MF,Aleksandr Golovin,5/30/96,22,18,2,CSKA Moscow,1
Russia,A,18,MF,Yuri Zhirkov,8/20/83,34,83,2,Zenit Saint Petersburg,1
Russia,A,19,MF,Aleksandr Samedov,7/19/84,33,47,6,Spartak Moscow,1
Russia,A,20,GK,Vladimir Gabulov,10/19/83,34,10,0,Club Brugge,1
Russia,A,21,MF,Aleksandr Yerokhin,10/13/89,28,17,0,Zenit Saint Petersburg,1
Russia,A,22,FW,Artem Dzyuba,8/22/88,29,23,11,Arsenal Tula,1
Russia,A,23,DF,Igor Smolnikov,8/8/88,29,26,0,Zenit Saint Petersburg,1
Saudi Arabia,A,1,GK,Abdullah Al-Mayouf,1/23/87,31,10,0,Al-Hilal,1
Saudi Arabia,A,2,DF,Mansoor Al-Harbi,10/19/87,30,39,1,Al-Ahli,1
Saudi Arabia,A,3,DF,Osama Hawsawi (captain),3/31/84,34,134,7,Al-Hilal,1
Saudi Arabia,A,4,DF,Ali Al-Bulaihi,11/21/89,28,3,0,Al-Hilal,1
Saudi Arabia,A,5,DF,Omar Hawsawi,9/27/85,32,41,3,Al-Nassr,1
Saudi Arabia,A,6,DF,Mohammed Al-Breik,9/15/92,25,10,1,Al-Hilal,1
Saudi Arabia,A,7,MF,Salman Al-Faraj,8/1/89,28,42,3,Al-Hilal,1
Saudi Arabia,A,8,MF,Yahya Al-Shehri,6/26/90,27,56,8,Leganés,1
Saudi Arabia,A,9,MF,Hattan Bahebri,7/16/92,25,4,0,Al-Shabab,1
Saudi Arabia,A,10,FW,Mohammad Al-Sahlawi,1/10/87,31,39,28,Al-Nassr,1
Saudi Arabia,A,11,MF,Abdulmalek Al-Khaibri,3/13/86,32,36,0,Al-Hilal,1
Saudi Arabia,A,12,MF,Mohamed Kanno,9/22/94,23,6,1,Al-Hilal,1
Saudi Arabia,A,13,DF,Yasser Al-Shahrani,5/25/92,26,36,0,Al-Hilal,1
Saudi Arabia,A,14,MF,Abdullah Otayf,8/3/92,25,15,1,Al-Hilal,1
Saudi Arabia,A,15,MF,Abdullah Al-Khaibari,8/16/96,21,4,0,Al-Shabab,1
Saudi Arabia,A,16,MF,Housain Al-Mogahwi,3/24/88,30,17,1,Al-Ahli,1
Saudi Arabia,A,17,MF,Taisir Al-Jassim,7/25/84,33,131,18,Al-Ahli,1
Saudi Arabia,A,18,MF,Salem Al-Dawsari,8/19/91,26,32,4,Villarreal,1
Saudi Arabia,A,19,FW,Fahad Al-Muwallad,9/14/94,23,44,10,Levante,1
Saudi Arabia,A,20,FW,Muhannad Assiri,10/14/86,31,18,4,Al-Ahli,1
Saudi Arabia,A,21,GK,Yasser Al-Mosailem,2/27/84,34,32,0,Al-Ahli,1
Saudi Arabia,A,22,GK,Mohammed Al-Owais,10/10/91,26,6,0,Al-Ahli,1
Saudi Arabia,A,23,DF,Motaz Hawsawi,2/17/92,26,17,0,Al-Ahli,1
Uruguay,A,1,GK,Fernando Muslera,6/16/86,31,96,0,Galatasaray,1
Uruguay,A,2,DF,José Giménez,1/20/95,23,41,4,Atlético Madrid,1
Uruguay,A,3,DF,Diego Godín (captain),2/16/86,32,115,8,Atlético Madrid,1
Uruguay,A,4,DF,Guillermo Varela,3/24/93,25,3,0,Peñarol,1
Uruguay,A,5,MF,Carlos Sánchez,12/2/84,33,35,1,Monterrey,1
Uruguay,A,6,MF,Rodrigo Bentancur,6/25/97,20,6,0,Juventus,1
Uruguay,A,7,MF,Cristian Rodríguez,9/30/85,32,104,11,Peñarol,1
Uruguay,A,8,MF,Nahitan Nández,12/28/95,22,11,0,Boca Juniors,1
Uruguay,A,9,FW,Luis Suárez,1/24/87,31,97,50,Barcelona,1
Uruguay,A,10,FW,Giorgian De Arrascaeta,6/1/94,24,13,1,Cruzeiro,1
Uruguay,A,11,FW,Cristhian Stuani,10/12/86,31,40,5,Girona,1
Uruguay,A,12,GK,Martín Campaña,5/29/89,29,1,0,Independiente,1
Uruguay,A,13,DF,Gastón Silva,3/5/94,24,17,0,Independiente,1
Uruguay,A,14,MF,Lucas Torreira,2/11/96,22,2,0,Sampdoria,1
Uruguay,A,15,MF,Matías Vecino,8/24/91,26,21,1,Inter Milan,1
Uruguay,A,16,DF,Maxi Pereira,6/8/84,33,124,3,Porto,1
Uruguay,A,17,MF,Diego Laxalt,2/7/93,25,5,0,Genoa,1
Uruguay,A,18,FW,Maxi Gómez,8/14/96,21,4,0,Celta Vigo,1
Uruguay,A,19,DF,Sebastián Coates,10/7/90,27,30,1,Sporting CP,1
Uruguay,A,20,FW,Jonathan Urretaviscaya,3/19/90,28,4,0,Monterrey,1
Uruguay,A,21,FW,Edinson Cavani,2/14/87,31,100,42,Paris Saint-Germain,1
Uruguay,A,22,DF,Martín Cáceres,4/7/87,31,75,4,Lazio,1
Uruguay,A,23,GK,Martín Silva,3/25/83,35,11,0,Vasco da Gama,1
Iran,B,1,GK,Alireza Beiranvand,9/21/92,25,21,0,Persepolis,1
Iran,B,2,MF,Mehdi Torabi,9/10/94,23,16,4,Saipa,1
Iran,B,3,DF,Ehsan Hajsafi,2/25/90,28,93,6,Olympiacos,1
Iran,B,4,DF,Rouzbeh Cheshmi,7/24/93,24,9,1,Esteghlal,1
Iran,B,5,DF,Milad Mohammadi,9/29/93,24,18,0,Akhmat Grozny,1
Iran,B,6,MF,Saeid Ezatolahi,10/1/96,21,25,1,Amkar Perm,1
Iran,B,7,MF,Masoud Shojaei (captain),6/9/84,33,73,8,AEK Athens,1
Iran,B,8,DF,Morteza Pouraliganji,4/19/92,26,26,2,Al-Sadd,1
Iran,B,9,MF,Omid Ebrahimi,9/16/87,30,29,0,Esteghlal,1
Iran,B,10,FW,Karim Ansarifard,4/3/90,28,63,16,Olympiacos,1
Iran,B,11,MF,Vahid Amiri,4/2/88,30,35,1,Persepolis,1
Iran,B,12,GK,Mohammad Rashid Mazaheri,5/18/89,29,3,0,Zob Ahan Esfahan,1
Iran,B,13,DF,Mohammad Reza Khanzadeh,5/11/91,27,11,1,Padideh,1
Iran,B,14,FW,Saman Ghoddos,9/6/93,24,7,1,Östersund,1
Iran,B,15,DF,Pejman Montazeri,9/6/83,34,46,1,Esteghlal,1
Iran,B,16,FW,Reza Ghoochannejhad,9/20/87,30,42,17,Heerenveen,1
Iran,B,17,FW,Mehdi Taremi,7/18/92,25,25,11,Al-Gharafa,1
Iran,B,18,FW,Alireza Jahanbakhsh,8/11/93,24,37,4,AZ,1
Iran,B,19,DF,Majid Hosseini,6/20/96,21,1,0,Esteghlal,1
Iran,B,20,FW,Sardar Azmoun,1/1/95,23,32,23,Rubin Kazan,1
Iran,B,21,FW,Ashkan Dejagah,7/5/86,31,45,9,Nottingham Forest,1
Iran,B,22,GK,Amir Abedzadeh,4/26/93,25,1,0,Marítimo,1
Iran,B,23,DF,Ramin Rezaeian,3/21/90,28,27,2,Oostende,1
Morocco,B,1,GK,Yassine Bounou,4/5/91,27,11,0,Girona,1
Morocco,B,2,DF,Achraf Hakimi,11/4/98,19,9,1,Real Madrid,1
Morocco,B,3,DF,Hamza Mendyl,10/21/97,20,13,0,Lille,1
Morocco,B,4,DF,Manuel da Costa,5/6/86,32,27,1,İstanbul Başakşehir,1
Morocco,B,5,DF,Medhi Benatia (captain),4/17/87,31,56,2,Juventus,1
Morocco,B,6,DF,Romain Saïss,3/26/90,28,23,1,Wolverhampton Wanderers,1
Morocco,B,7,MF,Hakim Ziyech,3/19/93,25,17,8,Ajax,1
Morocco,B,8,MF,Karim El Ahmadi,1/27/85,33,50,1,Feyenoord,1
Morocco,B,9,FW,Ayoub El Kaabi,6/25/93,24,9,11,RS Berkane,1
Morocco,B,10,MF,Younès Belhanda,2/25/90,28,46,4,Galatasaray,1
Morocco,B,11,MF,Fayçal Fajr,8/1/88,29,23,2,Getafe,1
Morocco,B,12,GK,Munir Mohamedi,5/10/89,29,26,0,Numancia,1
Morocco,B,13,FW,Khalid Boutaïb,4/24/87,31,17,7,Yeni Malatyaspor,1
Morocco,B,14,MF,Mbark Boussoufa,8/15/84,33,58,7,Al-Jazira,1
Morocco,B,15,MF,Youssef Aït Bennasser,7/7/96,21,13,0,Caen,1
Morocco,B,16,MF,Nordin Amrabat,3/31/87,31,43,4,Leganés,1
Morocco,B,17,DF,Nabil Dirar,2/25/86,32,34,3,Fenerbahçe,1
Morocco,B,18,MF,Amine Harit,6/18/97,20,5,0,Schalke 04,1
Morocco,B,19,FW,Youssef En-Nesyri,6/1/97,21,15,1,Málaga,1
Morocco,B,20,FW,Aziz Bouhaddouz,3/30/87,31,14,3,FC St. Pauli,1
Morocco,B,21,MF,Sofyan Amrabat,8/21/96,21,5,0,Feyenoord,1
Morocco,B,22,GK,Ahmed Reda Tagnaouti,4/5/96,22,2,0,IR Tanger,1
Morocco,B,23,MF,Mehdi Carcela,7/1/89,28,20,1,Standard Liège,1
Portugal,B,1,GK,Rui Patrício,2/15/88,30,68,0,Sporting CP,1
Portugal,B,2,DF,Bruno Alves,11/27/81,36,95,11,Rangers,1
Portugal,B,3,DF,Pepe,2/26/83,35,94,5,Beşiktaş,1
Portugal,B,4,MF,Manuel Fernandes,2/5/86,32,14,3,Lokomotiv Moscow,1
Portugal,B,5,DF,Raphaël Guerreiro,12/22/93,24,23,2,Borussia Dortmund,1
Portugal,B,6,DF,José Fonte,12/22/83,34,30,0,Dalian Yifang,1
Portugal,B,7,FW,Cristiano Ronaldo (captain),2/5/85,33,149,81,Real Madrid,1
Portugal,B,8,MF,João Moutinho,9/8/86,31,109,7,Monaco,1
Portugal,B,9,FW,André Silva,11/6/95,22,22,12,Milan,1
Portugal,B,10,MF,João Mário,1/19/93,25,35,2,West Ham United,1
Portugal,B,11,MF,Bernardo Silva,8/10/94,23,24,2,Manchester City,1
Portugal,B,12,GK,Anthony Lopes,10/1/90,27,7,0,Lyon,1
Portugal,B,13,DF,Rúben Dias,5/14/97,21,1,0,Benfica,1
Portugal,B,14,MF,William Carvalho,4/7/92,26,42,2,Sporting CP,1
Portugal,B,15,DF,Ricardo Pereira,10/6/93,24,4,0,Porto,1
Portugal,B,16,MF,Bruno Fernandes,9/8/94,23,5,0,Sporting CP,1
Portugal,B,17,FW,Gonçalo Guedes,11/29/96,21,9,1,Valencia,1
Portugal,B,18,FW,Gelson Martins,5/11/95,23,18,0,Sporting CP,1
Portugal,B,19,DF,Mário Rui,5/27/91,27,3,0,Napoli,1
Portugal,B,20,FW,Ricardo Quaresma,9/26/83,34,76,9,Beşiktaş,1
Portugal,B,21,DF,Cédric,8/31/91,26,28,1,Southampton,1
Portugal,B,22,GK,Beto,5/1/82,36,14,0,Göztepe,1
Portugal,B,23,MF,Adrien Silva,3/15/89,29,22,1,Leicester City,1
Spain,B,1,GK,David de Gea,11/7/90,27,28,0,Manchester United,1
Spain,B,2,DF,Dani Carvajal,1/11/92,26,15,0,Real Madrid,1
Spain,B,3,DF,Gerard Piqué,2/2/87,31,97,5,Barcelona,1
Spain,B,4,DF,Nacho,1/18/90,28,16,0,Real Madrid,1
Spain,B,5,MF,Sergio Busquets,7/16/88,29,102,2,Barcelona,1
Spain,B,6,MF,Andrés Iniesta,5/11/84,34,126,14,Barcelona,1
Spain,B,7,MF,Saúl,11/21/94,23,10,0,Atlético Madrid,1
Spain,B,8,MF,Koke,1/8/92,26,39,0,Atlético Madrid,1
Spain,B,9,FW,Rodrigo,3/6/91,27,5,2,Valencia,1
Spain,B,10,MF,Thiago,4/11/91,27,28,2,Bayern Munich,1
Spain,B,11,FW,Lucas Vázquez,7/1/91,26,6,0,Real Madrid,1
Spain,B,12,DF,Álvaro Odriozola,12/14/95,22,3,1,Real Sociedad,1
Spain,B,13,GK,Kepa Arrizabalaga,10/3/94,23,1,0,Athletic Bilbao,1
Spain,B,14,DF,César Azpilicueta,8/28/89,28,22,0,Chelsea,1
Spain,B,15,DF,Sergio Ramos (captain),3/30/86,32,151,13,Real Madrid,1
Spain,B,16,DF,Nacho Monreal,2/26/86,32,22,1,Arsenal,1
Spain,B,17,FW,Iago Aspas,8/1/87,30,9,4,Celta Vigo,1
Spain,B,18,DF,Jordi Alba,3/21/89,29,61,8,Barcelona,1
Spain,B,19,FW,Diego Costa,10/7/88,29,19,7,Atlético Madrid,1
Spain,B,20,MF,Marco Asensio,1/21/96,22,11,0,Real Madrid,1
Spain,B,21,FW,David Silva,1/8/86,32,120,35,Manchester City,1
Spain,B,22,MF,Isco,4/21/92,26,27,10,Real Madrid,1
Spain,B,23,GK,Pepe Reina,8/31/82,35,36,0,Napoli,1
Australia,C,1,GK,Mathew Ryan,4/8/92,26,43,0,Brighton & Hove Albion,1
Australia,C,2,DF,Milos Degenek,4/28/94,24,18,0,Yokohama F. Marinos,1
Australia,C,3,DF,James Meredith,4/5/88,30,2,0,Millwall,1
Australia,C,4,FW,Tim Cahill,12/6/79,38,105,50,Millwall,1
Australia,C,5,DF,Mark Milligan,8/4/85,32,70,6,Al-Ahli,1
Australia,C,6,DF,Matthew Jurman,12/8/89,28,4,0,Suwon Samsung Bluewings,1
Australia,C,7,FW,Mathew Leckie,2/4/91,27,52,8,Hertha BSC,1
Australia,C,8,MF,Massimo Luongo,9/25/92,25,35,5,Queens Park Rangers,1
Australia,C,9,FW,Tomi Juric,7/22/91,26,34,8,Luzern,1
Australia,C,10,FW,Robbie Kruse,10/5/88,29,63,5,VfL Bochum,1
Australia,C,11,FW,Andrew Nabbout,12/17/92,25,3,1,Urawa Red Diamonds,1
Australia,C,12,GK,Brad Jones,3/19/82,36,5,0,Feyenoord,1
Australia,C,13,MF,Aaron Mooy,9/15/90,27,33,5,Huddersfield Town,1
Australia,C,14,FW,Jamie Maclaren,7/29/93,24,6,0,Hibernian,1
Australia,C,15,MF,Mile Jedinak (captain),8/3/84,33,75,18,Aston Villa,1
Australia,C,16,DF,Aziz Behich,12/16/90,27,22,2,Bursaspor,1
Australia,C,17,FW,Daniel Arzani,1/4/99,19,1,0,Melbourne City,1
Australia,C,18,GK,Danny Vukovic,3/27/85,33,1,0,Genk,1
Australia,C,19,DF,Josh Risdon,7/27/92,25,7,0,Western Sydney Wanderers,1
Australia,C,20,DF,Trent Sainsbury,1/5/92,26,34,3,Grasshoppers,1
Australia,C,21,FW,Dimitri Petratos,11/10/92,25,2,0,Newcastle Jets,1
Australia,C,22,MF,Jackson Irvine,3/7/93,25,18,2,Hull City,1
Australia,C,23,MF,Tom Rogic,12/16/92,25,36,7,Celtic,1
Denmark,C,1,GK,Kasper Schmeichel,11/5/86,31,34,0,Leicester City,1
Denmark,C,2,MF,Michael Krohn-Dehli,6/6/83,34,58,6,Deportivo La Coruña,1
Denmark,C,3,DF,Jannik Vestergaard,8/3/92,25,16,1,Borussia Mönchengladbach,1
Denmark,C,4,DF,Simon Kjær (captain),3/26/89,29,77,3,Sevilla,1
Denmark,C,5,DF,Jonas Knudsen,9/16/92,25,3,0,Ipswich Town,1
Denmark,C,6,DF,Andreas Christensen,4/10/96,22,15,1,Chelsea,1
Denmark,C,7,MF,William Kvist,2/24/85,33,79,2,Copenhagen,1
Denmark,C,8,MF,Thomas Delaney,9/3/91,26,26,4,Werder Bremen,1
Denmark,C,9,FW,Nicolai Jørgensen,1/15/91,27,30,8,Feyenoord,1
Denmark,C,10,MF,Christian Eriksen,2/14/92,26,77,21,Tottenham Hotspur,1
Denmark,C,11,FW,Martin Braithwaite,6/5/91,27,19,1,Bordeaux,1
Denmark,C,12,FW,Kasper Dolberg,10/6/97,20,5,1,Ajax,1
Denmark,C,13,DF,Mathias Jørgensen,4/23/90,28,12,0,Huddersfield Town,1
Denmark,C,14,DF,Henrik Dalsgaard,7/27/89,28,10,0,Brentford,1
Denmark,C,15,FW,Viktor Fischer,6/9/94,23,18,3,Copenhagen,1
Denmark,C,16,GK,Jonas Lössl,2/1/89,29,1,0,Huddersfield Town,1
Denmark,C,17,DF,Jens Stryger Larsen,2/21/91,27,12,1,Udinese,1
Denmark,C,18,MF,Lukas Lerager,7/12/93,24,3,0,Bordeaux,1
Denmark,C,19,MF,Lasse Schöne,5/27/86,32,35,3,Ajax,1
Denmark,C,20,FW,Yussuf Poulsen,6/15/94,23,27,3,RB Leipzig,1
Denmark,C,21,FW,Andreas Cornelius,3/16/93,25,18,4,Atalanta,1
Denmark,C,22,GK,Frederik Rønnow,8/4/92,25,6,0,Brøndby,1
Denmark,C,23,FW,Pione Sisto,2/4/95,23,13,1,Celta Vigo,1
France,C,1,GK,Hugo Lloris (captain),12/26/86,31,97,0,Tottenham Hotspur,1
France,C,2,DF,Benjamin Pavard,3/28/96,22,5,0,VfB Stuttgart,1
France,C,3,DF,Presnel Kimpembe,8/13/95,22,2,0,Paris Saint-Germain,1
France,C,4,DF,Raphaël Varane,4/25/93,25,41,2,Real Madrid,1
France,C,5,DF,Samuel Umtiti,11/14/93,24,18,2,Barcelona,1
France,C,6,MF,Paul Pogba,3/15/93,25,53,9,Manchester United,1
France,C,7,FW,Antoine Griezmann,3/21/91,27,53,20,Atlético Madrid,1
France,C,8,FW,Thomas Lemar,11/12/95,22,11,3,Monaco,1
France,C,9,FW,Olivier Giroud,9/30/86,31,73,31,Chelsea,1
France,C,10,FW,Kylian Mbappé,12/20/98,19,14,3,Paris Saint-Germain,1
France,C,11,FW,Ousmane Dembélé,5/15/97,21,11,2,Barcelona,1
France,C,12,MF,Corentin Tolisso,8/3/94,23,8,0,Bayern Munich,1
France,C,13,MF,N'Golo Kanté,3/29/91,27,23,1,Chelsea,1
France,C,14,MF,Blaise Matuidi,4/9/87,31,66,9,Juventus,1
France,C,15,MF,Steven Nzonzi,12/15/88,29,4,0,Sevilla,1
France,C,16,GK,Steve Mandanda,3/28/85,33,27,0,Marseille,1
France,C,17,DF,Adil Rami,12/27/85,32,35,1,Marseille,1
France,C,18,FW,Nabil Fekir,7/18/93,24,11,2,Lyon,1
France,C,19,DF,Djibril Sidibé,7/29/92,25,16,1,Monaco,1
France,C,20,FW,Florian Thauvin,1/26/93,25,4,0,Marseille,1
France,C,21,DF,Lucas Hernández,2/14/96,22,4,0,Atlético Madrid,1
France,C,22,DF,Benjamin Mendy,7/17/94,23,6,0,Manchester City,1
France,C,23,GK,Alphonse Areola,2/27/93,25,0,0,Paris Saint-Germain,1
Peru,C,1,GK,Pedro Gallese,2/23/90,28,37,0,Veracruz,1
Peru,C,2,DF,Alberto Rodríguez,3/31/84,34,58,0,Atlético Junior,1
Peru,C,3,DF,Aldo Corzo,5/20/89,29,25,0,Universitario,1
Peru,C,4,DF,Anderson Santamaría,1/10/92,26,3,0,Puebla,1
Peru,C,5,DF,Miguel Araujo,10/24/94,23,7,0,Alianza Lima,1
Peru,C,6,DF,Miguel Trauco,8/25/92,25,26,0,Flamengo,1
Peru,C,7,MF,Paolo Hurtado,7/27/90,27,31,3,Vitória de Guimarães,1
Peru,C,8,MF,Christian Cueva,11/23/91,26,43,8,São Paulo,1
Peru,C,9,FW,Paolo Guerrero (captain),1/1/84,34,87,34,Flamengo,1
Peru,C,10,FW,Jefferson Farfán,10/26/84,33,83,25,Lokomotiv Moscow,1
Peru,C,11,FW,Raúl Ruidíaz,7/25/90,27,30,4,Morelia,1
Peru,C,12,GK,Carlos Cáceda,9/27/91,26,4,0,Deportivo Municipal,1
Peru,C,13,MF,Renato Tapia,7/28/95,22,22,1,Feyenoord,1
Peru,C,14,MF,Andy Polo,9/29/94,23,16,1,Portland Timbers,1
Peru,C,15,DF,Christian Ramos,11/4/88,29,65,3,Veracruz,1
Peru,C,16,MF,Wilder Cartagena,9/23/94,23,3,0,Veracruz,1
Peru,C,17,DF,Luis Advíncula,3/2/90,28,64,0,Lobos BUAP,1
Peru,C,18,FW,André Carrillo,6/14/91,26,44,5,Watford,1
Peru,C,19,MF,Yoshimar Yotún,4/7/90,28,72,2,Orlando City,1
Peru,C,20,FW,Edison Flores,5/14/94,24,28,9,AaB,1
Peru,C,21,GK,José Carvallo,3/1/86,32,6,0,UTC,1
Peru,C,22,DF,Nilson Loyola,10/26/94,23,3,0,Melgar,1
Peru,C,23,MF,Pedro Aquino,4/13/95,23,12,0,Lobos BUAP,1
Argentina,D,1,GK,Nahuel Guzmán,2/10/86,32,6,0,UANL,1
Argentina,D,2,DF,Gabriel Mercado,3/18/87,31,20,3,Sevilla,1
Argentina,D,3,DF,Nicolás Tagliafico,8/31/92,25,4,0,Ajax,1
Argentina,D,4,DF,Cristian Ansaldi,9/20/86,31,5,0,Torino,1
Argentina,D,5,MF,Lucas Biglia,1/30/86,32,57,1,Milan,1
Argentina,D,6,DF,Federico Fazio,3/17/87,31,9,1,Roma,1
Argentina,D,7,MF,Éver Banega,6/29/88,29,62,6,Sevilla,1
Argentina,D,8,DF,Marcos Acuña,10/28/91,26,10,0,Sporting CP,1
Argentina,D,9,FW,Gonzalo Higuaín,12/10/87,30,71,31,Juventus,1
Argentina,D,10,FW,Lionel Messi (captain),6/24/87,30,124,64,Barcelona,1
Argentina,D,11,MF,Ángel Di María,2/14/88,30,94,19,Paris Saint-Germain,1
Argentina,D,12,GK,Franco Armani,10/16/86,31,0,0,River Plate,1
Argentina,D,13,MF,Maximiliano Meza,12/15/92,25,2,0,Independiente,1
Argentina,D,14,DF,Javier Mascherano,6/8/84,33,143,3,Hebei China Fortune,1
Argentina,D,15,MF,Manuel Lanzini,2/15/93,25,4,1,West Ham United,1
Argentina,D,16,DF,Marcos Rojo,3/20/90,28,56,2,Manchester United,1
Argentina,D,17,DF,Nicolás Otamendi,2/12/88,30,54,4,Manchester City,1
Argentina,D,18,DF,Eduardo Salvio,7/13/90,27,9,0,Benfica,1
Argentina,D,19,FW,Sergio Agüero,6/2/88,30,85,37,Manchester City,1
Argentina,D,20,MF,Giovani Lo Celso,4/9/96,22,5,0,Paris Saint-Germain,1
Argentina,D,21,FW,Paulo Dybala,11/15/93,24,12,0,Juventus,1
Argentina,D,22,MF,Cristian Pavón,1/21/96,22,5,0,Boca Juniors,1
Argentina,D,23,GK,Willy Caballero,9/28/81,36,3,0,Chelsea,1
Croatia,D,1,GK,Dominik Livaković,1/9/95,23,1,0,Dinamo Zagreb,1
Croatia,D,2,DF,Šime Vrsaljko,1/10/92,26,35,0,Atlético Madrid,1
Croatia,D,3,DF,Ivan Strinić,7/17/87,30,42,0,Sampdoria,1
Croatia,D,4,FW,Ivan Perišić,2/2/89,29,65,17,Inter Milan,1
Croatia,D,5,DF,Vedran Ćorluka,2/5/86,32,98,4,Lokomotiv Moscow,1
Croatia,D,6,DF,Dejan Lovren,7/5/89,28,38,2,Liverpool,1
Croatia,D,7,MF,Ivan Rakitić,3/10/88,30,91,14,Barcelona,1
Croatia,D,8,MF,Mateo Kovačić,5/6/94,24,40,1,Real Madrid,1
Croatia,D,9,FW,Andrej Kramarić,6/19/91,26,30,8,1899 Hoffenheim,1
Croatia,D,10,MF,Luka Modrić (captain),9/9/85,32,105,12,Real Madrid,1
Croatia,D,11,MF,Marcelo Brozović,11/16/92,25,34,6,Inter Milan,1
Croatia,D,12,GK,Lovre Kalinić,4/3/90,28,10,0,Gent,1
Croatia,D,13,DF,Tin Jedvaj,11/28/95,22,11,0,Bayer Leverkusen,1
Croatia,D,14,MF,Filip Bradarić,1/11/92,26,4,0,Rijeka,1
Croatia,D,15,DF,Duje Ćaleta-Car,9/17/96,21,1,0,Red Bull Salzburg,1
Croatia,D,16,FW,Nikola Kalinić,1/5/88,30,41,15,Milan,1
Croatia,D,17,FW,Mario Mandžukić,5/21/86,32,82,30,Juventus,1
Croatia,D,18,FW,Ante Rebić,9/21/93,24,15,1,Eintracht Frankfurt,1
Croatia,D,19,MF,Milan Badelj,2/25/89,29,37,1,Fiorentina,1
Croatia,D,20,FW,Marko Pjaca,5/6/95,23,16,1,Schalke 04,1
Croatia,D,21,DF,Domagoj Vida,4/29/89,29,58,2,Beşiktaş,1
Croatia,D,22,DF,Josip Pivarić,1/30/89,29,19,0,Dynamo Kyiv,1
Croatia,D,23,GK,Danijel Subašić,10/27/84,33,37,0,Monaco,1
Iceland,D,1,GK,Hannes Þór Halldórsson,4/27/84,34,48,0,Randers,1
Iceland,D,2,DF,Birkir Már Sævarsson,11/11/84,33,79,1,Valur,1
Iceland,D,3,MF,Samúel Friðjónsson,2/22/96,22,4,0,Vålerenga,1
Iceland,D,4,MF,Albert Guðmundsson,6/15/97,20,5,3,PSV Eindhoven,1
Iceland,D,5,DF,Sverrir Ingi Ingason,8/5/93,24,19,3,Rostov,1
Iceland,D,6,DF,Ragnar Sigurðsson,6/19/86,31,76,3,Rostov,1
Iceland,D,7,MF,Jóhann Berg Guðmundsson,10/27/90,27,66,7,Burnley,1
Iceland,D,8,MF,Birkir Bjarnason,5/27/88,30,66,9,Aston Villa,1
Iceland,D,9,FW,Björn Bergmann Sigurðarson,2/26/91,27,11,1,Rostov,1
Iceland,D,10,MF,Gylfi Sigurðsson,9/8/89,28,56,19,Everton,1
Iceland,D,11,FW,Alfreð Finnbogason,2/1/89,29,46,12,FC Augsburg,1
Iceland,D,12,GK,Frederik Schram,1/19/95,23,4,0,Roskilde,1
Iceland,D,13,GK,Rúnar Alex Rúnarsson,2/18/95,23,3,0,Nordsjælland,1
Iceland,D,14,DF,Kári Árnason,10/13/82,35,66,4,Aberdeen,1
Iceland,D,15,DF,Hólmar Örn Eyjólfsson,8/6/90,27,9,1,Levski Sofia,1
Iceland,D,16,MF,Ólafur Ingi Skúlason,4/1/83,35,35,1,Kardemir Karabükspor,1
Iceland,D,17,MF,Aron Gunnarsson (captain),4/22/89,29,77,2,Cardiff City,1
Iceland,D,18,DF,Hörður Björgvin Magnússon,2/11/93,25,16,2,Bristol City,1
Iceland,D,19,MF,Rúrik Gíslason,2/25/88,30,46,3,SV Sandhausen,1
Iceland,D,20,MF,Emil Hallfreðsson,6/29/84,33,63,1,Udinese,1
Iceland,D,21,MF,Arnór Ingvi Traustason,4/30/93,25,18,5,Malmö,1
Iceland,D,22,FW,Jón Daði Böðvarsson,5/25/92,26,37,2,Reading,1
Iceland,D,23,DF,Ari Freyr Skúlason,5/14/87,31,55,0,Lokeren,1
Nigeria,D,1,GK,Ikechukwu Ezenwa,10/16/88,29,24,0,Enyimba,1
Nigeria,D,2,DF,Brian Idowu,5/18/92,26,4,1,Amkar Perm,1
Nigeria,D,3,DF,Elderson Echiéjilé,1/20/88,30,61,3,Cercle Brugge,1
Nigeria,D,4,MF,Wilfred Ndidi,12/16/96,21,16,0,Leicester City,1
Nigeria,D,5,DF,William Troost-Ekong,9/1/93,24,21,1,Bursaspor,1
Nigeria,D,6,DF,Leon Balogun,6/28/88,29,18,0,Mainz 05,1
Nigeria,D,7,FW,Ahmed Musa,10/14/92,25,71,13,CSKA Moscow,1
Nigeria,D,8,MF,Oghenekaro Etebo,11/9/95,22,14,1,Las Palmas,1
Nigeria,D,9,FW,Odion Ighalo,6/16/89,28,18,4,Changchun Yatai,1
Nigeria,D,10,MF,John Obi Mikel (captain),4/22/87,31,84,6,Tianjin TEDA,1
Nigeria,D,11,FW,Victor Moses,12/12/90,27,33,11,Chelsea,1
Nigeria,D,12,DF,Shehu Abdullahi,3/12/93,25,24,0,Bursaspor,1
Nigeria,D,13,FW,Simeon Nwankwo,5/7/92,26,1,0,Crotone,1
Nigeria,D,14,FW,Kelechi Iheanacho,3/10/96,22,17,8,Leicester City,1
Nigeria,D,15,MF,Joel Obi,5/22/91,27,17,0,Torino,1
Nigeria,D,16,GK,Daniel Akpeyi,3/8/86,32,7,0,Chippa United,1
Nigeria,D,17,MF,Ogenyi Onazi,12/25/92,25,52,1,Trabzonspor,1
Nigeria,D,18,FW,Alex Iwobi,5/3/96,22,18,5,Arsenal,1
Nigeria,D,19,MF,John Ogu,4/20/88,30,19,2,Hapoel Be'er Sheva,1
Nigeria,D,20,DF,Chidozie Awaziem,1/1/97,21,4,0,Nantes,1
Nigeria,D,21,DF,Tyronne Ebuehi,12/16/95,22,6,0,ADO Den Haag,1
Nigeria,D,22,DF,Kenneth Omeruo,10/17/93,24,39,0,Kasımpaşa,1
Nigeria,D,23,GK,Francis Uzoho,10/28/98,19,5,0,Deportivo La Coruña,1
Brazil,E,1,GK,Alisson,10/2/92,25,25,0,Roma,1
Brazil,E,2,DF,Thiago Silva,9/22/84,33,70,5,Paris Saint-Germain,1
Brazil,E,3,DF,Miranda,9/7/84,33,46,2,Inter Milan,1
Brazil,E,4,DF,Pedro Geromel,9/21/85,32,2,0,Grêmio,1
Brazil,E,5,MF,Casemiro,2/23/92,26,23,0,Real Madrid,1
Brazil,E,6,DF,Filipe Luís,8/9/85,32,32,2,Atlético Madrid,1
Brazil,E,7,FW,Douglas Costa,9/14/90,27,24,3,Juventus,1
Brazil,E,8,MF,Renato Augusto,2/8/88,30,28,5,Beijing Sinobo Guoan,1
Brazil,E,9,FW,Gabriel Jesus,4/3/97,21,16,9,Manchester City,1
Brazil,E,10,FW,Neymar,2/5/92,26,84,54,Paris Saint-Germain,1
Brazil,E,11,MF,Philippe Coutinho,6/12/92,25,36,9,Barcelona,1
Brazil,E,12,DF,Marcelo,5/12/88,30,53,6,Real Madrid,1
Brazil,E,13,DF,Marquinhos,5/14/94,24,25,0,Paris Saint-Germain,1
Brazil,E,14,DF,Danilo,7/15/91,26,17,0,Manchester City,1
Brazil,E,15,MF,Paulinho,7/25/88,29,49,12,Barcelona,1
Brazil,E,16,GK,Cássio,6/6/87,30,1,0,Corinthians,1
Brazil,E,17,MF,Fernandinho,5/4/85,33,43,2,Manchester City,1
Brazil,E,18,MF,Fred,3/5/93,25,8,0,Shakhtar Donetsk,1
Brazil,E,19,MF,Willian,8/9/88,29,56,8,Chelsea,1
Brazil,E,20,FW,Roberto Firmino,10/2/91,26,20,6,Liverpool,1
Brazil,E,21,FW,Taison,1/13/88,30,7,1,Shakhtar Donetsk,1
Brazil,E,22,DF,Fagner,6/11/89,28,4,0,Corinthians,1
Brazil,E,23,GK,Ederson,8/17/93,24,1,0,Manchester City,1
Costa Rica,E,1,GK,Keylor Navas,12/15/86,31,79,0,Real Madrid,1
Costa Rica,E,2,DF,Johnny Acosta,7/21/83,34,68,2,Águilas Doradas,1
Costa Rica,E,3,DF,Giancarlo González,2/8/88,30,68,2,Bologna,1
Costa Rica,E,4,DF,Ian Smith,3/6/98,20,2,0,Norrköping,1
Costa Rica,E,5,MF,Celso Borges,5/27/88,30,111,21,Deportivo La Coruña,1
Costa Rica,E,6,DF,Óscar Duarte,6/3/89,29,38,2,Espanyol,1
Costa Rica,E,7,MF,Christian Bolaños,5/17/84,34,79,6,Saprissa,1
Costa Rica,E,8,DF,Bryan Oviedo,2/18/90,28,42,1,Sunderland,1
Costa Rica,E,9,MF,Daniel Colindres,1/10/85,33,11,0,Saprissa,1
Costa Rica,E,10,MF,Bryan Ruiz (captain),8/18/85,32,109,23,Sporting CP,1
Costa Rica,E,11,FW,Johan Venegas,11/27/88,29,45,10,Saprissa,1
Costa Rica,E,12,FW,Joel Campbell,6/26/92,25,75,15,Real Betis,1
Costa Rica,E,13,MF,Rodney Wallace,6/17/88,29,30,4,New York City FC,1
Costa Rica,E,14,MF,Randall Azofeifa,12/30/84,33,57,3,Herediano,1
Costa Rica,E,15,DF,Francisco Calvo,7/8/92,25,36,4,Minnesota United,1
Costa Rica,E,16,DF,Cristian Gamboa,10/24/89,28,66,3,Celtic,1
Costa Rica,E,17,MF,Yeltsin Tejeda,3/17/92,26,49,0,Lausanne,1
Costa Rica,E,18,GK,Patrick Pemberton,4/24/82,36,39,0,Alajuelense,1
Costa Rica,E,19,DF,Kendall Waston,1/1/88,30,25,3,Vancouver Whitecaps FC,1
Costa Rica,E,20,MF,David Guzmán,2/18/90,28,41,0,Portland Timbers,1
Costa Rica,E,21,FW,Marco Ureña,3/5/90,28,62,15,Los Angeles FC,1
Costa Rica,E,22,DF,Rónald Matarrita,7/9/94,23,22,2,New York City FC,1
Costa Rica,E,23,GK,Leonel Moreira,4/2/90,28,9,0,Herediano,1
Serbia,E,1,GK,Vladimir Stojković,7/28/83,34,80,0,Partizan,1
Serbia,E,2,DF,Antonio Rukavina,1/26/84,34,46,0,Villarreal,1
Serbia,E,3,DF,Duško Tošić,1/19/85,33,23,1,Beşiktaş,1
Serbia,E,4,MF,Luka Milivojević,4/7/91,27,27,1,Crystal Palace,1
Serbia,E,5,DF,Uroš Spajić,2/13/93,25,5,0,Anderlecht,1
Serbia,E,6,DF,Branislav Ivanović,2/22/84,34,102,12,Zenit Saint Petersburg,1
Serbia,E,7,MF,Andrija Živković,7/11/96,21,10,0,Benfica,1
Serbia,E,8,FW,Aleksandar Prijović,4/21/90,28,8,1,PAOK,1
Serbia,E,9,FW,Aleksandar Mitrović,9/16/94,23,36,13,Fulham,1
Serbia,E,10,MF,Dušan Tadić,11/20/88,29,52,13,Southampton,1
Serbia,E,11,DF,Aleksandar Kolarov (captain),11/10/85,32,75,10,Roma,1
Serbia,E,12,GK,Predrag Rajković,10/31/95,22,7,0,Maccabi Tel Aviv,1
Serbia,E,13,DF,Miloš Veljković,9/26/95,22,2,0,Werder Bremen,1
Serbia,E,14,DF,Milan Rodić,4/2/91,27,1,0,Red Star Belgrade,1
Serbia,E,15,DF,Nikola Milenković,10/12/97,20,2,0,Fiorentina,1
Serbia,E,16,MF,Marko Grujić,4/13/96,22,7,0,Cardiff City,1
Serbia,E,17,MF,Filip Kostić,11/1/92,25,22,2,Hamburger SV,1
Serbia,E,18,FW,Nemanja Radonjić,2/15/96,22,2,0,Red Star Belgrade,1
Serbia,E,19,FW,Luka Jović,12/23/97,20,1,0,Eintracht Frankfurt,1
Serbia,E,20,MF,Sergej Milinković-Savić,2/27/95,23,3,0,Lazio,1
Serbia,E,21,MF,Nemanja Matić,8/1/88,29,39,2,Manchester United,1
Serbia,E,22,MF,Adem Ljajić,9/29/91,26,28,5,Torino,1
Serbia,E,23,GK,Marko Dmitrović,1/24/92,26,2,0,Eibar,1
Switzerland,E,1,GK,Yann Sommer,12/17/88,29,35,0,Borussia Mönchengladbach,1
Switzerland,E,2,DF,Stephan Lichtsteiner (captain),1/16/84,34,99,8,Juventus,1
Switzerland,E,3,DF,François Moubandje,6/21/90,27,17,0,Toulouse,1
Switzerland,E,4,DF,Nico Elvedi,9/30/96,21,5,0,Borussia Mönchengladbach,1
Switzerland,E,5,DF,Manuel Akanji,7/19/95,22,6,0,Borussia Dortmund,1
Switzerland,E,6,DF,Michael Lang,2/8/91,27,24,2,Basel,1
Switzerland,E,7,FW,Breel Embolo,2/14/97,21,24,3,Schalke 04,1
Switzerland,E,8,MF,Remo Freuler,4/15/92,26,9,0,Atalanta,1
Switzerland,E,9,FW,Haris Seferović,2/22/92,26,50,11,Benfica,1
Switzerland,E,10,MF,Granit Xhaka,9/27/92,25,61,9,Arsenal,1
Switzerland,E,11,MF,Valon Behrami,4/19/85,33,78,2,Udinese,1
Switzerland,E,12,GK,Yvon Mvogo,6/6/94,23,0,0,RB Leipzig,1
Switzerland,E,13,DF,Ricardo Rodríguez,8/25/92,25,52,4,Milan,1
Switzerland,E,14,MF,Steven Zuber,8/17/91,26,11,3,1899 Hoffenheim,1
Switzerland,E,15,MF,Blerim Džemaili,4/12/86,32,64,9,Bologna,1
Switzerland,E,16,MF,Gelson Fernandes,9/2/86,31,67,2,Eintracht Frankfurt,1
Switzerland,E,17,MF,Denis Zakaria,11/20/96,21,10,0,Borussia Mönchengladbach,1
Switzerland,E,18,FW,Mario Gavranović,11/24/89,28,13,5,Dinamo Zagreb,1
Switzerland,E,19,FW,Josip Drmić,8/8/92,25,28,9,Borussia Mönchengladbach,1
Switzerland,E,20,DF,Johan Djourou,1/18/87,31,74,2,Antalyaspor,1
Switzerland,E,21,GK,Roman Bürki,11/14/90,27,8,0,Borussia Dortmund,1
Switzerland,E,22,DF,Fabian Schär,12/20/91,26,38,7,Deportivo La Coruña,1
Switzerland,E,23,MF,Xherdan Shaqiri,10/10/91,26,69,20,Stoke City,1
Germany,F,1,GK,Manuel Neuer (captain),3/27/86,32,75,0,Bayern Munich,1
Germany,F,2,DF,Marvin Plattenhardt,1/26/92,26,6,0,Hertha BSC,1
Germany,F,3,DF,Jonas Hector,5/27/90,28,37,3,1. FC Köln,1
Germany,F,4,DF,Matthias Ginter,1/19/94,24,17,0,Borussia Mönchengladbach,1
Germany,F,5,DF,Mats Hummels,12/16/88,29,63,5,Bayern Munich,1
Germany,F,6,MF,Sami Khedira,4/4/87,31,74,7,Juventus,1
Germany,F,7,MF,Julian Draxler,9/20/93,24,43,6,Paris Saint-Germain,1
Germany,F,8,MF,Toni Kroos,1/4/90,28,82,12,Real Madrid,1
Germany,F,9,FW,Timo Werner,3/6/96,22,13,7,RB Leipzig,1
Germany,F,10,MF,Mesut Özil,10/15/88,29,90,23,Arsenal,1
Germany,F,11,FW,Marco Reus,5/31/89,29,30,9,Borussia Dortmund,1
Germany,F,12,GK,Kevin Trapp,7/8/90,27,3,0,Paris Saint-Germain,1
Germany,F,13,MF,Thomas Müller,9/13/89,28,90,38,Bayern Munich,1
Germany,F,14,MF,Leon Goretzka,2/6/95,23,15,6,Schalke 04,1
Germany,F,15,DF,Niklas Süle,9/3/95,22,10,0,Bayern Munich,1
Germany,F,16,DF,Antonio Rüdiger,3/3/93,25,24,1,Chelsea,1
Germany,F,17,DF,Jérôme Boateng,9/3/88,29,70,1,Bayern Munich,1
Germany,F,18,DF,Joshua Kimmich,2/8/95,23,28,3,Bayern Munich,1
Germany,F,19,MF,Sebastian Rudy,2/28/90,28,25,1,Bayern Munich,1
Germany,F,20,MF,Julian Brandt,5/2/96,22,15,1,Bayer Leverkusen,1
Germany,F,21,MF,İlkay Gündoğan,10/24/90,27,25,4,Manchester City,1
Germany,F,22,GK,Marc-André ter Stegen,4/30/92,26,19,0,Barcelona,1
Germany,F,23,FW,Mario Gómez,7/10/85,32,74,31,VfB Stuttgart,1
Mexico,F,1,GK,José de Jesús Corona,1/26/81,37,52,0,Cruz Azul,1
Mexico,F,2,DF,Hugo Ayala,3/31/87,31,42,1,UANL,1
Mexico,F,3,DF,Carlos Salcedo,9/29/93,24,20,0,Eintracht Frankfurt,1
Mexico,F,4,DF,Rafael Márquez,2/13/79,39,144,18,Atlas,1
Mexico,F,5,DF,Diego Reyes,9/19/92,25,55,1,Porto,1
Mexico,F,6,MF,Jonathan dos Santos,4/26/90,28,31,0,LA Galaxy,1
Mexico,F,7,MF,Miguel Layún,6/25/88,29,63,6,Sevilla,1
Mexico,F,8,FW,Marco Fabián,7/21/89,28,38,9,Eintracht Frankfurt,1
Mexico,F,9,FW,Raúl Jiménez,5/5/91,27,63,13,Benfica,1
Mexico,F,10,MF,Giovani dos Santos,5/11/89,29,104,19,LA Galaxy,1
Mexico,F,11,FW,Carlos Vela,3/1/89,29,68,18,Los Angeles FC,1
Mexico,F,12,GK,Alfredo Talavera,9/18/82,35,27,0,Toluca,1
Mexico,F,13,GK,Guillermo Ochoa,7/13/85,32,93,0,Standard Liège,1
Mexico,F,14,FW,Javier Hernández,6/1/88,30,101,49,West Ham United,1
Mexico,F,15,DF,Héctor Moreno,1/17/88,30,91,3,Real Sociedad,1
Mexico,F,16,DF,Héctor Herrera,4/19/90,28,65,5,Porto,1
Mexico,F,17,MF,Jesús Manuel Corona,1/6/93,25,35,7,Porto,1
Mexico,F,18,MF,Andrés Guardado (captain),9/28/86,31,144,25,Real Betis,1
Mexico,F,19,FW,Oribe Peralta,1/12/84,34,66,26,América,1
Mexico,F,20,MF,Javier Aquino,2/11/90,28,53,0,UANL,1
Mexico,F,21,DF,Edson Álvarez,10/24/97,20,12,1,América,1
Mexico,F,22,FW,Hirving Lozano,7/30/95,22,27,7,PSV Eindhoven,1
Mexico,F,23,MF,Jesús Gallardo,8/15/94,23,22,0,UNAM,1
South Korea,F,1,GK,Kim Seung-gyu,9/30/90,27,32,0,Vissel Kobe,1
South Korea,F,2,DF,Lee Yong,12/24/86,31,26,0,Jeonbuk Hyundai Motors,1
South Korea,F,3,DF,Jung Seung-hyun,4/3/94,24,6,0,Sagan Tosu,1
South Korea,F,4,DF,Oh Ban-suk,5/20/88,30,2,0,Jeju United,1
South Korea,F,5,DF,Yun Young-sun,10/4/88,29,5,0,Seongnam FC,1
South Korea,F,6,DF,Park Joo-ho,1/16/87,31,35,0,Ulsan Hyundai,1
South Korea,F,7,FW,Son Heung-min,7/8/92,25,65,21,Tottenham Hotspur,1
South Korea,F,8,MF,Ju Se-jong,10/30/90,27,10,1,Asan Mugunghwa,1
South Korea,F,9,FW,Kim Shin-wook,4/14/88,30,48,10,Jeonbuk Hyundai Motors,1
South Korea,F,10,MF,Lee Seung-woo,1/6/98,20,2,0,Hellas Verona,1
South Korea,F,11,FW,Hwang Hee-chan,1/26/96,22,13,2,Red Bull Salzburg,1
South Korea,F,12,DF,Kim Min-woo,2/25/90,28,18,1,Sangju Sangmu,1
South Korea,F,13,MF,Koo Ja-cheol,2/27/89,29,66,19,FC Augsburg,1
South Korea,F,14,DF,Hong Chul,9/17/90,27,14,0,Sangju Sangmu,1
South Korea,F,15,MF,Jung Woo-young,12/14/89,28,28,1,Vissel Kobe,1
South Korea,F,16,MF,Ki Sung-yueng (captain),1/24/89,29,100,10,Swansea City,1
South Korea,F,17,MF,Lee Jae-sung,8/10/92,25,33,6,Jeonbuk Hyundai Motors,1
South Korea,F,18,MF,Moon Seon-min,6/9/92,25,2,1,Incheon United,1
South Korea,F,19,DF,Kim Young-gwon,2/27/90,28,51,2,Guangzhou Evergrande,1
South Korea,F,20,DF,Jang Hyun-soo,9/28/91,26,49,3,FC Tokyo,1
South Korea,F,21,GK,Kim Jin-hyeon,7/6/87,30,14,0,Cerezo Osaka,1
South Korea,F,22,DF,Go Yo-han,3/10/88,30,19,0,FC Seoul,1
South Korea,F,23,GK,Cho Hyun-woo,9/25/91,26,5,0,Daegu FC,1
Sweden,F,1,GK,Robin Olsen,1/8/90,28,17,0,Copenhagen,1
Sweden,F,2,DF,Mikael Lustig,12/13/86,31,65,6,Celtic,1
Sweden,F,3,DF,Victor Lindelöf,7/17/94,23,20,1,Manchester United,1
Sweden,F,4,DF,Andreas Granqvist (captain),4/16/85,33,71,6,Krasnodar,1
Sweden,F,5,DF,Martin Olsson,5/17/88,30,43,5,Swansea City,1
Sweden,F,6,DF,Ludwig Augustinsson,4/21/94,24,14,0,Werder Bremen,1
Sweden,F,7,MF,Sebastian Larsson,6/6/85,32,99,6,Hull City,1
Sweden,F,8,MF,Albin Ekdal,7/28/89,28,33,0,Hamburger SV,1
Sweden,F,9,FW,Marcus Berg,8/17/86,31,56,18,Al Ain,1
Sweden,F,10,MF,Emil Forsberg,10/23/91,26,35,6,RB Leipzig,1
Sweden,F,11,FW,John Guidetti,4/15/92,26,20,1,Alavés,1
Sweden,F,12,GK,Karl-Johan Johnsson,1/28/90,28,5,0,Guingamp,1
Sweden,F,13,MF,Gustav Svensson,2/7/87,31,12,0,Seattle Sounders FC,1
Sweden,F,14,DF,Filip Helander,4/22/93,25,4,0,Bologna,1
Sweden,F,15,MF,Oscar Hiljemark,6/28/92,25,21,2,Genoa,1
Sweden,F,16,DF,Emil Krafth,8/2/94,23,12,0,Bologna,1
Sweden,F,17,MF,Viktor Claesson,1/2/92,26,21,3,Krasnodar,1
Sweden,F,18,DF,Pontus Jansson,2/13/91,27,15,0,Leeds United,1
Sweden,F,19,MF,Marcus Rohdén,5/11/91,27,11,1,Crotone,1
Sweden,F,20,FW,Ola Toivonen,7/3/86,31,58,13,Toulouse,1
Sweden,F,21,MF,Jimmy Durmaz,3/22/89,29,45,3,Toulouse,1
Sweden,F,22,FW,Isaac Kiese Thelin,6/24/92,25,19,2,Waasland-Beveren,1
Sweden,F,23,GK,Kristoffer Nordfeldt,6/23/89,28,8,0,Swansea City,1
Belgium,G,1,GK,Thibaut Courtois,5/11/92,26,56,0,Chelsea,1
Belgium,G,2,DF,Toby Alderweireld,3/2/89,29,72,3,Tottenham Hotspur,1
Belgium,G,3,DF,Thomas Vermaelen,11/14/85,32,64,1,Barcelona,1
Belgium,G,4,DF,Vincent Kompany,4/10/86,32,74,4,Manchester City,1
Belgium,G,5,DF,Jan Vertonghen,4/24/87,31,100,8,Tottenham Hotspur,1
Belgium,G,6,MF,Axel Witsel,1/12/89,29,85,9,Tianjin Quanjian,1
Belgium,G,7,MF,Kevin De Bruyne,6/28/91,26,57,13,Manchester City,1
Belgium,G,8,MF,Marouane Fellaini,11/22/87,30,79,16,Manchester United,1
Belgium,G,9,FW,Romelu Lukaku,5/13/93,25,64,30,Manchester United,1
Belgium,G,10,FW,Eden Hazard (captain),1/7/91,27,82,21,Chelsea,1
Belgium,G,11,MF,Yannick Carrasco,9/4/93,24,23,5,Dalian Yifang,1
Belgium,G,12,GK,Simon Mignolet,3/6/88,30,21,0,Liverpool,1
Belgium,G,13,GK,Koen Casteels,6/25/92,25,0,0,VfL Wolfsburg,1
Belgium,G,14,FW,Dries Mertens,5/6/87,31,65,13,Napoli,1
Belgium,G,15,DF,Thomas Meunier,9/12/91,26,23,5,Paris Saint-Germain,1
Belgium,G,16,MF,Thorgan Hazard,3/29/93,25,8,1,Borussia Mönchengladbach,1
Belgium,G,17,MF,Youri Tielemans,5/7/97,21,7,0,Monaco,1
Belgium,G,18,FW,Adnan Januzaj,2/5/95,23,7,0,Real Sociedad,1
Belgium,G,19,MF,Mousa Dembélé,7/16/87,30,74,5,Tottenham Hotspur,1
Belgium,G,20,DF,Dedryck Boyata,11/28/90,27,5,0,Celtic,1
Belgium,G,21,FW,Michy Batshuayi,10/2/93,24,13,5,Borussia Dortmund,1
Belgium,G,22,MF,Nacer Chadli,8/2/89,28,41,4,West Bromwich Albion,1
Belgium,G,23,DF,Leander Dendoncker,4/15/95,23,4,0,Anderlecht,1
England,G,1,GK,Jordan Pickford,3/7/94,24,3,0,Everton,1
England,G,2,DF,Kyle Walker,5/28/90,28,35,0,Manchester City,1
England,G,3,DF,Danny Rose,7/2/90,27,17,0,Tottenham Hotspur,1
England,G,4,MF,Eric Dier,1/15/94,24,26,3,Tottenham Hotspur,1
England,G,5,DF,John Stones,5/28/94,24,25,0,Manchester City,1
England,G,6,DF,Harry Maguire,3/5/93,25,4,0,Leicester City,1
England,G,7,MF,Jesse Lingard,12/15/92,25,11,1,Manchester United,1
England,G,8,MF,Jordan Henderson,6/17/90,27,38,0,Liverpool,1
England,G,9,FW,Harry Kane (captain),7/28/93,24,24,13,Tottenham Hotspur,1
England,G,10,FW,Raheem Sterling,12/8/94,23,38,2,Manchester City,1
England,G,11,FW,Jamie Vardy,1/11/87,31,21,7,Leicester City,1
England,G,12,DF,Kieran Trippier,9/19/90,27,6,0,Tottenham Hotspur,1
England,G,13,GK,Jack Butland,3/10/93,25,7,0,Stoke City,1
England,G,14,FW,Danny Welbeck,11/26/90,27,38,15,Arsenal,1
England,G,15,DF,Gary Cahill,12/19/85,32,59,5,Chelsea,1
England,G,16,DF,Phil Jones,2/21/92,26,24,0,Manchester United,1
England,G,17,DF,Fabian Delph,11/21/89,28,10,0,Manchester City,1
England,G,18,DF,Ashley Young,7/9/85,32,34,7,Manchester United,1
England,G,19,FW,Marcus Rashford,10/31/97,20,18,2,Manchester United,1
England,G,20,MF,Dele Alli,4/11/96,22,24,2,Tottenham Hotspur,1
England,G,21,MF,Ruben Loftus-Cheek,1/23/96,22,3,0,Crystal Palace,1
England,G,22,DF,Trent Alexander-Arnold,10/7/98,19,0,0,Liverpool,1
England,G,23,GK,Nick Pope,4/19/92,26,0,0,Burnley,1
Panama,G,1,GK,Jaime Penedo,9/26/81,36,130,0,Dinamo București,1
Panama,G,2,DF,Michael Amir Murillo,2/11/96,22,21,2,New York Red Bulls,1
Panama,G,3,DF,Harold Cummings,3/1/92,26,51,0,San Jose Earthquakes,1
Panama,G,4,DF,Fidel Escobar,1/9/95,23,22,1,New York Red Bulls,1
Panama,G,5,DF,Román Torres,3/20/86,32,110,10,Seattle Sounders FC,1
Panama,G,6,MF,Gabriel Gómez,5/29/84,34,143,12,Atlético Bucaramanga,1
Panama,G,7,FW,Blas Pérez,3/13/81,37,117,43,Municipal,1
Panama,G,8,MF,Édgar Bárcenas,10/23/93,24,28,0,Tapachula,1
Panama,G,9,FW,Gabriel Torres,10/31/88,29,71,14,Huachipato,1
Panama,G,10,FW,Ismael Díaz,5/12/97,21,10,2,Deportivo Fabril,1
Panama,G,11,MF,Armando Cooper,11/26/87,30,97,7,Universidad de Chile,1
Panama,G,12,GK,José Calderón,8/14/85,32,31,0,Chorrillo,1
Panama,G,13,DF,Adolfo Machado,2/14/85,33,75,1,Houston Dynamo,1
Panama,G,14,MF,Valentín Pimentel,5/30/91,27,22,1,Plaza Amador,1
Panama,G,15,DF,Erick Davis,3/31/91,27,37,0,Dunajská Streda,1
Panama,G,16,FW,Abdiel Arroyo,12/13/93,24,33,5,Alajuelense,1
Panama,G,17,DF,Luis Ovalle,9/7/88,29,25,0,Olimpia,1
Panama,G,18,FW,Luis Tejada,3/28/82,36,105,43,Sport Boys,1
Panama,G,19,MF,Alberto Quintero,12/18/87,30,89,5,Universitario,1
Panama,G,20,MF,Aníbal Godoy,2/10/90,28,88,2,San Jose Earthquakes,1
Panama,G,21,MF,José Luis Rodríguez,6/19/98,19,1,0,Gent,1
Panama,G,22,GK,Álex Rodríguez,8/5/90,27,6,0,San Francisco,1
Panama,G,23,DF,Felipe Baloy (captain),2/24/81,37,102,3,Municipal,1
Tunisia,G,1,GK,Farouk Ben Mustapha,7/1/89,28,15,0,Al-Shabab,1
Tunisia,G,2,DF,Syam Ben Youssef,3/31/89,29,41,1,Kasımpaşa,1
Tunisia,G,3,DF,Yohan Benalouane,3/28/87,31,3,0,Leicester City,1
Tunisia,G,4,DF,Yassine Meriah,7/2/93,24,15,1,CS Sfaxien,1
Tunisia,G,5,DF,Oussama Haddadi,1/28/92,26,8,0,Dijon,1
Tunisia,G,6,DF,Rami Bedoui,1/19/90,28,8,0,Étoile du Sahel,1
Tunisia,G,7,FW,Saîf-Eddine Khaoui,4/27/95,23,4,0,Troyes,1
Tunisia,G,8,FW,Fakhreddine Ben Youssef,6/23/91,26,38,5,Al-Ettifaq,1
Tunisia,G,9,MF,Anice Badri,9/18/90,27,6,2,Espérance,1
Tunisia,G,10,FW,Wahbi Khazri,2/8/91,27,35,12,Rennes,1
Tunisia,G,11,DF,Dylan Bronn,6/19/95,22,4,0,Gent,1
Tunisia,G,12,DF,Ali Maâloul,1/1/90,28,45,0,Al Ahly,1
Tunisia,G,13,MF,Ferjani Sassi,3/18/92,26,38,3,Al-Nassr,1
Tunisia,G,14,MF,Mohamed Amine Ben Amor,5/3/92,26,25,1,Al-Ahli,1
Tunisia,G,15,FW,Ahmed Khalil,12/21/94,23,3,0,Club Africain,1
Tunisia,G,16,GK,Aymen Mathlouthi (captain),9/14/84,33,69,0,Al-Batin,1
Tunisia,G,17,MF,Ellyes Skhiri,5/10/95,23,4,0,Montpellier,1
Tunisia,G,18,FW,Bassem Srarfi,6/25/97,20,4,0,Nice,1
Tunisia,G,19,FW,Saber Khalifa,10/14/86,31,43,7,Club Africain,1
Tunisia,G,20,FW,Ghailene Chaalali,2/28/94,24,6,1,Espérance,1
Tunisia,G,21,DF,Hamdi Nagguez,10/28/92,25,15,0,Zamalek,1
Tunisia,G,22,GK,Mouez Hassen,3/5/95,23,3,0,Châteauroux,1
Tunisia,G,23,FW,Naïm Sliti,7/27/92,25,16,3,Dijon,1
Colombia,H,1,GK,David Ospina,8/31/88,29,86,0,Arsenal,1
Colombia,H,2,DF,Cristián Zapata,9/30/86,31,55,2,Milan,1
Colombia,H,3,DF,Óscar Murillo,4/18/88,30,13,0,Pachuca,1
Colombia,H,4,DF,Santiago Arias,1/13/92,26,41,0,PSV Eindhoven,1
Colombia,H,5,MF,Wílmar Barrios,10/16/93,24,10,0,Boca Juniors,1
Colombia,H,6,MF,Carlos Sánchez,2/6/86,32,85,0,Espanyol,1
Colombia,H,7,FW,Carlos Bacca,9/8/86,31,45,14,Villarreal,1
Colombia,H,8,MF,Abel Aguilar,1/6/85,33,70,7,Deportivo Cali,1
Colombia,H,9,FW,Radamel Falcao (captain),2/10/86,32,73,29,Monaco,1
Colombia,H,10,MF,James Rodríguez,7/12/91,26,63,21,Bayern Munich,1
Colombia,H,11,MF,Juan Cuadrado,5/26/88,30,70,7,Juventus,1
Colombia,H,12,GK,Camilo Vargas,3/9/89,29,5,0,Deportivo Cali,1
Colombia,H,13,DF,Yerry Mina,9/23/94,23,12,3,Barcelona,1
Colombia,H,14,FW,Luis Muriel,4/16/91,27,18,2,Sevilla,1
Colombia,H,15,MF,Mateus Uribe,3/21/91,27,8,0,América,1
Colombia,H,16,MF,Jefferson Lerma,10/25/94,23,5,0,Levante,1
Colombia,H,17,DF,Johan Mojica,8/21/92,25,4,1,Girona,1
Colombia,H,18,DF,Frank Fabra,2/22/91,27,19,1,Boca Juniors,1
Colombia,H,19,FW,Miguel Borja,1/26/93,25,7,2,Palmeiras,1
Colombia,H,20,MF,Juan Fernando Quintero,1/18/93,25,15,2,River Plate,1
Colombia,H,21,FW,José Izquierdo,7/7/92,25,5,1,Brighton & Hove Albion,1
Colombia,H,22,GK,José Fernando Cuadrado,6/1/85,33,1,0,Once Caldas,1
Colombia,H,23,DF,Dávinson Sánchez,6/12/96,21,9,0,Tottenham Hotspur,1
Japan,H,1,GK,Eiji Kawashima,3/20/83,35,83,0,Metz,1
Japan,H,2,DF,Naomichi Ueda,10/24/94,23,3,0,Kashima Antlers,1
Japan,H,3,DF,Gen Shoji,12/11/92,25,10,1,Kashima Antlers,1
Japan,H,4,MF,Keisuke Honda,6/13/86,31,94,36,Pachuca,1
Japan,H,5,DF,Yuto Nagatomo,9/12/86,31,104,3,Galatasaray,1
Japan,H,6,DF,Wataru Endo,2/9/93,25,11,0,Urawa Red Diamonds,1
Japan,H,7,MF,Gaku Shibasaki,5/28/92,26,16,3,Getafe,1
Japan,H,8,MF,Genki Haraguchi,5/9/91,27,31,6,Fortuna Düsseldorf,1
Japan,H,9,FW,Shinji Okazaki,4/16/86,32,112,50,Leicester City,1
Japan,H,10,MF,Shinji Kagawa,3/17/89,29,90,29,Borussia Dortmund,1
Japan,H,11,MF,Takashi Usami,5/6/92,26,22,3,Fortuna Düsseldorf,1
Japan,H,12,GK,Masaaki Higashiguchi,5/12/86,32,4,0,Gamba Osaka,1
Japan,H,13,FW,Yoshinori Mutō,7/15/92,25,22,2,Mainz 05,1
Japan,H,14,MF,Takashi Inui,6/2/88,30,25,2,Eibar,1
Japan,H,15,FW,Yuya Osako,5/18/90,28,27,7,1. FC Köln,1
Japan,H,16,MF,Hotaru Yamaguchi,10/6/90,27,41,2,Cerezo Osaka,1
Japan,H,17,MF,Makoto Hasebe (captain),1/18/84,34,109,2,Eintracht Frankfurt,1
Japan,H,18,MF,Ryota Oshima,1/23/93,25,4,0,Kawasaki Frontale,1
Japan,H,19,DF,Hiroki Sakai,4/12/90,28,41,0,Marseille,1
Japan,H,20,DF,Tomoaki Makino,5/11/87,31,31,4,Urawa Red Diamonds,1
Japan,H,21,DF,Gōtoku Sakai,3/14/91,27,39,0,Hamburger SV,1
Japan,H,22,DF,Maya Yoshida,8/24/88,29,81,10,Southampton,1
Japan,H,23,GK,Kosuke Nakamura,2/27/95,23,3,0,Kashiwa Reysol,1
Poland,H,1,GK,Wojciech Szczęsny,4/18/90,28,33,0,Juventus,1
Poland,H,2,DF,Michał Pazdan,9/21/87,30,31,0,Legia Warsaw,1
Poland,H,3,DF,Artur Jędrzejczyk,11/4/87,30,35,3,Legia Warsaw,1
Poland,H,4,DF,Thiago Cionek,4/21/86,32,17,0,SPAL,1
Poland,H,5,DF,Jan Bednarek,4/12/96,22,1,0,Southampton,1
Poland,H,6,MF,Jacek Góralski,9/21/92,25,3,0,Ludogorets Razgrad,1
Poland,H,7,FW,Arkadiusz Milik,2/28/94,24,38,12,Napoli,1
Poland,H,8,MF,Karol Linetty,2/2/95,23,19,1,Sampdoria,1
Poland,H,9,FW,Robert Lewandowski (captain),8/21/88,29,93,52,Bayern Munich,1
Poland,H,10,MF,Grzegorz Krychowiak,1/29/90,28,49,2,West Bromwich Albion,1
Poland,H,11,MF,Kamil Grosicki,6/8/88,29,56,12,Hull City,1
Poland,H,12,GK,Bartosz Białkowski,7/6/87,30,1,0,Ipswich Town,1
Poland,H,13,MF,Maciej Rybus,8/19/89,28,49,2,Lokomotiv Moscow,1
Poland,H,14,FW,Łukasz Teodorczyk,6/3/91,27,15,4,Anderlecht,1
Poland,H,15,DF,Kamil Glik,2/3/88,30,57,4,Monaco,1
Poland,H,16,MF,Jakub Błaszczykowski,12/14/85,32,97,19,VfL Wolfsburg,1
Poland,H,17,MF,Sławomir Peszko,2/19/85,33,43,2,Lechia Gdańsk,1
Poland,H,18,DF,Bartosz Bereszyński,7/12/92,25,6,0,Sampdoria,1
Poland,H,19,MF,Piotr Zieliński,5/20/94,24,31,4,Napoli,1
Poland,H,20,DF,Łukasz Piszczek,6/3/85,33,61,3,Borussia Dortmund,1
Poland,H,21,MF,Rafał Kurzawa,1/29/93,25,3,0,Górnik Zabrze,1
Poland,H,22,GK,Łukasz Fabiański,4/18/85,33,43,0,Swansea City,1
Poland,H,23,FW,Dawid Kownacki,3/14/97,21,1,0,Sampdoria,1
Senegal,H,1,GK,Abdoulaye Diallo,3/30/92,26,16,0,Rennes,1
Senegal,H,2,DF,Saliou Ciss,6/15/89,28,18,0,Valenciennes,1
Senegal,H,3,DF,Kalidou Koulibaly,6/20/91,26,24,0,Napoli,1
Senegal,H,4,DF,Kara Mbodji,11/22/89,28,51,5,Anderlecht,1
Senegal,H,5,MF,Idrissa Gueye,9/26/89,28,59,1,Everton,1
Senegal,H,6,MF,Salif Sané,8/25/90,27,20,0,Hannover 96,1
Senegal,H,7,FW,Moussa Sow,1/19/86,32,50,18,Bursaspor,1
Senegal,H,8,MF,Cheikhou Kouyaté (captain),12/21/89,28,47,2,West Ham United,1
Senegal,H,9,FW,Mame Biram Diouf,12/16/87,30,47,10,Stoke City,1
Senegal,H,10,FW,Sadio Mané,4/10/92,26,51,14,Liverpool,1
Senegal,H,11,MF,Cheikh N'Doye,3/29/86,32,24,3,Birmingham City,1
Senegal,H,12,DF,Youssouf Sabaly,3/5/93,25,3,0,Bordeaux,1
Senegal,H,13,MF,Alfred N'Diaye,3/6/90,28,19,0,Wolverhampton Wanderers,1
Senegal,H,14,FW,Moussa Konaté,4/3/93,25,27,9,Amiens,1
Senegal,H,15,FW,Diafra Sakho,12/24/89,28,10,3,Rennes,1
Senegal,H,16,GK,Khadim N'Diaye,4/5/85,33,25,0,Horoya,1
Senegal,H,17,MF,Badou Ndiaye,10/27/90,27,18,1,Stoke City,1
Senegal,H,18,FW,Ismaïla Sarr,2/25/98,20,14,2,Rennes,1
Senegal,H,19,FW,M'Baye Niang,12/19/94,23,5,0,Torino,1
Senegal,H,20,FW,Keita Baldé,3/8/95,23,17,3,Monaco,1
Senegal,H,21,DF,Lamine Gassama,10/20/89,28,35,0,Alanyaspor,1
Senegal,H,22,DF,Moussa Wagué,10/4/98,19,9,0,Eupen,1
Senegal,H,23,GK,Alfred Gomis,9/5/93,24,1,0,SPAL,1