,index,Unnamed: 0,home,away,league,game_id,season,temp,weather_desc,date
0,0,0,Arsenal,Leicester City,FA_Premier_League,0,2017-2018,11C,Clear,11-Aug-17
1,1,1,Watford,Liverpool,FA_Premier_League,1,2017-2018,16C,Cloudy,12-Aug-17
2,2,2,Chelsea,Burnley,FA_Premier_League,2,2017-2018,17C,Cloudy,12-Aug-17
3,3,3,Crystal Palace,Huddersfield Town,FA_Premier_League,3,2017-2018,21C,Cloudy,12-Aug-17
4,4,4,Everton,Stoke City,FA_Premier_League,4,2017-2018,15C,Cloudy,12-Aug-17
5,5,5,Southampton,Swansea City,FA_Premier_League,5,2017-2018,16C,Cloudy,12-Aug-17
6,6,6,West Bromwich Albion,Bournemouth,FA_Premier_League,6,2017-2018,14C,Cloudy,12-Aug-17
7,7,7,Brighton & Hove Albion,Manchester City,FA_Premier_League,7,2017-2018,16C,Cloudy,12-Aug-17
8,8,8,Newcastle United,Tottenham Hotspur,FA_Premier_League,8,2017-2018,9C,Clear,13-Aug-17
9,9,9,Manchester United,West Ham United,FA_Premier_League,9,2017-2018,10C,Cloudy,13-Aug-17
10,10,10,Swansea City,Manchester United,FA_Premier_League,10,2017-2018,12C,Cloudy,19-Aug-17
11,11,11,Bournemouth,Watford,FA_Premier_League,11,2017-2018,14C,Breezy,19-Aug-17
12,12,12,Burnley,West Bromwich Albion,FA_Premier_League,12,2017-2018,11C,Showers,19-Aug-17
13,13,13,Leicester City,Brighton & Hove Albion,FA_Premier_League,13,2017-2018,12C,Cloudy,19-Aug-17
14,14,14,Liverpool,Crystal Palace,FA_Premier_League,14,2017-2018,13C,Cloudy,19-Aug-17
15,15,15,Southampton,West Ham United,FA_Premier_League,15,2017-2018,14C,Sunny,19-Aug-17
16,16,16,Stoke City,Arsenal,FA_Premier_League,16,2017-2018,11C,Showers,19-Aug-17
17,17,17,Huddersfield Town,Newcastle United,FA_Premier_League,17,2017-2018,9C,Cloudy,20-Aug-17
18,18,18,Tottenham Hotspur,Chelsea,FA_Premier_League,18,2017-2018,10C,Cloudy,20-Aug-17
19,19,19,Manchester City,Everton,FA_Premier_League,19,2017-2018,13C,Cloudy,21-Aug-17
20,20,20,Bournemouth,Manchester City,FA_Premier_League,20,2017-2018,13C,Cloudy,26-Aug-17
21,21,21,Crystal Palace,Swansea City,FA_Premier_League,21,2017-2018,16C,Cloudy,26-Aug-17
22,22,22,Huddersfield Town,Southampton,FA_Premier_League,22,2017-2018,11C,Clear,26-Aug-17
23,23,23,Newcastle United,West Ham United,FA_Premier_League,23,2017-2018,13C,Cloudy,26-Aug-17
24,24,24,Watford,Brighton & Hove Albion,FA_Premier_League,24,2017-2018,12C,Cloudy,26-Aug-17
25,26,1,Manchester United,Leicester City,FA_Premier_League,25,2017-2018,15C,Cloudy,26-Aug-17
26,27,2,Chelsea,Everton,FA_Premier_League,26,2017-2018,15C,Cloudy,27-Aug-17
27,28,3,West Bromwich Albion,Stoke City,FA_Premier_League,27,2017-2018,17C,Cloudy,27-Aug-17
28,29,4,Liverpool,Arsenal,FA_Premier_League,28,2017-2018,13C,Cloudy,27-Aug-17
29,30,5,Tottenham Hotspur,Burnley,FA_Premier_League,29,2017-2018,16C,Cloudy,27-Aug-17
30,31,6,Manchester City,Liverpool,FA_Premier_League,30,2017-2018,11C,Showers,09-Sep-17
31,32,7,Arsenal,Bournemouth,FA_Premier_League,31,2017-2018,11C,Cloudy,09-Sep-17
32,33,8,Brighton & Hove Albion,West Bromwich Albion,FA_Premier_League,32,2017-2018,10C,Clear,09-Sep-17
33,34,9,Everton,Tottenham Hotspur,FA_Premier_League,33,2017-2018,12C,Showers,09-Sep-17
34,35,10,Leicester City,Chelsea,FA_Premier_League,34,2017-2018,10C,Cloudy,09-Sep-17
35,36,11,Southampton,Watford,FA_Premier_League,35,2017-2018,12C,Sunny,09-Sep-17
36,37,12,Stoke City,Manchester United,FA_Premier_League,36,2017-2018,10C,Showers,09-Sep-17
37,38,13,Burnley,Crystal Palace,FA_Premier_League,37,2017-2018,11C,Showers,10-Sep-17
38,39,14,Swansea City,Newcastle United,FA_Premier_League,38,2017-2018,11C,Cloudy,10-Sep-17
39,40,15,West Ham United,Huddersfield Town,FA_Premier_League,39,2017-2018,15C,Cloudy,11-Sep-17
40,41,0,Bournemouth,Brighton & Hove Albion,FA_Premier_League,40,2017-2018,9C,Cloudy,15-Sep-17
41,42,1,Crystal Palace,Southampton,FA_Premier_League,41,2017-2018,8C,Cloudy,16-Sep-17
42,43,2,Huddersfield Town,Leicester City,FA_Premier_League,42,2017-2018,8C,Cloudy,16-Sep-17
43,44,3,Liverpool,Burnley,FA_Premier_League,43,2017-2018,11C,Cloudy,16-Sep-17
44,45,4,Newcastle United,Stoke City,FA_Premier_League,44,2017-2018,10C,Showers,16-Sep-17
45,46,5,Watford,Manchester City,FA_Premier_League,45,2017-2018,8C,Cloudy,16-Sep-17
46,47,6,West Bromwich Albion,West Ham United,FA_Premier_League,46,2017-2018,10C,Cloudy,16-Sep-17
47,48,7,Tottenham Hotspur,Swansea City,FA_Premier_League,47,2017-2018,9C,Cloudy,16-Sep-17
48,49,8,Chelsea,Arsenal,FA_Premier_League,48,2017-2018,8C,Cloudy,17-Sep-17
49,50,9,Manchester United,Everton,FA_Premier_League,49,2017-2018,9C,Showers,17-Sep-17
50,51,10,West Ham United,Tottenham Hotspur,FA_Premier_League,50,2017-2018,13C,Cloudy,23-Sep-17
51,52,11,Burnley,Huddersfield Town,FA_Premier_League,51,2017-2018,11C,Cloudy,23-Sep-17
52,53,12,Everton,Bournemouth,FA_Premier_League,52,2017-2018,13C,Cloudy,23-Sep-17
53,54,13,Manchester City,Crystal Palace,FA_Premier_League,53,2017-2018,12C,Cloudy,23-Sep-17
54,55,14,Southampton,Manchester United,FA_Premier_League,54,2017-2018,13C,Showers,23-Sep-17
55,56,15,Stoke City,Chelsea,FA_Premier_League,55,2017-2018,12C,Cloudy,23-Sep-17
56,57,16,Swansea City,Watford,FA_Premier_League,56,2017-2018,15C,Showers,23-Sep-17
57,58,17,Leicester City,Liverpool,FA_Premier_League,57,2017-2018,13C,Cloudy,23-Sep-17
58,59,18,Brighton & Hove Albion,Newcastle United,FA_Premier_League,58,2017-2018,11C,Cloudy,24-Sep-17
59,60,19,Arsenal,West Bromwich Albion,FA_Premier_League,59,2017-2018,15C,Showers,25-Sep-17
60,61,20,Huddersfield Town,Tottenham Hotspur,FA_Premier_League,60,2017-2018,9C,Cloudy,30-Sep-17
61,62,21,Bournemouth,Leicester City,FA_Premier_League,61,2017-2018,12C,Cloudy,30-Sep-17
62,63,22,Manchester United,Crystal Palace,FA_Premier_League,62,2017-2018,10C,Showers,30-Sep-17
63,64,23,Stoke City,Southampton,FA_Premier_League,63,2017-2018,8C,Cloudy,30-Sep-17
64,65,24,West Bromwich Albion,Watford,FA_Premier_League,64,2017-2018,8C,Cloudy,30-Sep-17
65,66,25,West Ham United,Swansea City,FA_Premier_League,65,2017-2018,12C,Cloudy,30-Sep-17
66,67,26,Chelsea,Manchester City,FA_Premier_League,66,2017-2018,12C,Cloudy,30-Sep-17
67,68,27,Arsenal,Brighton & Hove Albion,FA_Premier_League,67,2017-2018,15C,Showers,01-Oct-17
68,69,28,Everton,Burnley,FA_Premier_League,68,2017-2018,13C,Showers,01-Oct-17
69,70,29,Newcastle United,Liverpool,FA_Premier_League,69,2017-2018,11C,Showers,01-Oct-17
70,71,30,Liverpool,Manchester United,FA_Premier_League,70,2017-2018,17C,Cloudy,14-Oct-17
71,72,0,Burnley,West Ham United,FA_Premier_League,71,2017-2018,15C,Rain,14-Oct-17
72,73,1,Crystal Palace,Chelsea,FA_Premier_League,72,2017-2018,16C,Cloudy,14-Oct-17
73,74,2,Manchester City,Stoke City,FA_Premier_League,73,2017-2018,17C,Cloudy,14-Oct-17
74,75,3,Swansea City,Huddersfield Town,FA_Premier_League,74,2017-2018,15C,Cloudy,14-Oct-17
75,76,4,Tottenham Hotspur,Bournemouth,FA_Premier_League,75,2017-2018,16C,Cloudy,14-Oct-17
76,77,5,Watford,Arsenal,FA_Premier_League,76,2017-2018,16C,Cloudy,14-Oct-17
77,78,6,Brighton & Hove Albion,Everton,FA_Premier_League,77,2017-2018,14C,Clear,15-Oct-17
78,79,7,Southampton,Newcastle United,FA_Premier_League,78,2017-2018,14C,Cloudy,15-Oct-17
79,80,8,Leicester City,West Bromwich Albion,FA_Premier_League,79,2017-2018,15C,Showers,16-Oct-17
80,81,9,West Ham United,Brighton & Hove Albion,FA_Premier_League,80,2017-2018,13C,Cloudy,20-Oct-17
81,82,10,Chelsea,Watford,FA_Premier_League,81,2017-2018,13C,Clear,21-Oct-17
82,83,11,Huddersfield Town,Manchester United,FA_Premier_League,82,2017-2018,11C,Cloudy,21-Oct-17
83,84,12,Manchester City,Burnley,FA_Premier_League,83,2017-2018,12C,Showers,21-Oct-17
84,85,13,Newcastle United,Crystal Palace,FA_Premier_League,84,2017-2018,10C,Showers,21-Oct-17
85,86,14,Stoke City,Bournemouth,FA_Premier_League,85,2017-2018,11C,Showers,21-Oct-17
86,87,15,Swansea City,Leicester City,FA_Premier_League,86,2017-2018,12C,Rain,21-Oct-17
87,88,16,Southampton,West Bromwich Albion,FA_Premier_League,87,2017-2018,13C,Showers,21-Oct-17
88,89,17,Everton,Arsenal,FA_Premier_League,88,2017-2018,10C,Showers,22-Oct-17
89,90,18,Tottenham Hotspur,Liverpool,FA_Premier_League,89,2017-2018,10C,Cloudy,22-Oct-17
90,91,19,Manchester United,Tottenham Hotspur,FA_Premier_League,90,2017-2018,9C,Cloudy,28-Oct-17
91,92,20,Arsenal,Swansea City,FA_Premier_League,91,2017-2018,6C,Cloudy,28-Oct-17
92,93,21,Crystal Palace,West Ham United,FA_Premier_League,92,2017-2018,13C,Cloudy,28-Oct-17
93,94,22,Liverpool,Huddersfield Town,FA_Premier_League,93,2017-2018,12C,Cloudy,28-Oct-17
94,95,23,Watford,Stoke City,FA_Premier_League,94,2017-2018,5C,Cloudy,28-Oct-17
95,96,24,West Bromwich Albion,Manchester City,FA_Premier_League,95,2017-2018,7C,Cloudy,28-Oct-17
96,97,25,Bournemouth,Chelsea,FA_Premier_League,96,2017-2018,6C,Clear,28-Oct-17
97,98,26,Brighton & Hove Albion,Southampton,FA_Premier_League,97,2017-2018,13C,Cloudy,29-Oct-17
98,99,27,Leicester City,Everton,FA_Premier_League,98,2017-2018,12C,Showers,29-Oct-17
99,100,28,Burnley,Newcastle United,FA_Premier_League,99,2017-2018,0C,Cloudy,30-Oct-17
100,101,0,Stoke City,Leicester City,FA_Premier_League,100,2017-2018,10C,Showers,04-Nov-17
101,102,1,Huddersfield Town,West Bromwich Albion,FA_Premier_League,101,2017-2018,6C,Showers,04-Nov-17
102,103,2,Newcastle United,Bournemouth,FA_Premier_League,102,2017-2018,9C,Showers,04-Nov-17
103,104,3,Southampton,Burnley,FA_Premier_League,103,2017-2018,12C,Showers,04-Nov-17
104,105,4,Swansea City,Brighton & Hove Albion,FA_Premier_League,104,2017-2018,9C,Cloudy,04-Nov-17
105,106,5,West Ham United,Liverpool,FA_Premier_League,105,2017-2018,12C,Showers,04-Nov-17
106,107,6,Tottenham Hotspur,Crystal Palace,FA_Premier_League,106,2017-2018,4C,Showers,05-Nov-17
107,108,7,Manchester City,Arsenal,FA_Premier_League,107,2017-2018,4C,Showers,05-Nov-17
108,109,8,Chelsea,Manchester United,FA_Premier_League,108,2017-2018,4C,Cloudy,05-Nov-17
109,110,9,Everton,Watford,FA_Premier_League,109,2017-2018,7C,Showers,05-Nov-17
110,111,10,Arsenal,Tottenham Hotspur,FA_Premier_League,110,2017-2018,4C,Cloudy,18-Nov-17
111,112,11,Bournemouth,Huddersfield Town,FA_Premier_League,111,2017-2018,6C,Cloudy,18-Nov-17
112,113,12,Burnley,Swansea City,FA_Premier_League,112,2017-2018,7C,Breezy,18-Nov-17
113,114,13,Crystal Palace,Everton,FA_Premier_League,113,2017-2018,8C,Cloudy,18-Nov-17
114,115,14,Leicester City,Manchester City,FA_Premier_League,114,2017-2018,5C,Cloudy,18-Nov-17
115,116,15,Liverpool,Southampton,FA_Premier_League,115,2017-2018,8C,Cloudy,18-Nov-17
116,117,16,West Bromwich Albion,Chelsea,FA_Premier_League,116,2017-2018,5C,Cloudy,18-Nov-17
117,118,17,Manchester United,Newcastle United,FA_Premier_League,117,2017-2018,6C,Cloudy,18-Nov-17
118,119,18,Watford,West Ham United,FA_Premier_League,118,2017-2018,2C,Cloudy,19-Nov-17
119,120,19,Brighton & Hove Albion,Stoke City,FA_Premier_League,119,2017-2018,11C,Cloudy,20-Nov-17
120,121,20,West Ham United,Leicester City,FA_Premier_League,120,2017-2018,7C,Cloudy,24-Nov-17
121,122,21,Crystal Palace,Stoke City,FA_Premier_League,121,2017-2018,0C,Cloudy,25-Nov-17
122,123,22,Manchester United,Brighton & Hove Albion,FA_Premier_League,122,2017-2018,1C,Cloudy,25-Nov-17
123,124,23,Newcastle United,Watford,FA_Premier_League,123,2017-2018,1C,Cloudy,25-Nov-17
124,125,24,Swansea City,Bournemouth,FA_Premier_League,124,2017-2018,1C,Clear,25-Nov-17
125,126,25,Tottenham Hotspur,West Bromwich Albion,FA_Premier_League,125,2017-2018,0C,Cloudy,25-Nov-17
126,127,26,Liverpool,Chelsea,FA_Premier_League,126,2017-2018,6C,Showers,25-Nov-17
127,128,27,Southampton,Everton,FA_Premier_League,127,2017-2018,3C,Clear,26-Nov-17
128,129,28,Burnley,Arsenal,FA_Premier_League,128,2017-2018,3C,Cloudy,26-Nov-17
129,130,29,Huddersfield Town,Manchester City,FA_Premier_League,129,2017-2018,3C,Cloudy,26-Nov-17
130,132,0,Leicester City,Tottenham Hotspur,FA_Premier_League,130,2017-2018,3C,Cloudy,28-Nov-17
131,133,1,Watford,Manchester United,FA_Premier_League,131,2017-2018,3C,Cloudy,28-Nov-17
132,134,2,West Bromwich Albion,Newcastle United,FA_Premier_League,132,2017-2018,4C,Cloudy,28-Nov-17
133,135,3,Arsenal,Huddersfield Town,FA_Premier_League,133,2017-2018,2C,Cloudy,29-Nov-17
134,136,4,Bournemouth,Burnley,FA_Premier_League,134,2017-2018,1C,Cloudy,29-Nov-17
135,137,5,Chelsea,Swansea City,FA_Premier_League,135,2017-2018,5C,Cloudy,29-Nov-17
136,138,6,Everton,West Ham United,FA_Premier_League,136,2017-2018,4C,Cloudy,29-Nov-17
137,139,7,Manchester City,Southampton,FA_Premier_League,137,2017-2018,2C,Cloudy,29-Nov-17
138,140,8,Stoke City,Liverpool,FA_Premier_League,138,2017-2018,2C,Cloudy,29-Nov-17
139,141,9,Chelsea,Newcastle United,FA_Premier_League,139,2017-2018,3C,Cloudy,02-Dec-17
140,142,10,Brighton & Hove Albion,Liverpool,FA_Premier_League,140,2017-2018,2C,Cloudy,02-Dec-17
141,143,11,Everton,Huddersfield Town,FA_Premier_League,141,2017-2018,8C,Cloudy,02-Dec-17
142,144,12,Leicester City,Burnley,FA_Premier_League,142,2017-2018,2C,Cloudy,02-Dec-17
143,145,13,Stoke City,Swansea City,FA_Premier_League,143,2017-2018,3C,Cloudy,02-Dec-17
144,146,14,Watford,Tottenham Hotspur,FA_Premier_League,144,2017-2018,2C,Cloudy,02-Dec-17
145,147,15,West Bromwich Albion,Crystal Palace,FA_Premier_League,145,2017-2018,3C,Cloudy,02-Dec-17
146,148,16,Arsenal,Manchester United,FA_Premier_League,146,2017-2018,3C,Cloudy,02-Dec-17
147,149,17,Bournemouth,Southampton,FA_Premier_League,147,2017-2018,7C,Cloudy,03-Dec-17
148,150,18,Manchester City,West Ham United,FA_Premier_League,148,2017-2018,8C,Cloudy,03-Dec-17
149,151,19,West Ham United,Chelsea,FA_Premier_League,149,2017-2018,0C,Clear,09-Dec-17
150,152,20,Burnley,Watford,FA_Premier_League,150,2017-2018,-2C,Cloudy,09-Dec-17
151,153,21,Crystal Palace,Bournemouth,FA_Premier_League,151,2017-2018,0C,Clear,09-Dec-17
152,154,22,Huddersfield Town,Brighton & Hove Albion,FA_Premier_League,152,2017-2018,0C,Cloudy,09-Dec-17
153,155,23,Swansea City,West Bromwich Albion,FA_Premier_League,153,2017-2018,0C,Cloudy,09-Dec-17
154,156,24,Tottenham Hotspur,Stoke City,FA_Premier_League,154,2017-2018,0C,Sunny,09-Dec-17
155,157,25,Newcastle United,Leicester City,FA_Premier_League,155,2017-2018,0C,Cloudy,09-Dec-17
156,158,26,Southampton,Arsenal,FA_Premier_League,156,2017-2018,6C,Rain,10-Dec-17
157,159,27,Liverpool,Everton,FA_Premier_League,157,2017-2018,1C,Cloudy,10-Dec-17
158,160,28,Manchester United,Manchester City,FA_Premier_League,158,2017-2018,0C,Cloudy,10-Dec-17
159,161,29,Burnley,Stoke City,FA_Premier_League,159,2017-2018,-2C,Cloudy,12-Dec-17
160,162,30,Huddersfield Town,Chelsea,FA_Premier_League,160,2017-2018,-1C,Clear,12-Dec-17
161,163,31,Crystal Palace,Watford,FA_Premier_League,161,2017-2018,-1C,Clear,12-Dec-17
162,164,32,Swansea City,Manchester City,FA_Premier_League,162,2017-2018,7C,Rain,13-Dec-17
163,165,33,Newcastle United,Everton,FA_Premier_League,163,2017-2018,5C,Cloudy,13-Dec-17
164,166,34,Southampton,Leicester City,FA_Premier_League,164,2017-2018,7C,Showers,13-Dec-17
165,167,35,West Ham United,Arsenal,FA_Premier_League,165,2017-2018,6C,Cloudy,13-Dec-17
166,168,36,Manchester United,Bournemouth,FA_Premier_League,166,2017-2018,5C,Showers,13-Dec-17
167,169,37,Liverpool,West Bromwich Albion,FA_Premier_League,167,2017-2018,6C,Cloudy,13-Dec-17
168,170,38,Tottenham Hotspur,Brighton & Hove Albion,FA_Premier_League,168,2017-2018,5C,Showers,13-Dec-17
169,171,39,Leicester City,Crystal Palace,FA_Premier_League,169,2017-2018,-1C,Clear,16-Dec-17
170,172,40,Arsenal,Newcastle United,FA_Premier_League,170,2017-2018,0C,Clear,16-Dec-17
171,173,41,Brighton & Hove Albion,Burnley,FA_Premier_League,171,2017-2018,1C,Clear,16-Dec-17
172,174,0,Chelsea,Southampton,FA_Premier_League,172,2017-2018,0C,Cloudy,16-Dec-17
173,175,1,Stoke City,West Ham United,FA_Premier_League,173,2017-2018,-1C,Cloudy,16-Dec-17
174,176,2,Watford,Huddersfield Town,FA_Premier_League,174,2017-2018,-1C,Cloudy,16-Dec-17
175,177,3,Manchester City,Tottenham Hotspur,FA_Premier_League,175,2017-2018,-1C,Cloudy,16-Dec-17
176,178,4,West Bromwich Albion,Manchester United,FA_Premier_League,176,2017-2018,1C,Cloudy,17-Dec-17
177,179,5,Bournemouth,Liverpool,FA_Premier_League,177,2017-2018,1C,Cloudy,17-Dec-17
178,180,6,Everton,Swansea City,FA_Premier_League,178,2017-2018,5C,Cloudy,18-Dec-17
179,181,7,Arsenal,Liverpool,FA_Premier_League,179,2017-2018,9C,Cloudy,22-Dec-17
180,182,8,Everton,Chelsea,FA_Premier_League,180,2017-2018,7C,Cloudy,23-Dec-17
181,183,9,Brighton & Hove Albion,Watford,FA_Premier_League,181,2017-2018,9C,Cloudy,23-Dec-17
182,184,10,Manchester City,Bournemouth,FA_Premier_League,182,2017-2018,8C,Cloudy,23-Dec-17
183,185,11,Southampton,Huddersfield Town,FA_Premier_League,183,2017-2018,8C,Cloudy,23-Dec-17
184,186,12,Stoke City,West Bromwich Albion,FA_Premier_League,184,2017-2018,6C,Cloudy,23-Dec-17
185,187,13,Swansea City,Crystal Palace,FA_Premier_League,185,2017-2018,8C,Cloudy,23-Dec-17
186,188,14,West Ham United,Newcastle United,FA_Premier_League,186,2017-2018,10C,Cloudy,23-Dec-17
187,189,15,Burnley,Tottenham Hotspur,FA_Premier_League,187,2017-2018,6C,Cloudy,23-Dec-17
188,190,16,Leicester City,Manchester United,FA_Premier_League,188,2017-2018,7C,Cloudy,23-Dec-17
189,191,17,Tottenham Hotspur,Southampton,FA_Premier_League,189,2017-2018,3C,Cloudy,26-Dec-17
190,192,18,Bournemouth,West Ham United,FA_Premier_League,190,2017-2018,5C,Breezy,26-Dec-17
191,193,19,Chelsea,Brighton & Hove Albion,FA_Premier_League,191,2017-2018,3C,Clear,26-Dec-17
192,194,20,Huddersfield Town,Stoke City,FA_Premier_League,192,2017-2018,2C,Cloudy,26-Dec-17
193,195,21,Manchester United,Burnley,FA_Premier_League,193,2017-2018,3C,Showers,26-Dec-17
194,196,22,Watford,Leicester City,FA_Premier_League,194,2017-2018,3C,Clear,26-Dec-17
195,197,23,West Bromwich Albion,Everton,FA_Premier_League,195,2017-2018,4C,Cloudy,26-Dec-17
196,198,24,Liverpool,Swansea City,FA_Premier_League,196,2017-2018,4C,Showers,26-Dec-17
197,199,25,Newcastle United,Manchester City,FA_Premier_League,197,2017-2018,0C,Cloudy,27-Dec-17
198,200,26,Crystal Palace,Arsenal,FA_Premier_League,198,2017-2018,0C,Clear,28-Dec-17
199,201,27,Bournemouth,Everton,FA_Premier_League,199,2017-2018,13C,Breezy,30-Dec-17
200,202,28,Chelsea,Stoke City,FA_Premier_League,200,2017-2018,8C,Cloudy,30-Dec-17
201,203,29,Huddersfield Town,Burnley,FA_Premier_League,201,2017-2018,2C,Cloudy,30-Dec-17
202,204,30,Liverpool,Leicester City,FA_Premier_League,202,2017-2018,3C,Cloudy,30-Dec-17
203,205,31,Newcastle United,Brighton & Hove Albion,FA_Premier_League,203,2017-2018,1C,Rain,30-Dec-17
204,206,32,Watford,Swansea City,FA_Premier_League,204,2017-2018,7C,Cloudy,30-Dec-17
205,207,33,Manchester United,Southampton,FA_Premier_League,205,2017-2018,3C,Cloudy,30-Dec-17
206,208,34,Crystal Palace,Manchester City,FA_Premier_League,206,2017-2018,12C,Cloudy,31-Dec-17
207,209,35,West Bromwich Albion,Arsenal,FA_Premier_League,207,2017-2018,11C,Showers,31-Dec-17
208,210,36,Brighton & Hove Albion,Bournemouth,FA_Premier_League,208,2017-2018,8C,Cloudy,01-Jan-18
209,211,0,Burnley,Liverpool,FA_Premier_League,209,2017-2018,5C,Showers,01-Jan-18
210,212,1,Leicester City,Huddersfield Town,FA_Premier_League,210,2017-2018,5C,Cloudy,01-Jan-18
211,213,2,Stoke City,Newcastle United,FA_Premier_League,211,2017-2018,6C,Cloudy,01-Jan-18
212,214,3,Everton,Manchester United,FA_Premier_League,212,2017-2018,6C,Cloudy,01-Jan-18
213,215,4,Southampton,Crystal Palace,FA_Premier_League,213,2017-2018,4C,Cloudy,02-Jan-18
214,216,5,Swansea City,Tottenham Hotspur,FA_Premier_League,214,2017-2018,5C,Cloudy,02-Jan-18
215,217,6,West Ham United,West Bromwich Albion,FA_Premier_League,215,2017-2018,5C,Cloudy,02-Jan-18
216,218,7,Manchester City,Watford,FA_Premier_League,216,2017-2018,3C,Cloudy,02-Jan-18
217,219,8,Arsenal,Chelsea,FA_Premier_League,217,2017-2018,9C,Showers,03-Jan-18
218,220,9,Tottenham Hotspur,West Ham United,FA_Premier_League,218,2017-2018,6C,Rain,04-Jan-18
219,221,10,Chelsea,Leicester City,FA_Premier_League,219,2017-2018,5C,Cloudy,13-Jan-18
220,222,11,Crystal Palace,Burnley,FA_Premier_League,220,2017-2018,5C,Cloudy,13-Jan-18
221,223,12,Huddersfield Town,West Ham United,FA_Premier_League,221,2017-2018,4C,Cloudy,13-Jan-18
222,224,13,Newcastle United,Swansea City,FA_Premier_League,222,2017-2018,5C,Cloudy,13-Jan-18
223,225,14,Watford,Southampton,FA_Premier_League,223,2017-2018,4C,Cloudy,13-Jan-18
224,226,15,West Bromwich Albion,Brighton & Hove Albion,FA_Premier_League,224,2017-2018,3C,Cloudy,13-Jan-18
225,227,16,Tottenham Hotspur,Everton,FA_Premier_League,225,2017-2018,5C,Cloudy,13-Jan-18
226,228,17,Bournemouth,Arsenal,FA_Premier_League,226,2017-2018,4C,Cloudy,14-Jan-18
227,229,18,Liverpool,Manchester City,FA_Premier_League,227,2017-2018,4C,Cloudy,14-Jan-18
228,230,19,Manchester United,Stoke City,FA_Premier_League,228,2017-2018,7C,Cloudy,15-Jan-18
229,231,20,Brighton & Hove Albion,Chelsea,FA_Premier_League,229,2017-2018,3C,Showers,20-Jan-18
230,232,21,Arsenal,Crystal Palace,FA_Premier_League,230,2017-2018,3C,Cloudy,20-Jan-18
231,233,22,Burnley,Manchester United,FA_Premier_League,231,2017-2018,0C,Showers,20-Jan-18
232,234,23,Everton,West Bromwich Albion,FA_Premier_League,232,2017-2018,3C,Cloudy,20-Jan-18
233,235,24,Leicester City,Watford,FA_Premier_League,233,2017-2018,0C,Cloudy,20-Jan-18
234,236,25,Stoke City,Huddersfield Town,FA_Premier_League,234,2017-2018,1C,Cloudy,20-Jan-18
235,237,26,West Ham United,Bournemouth,FA_Premier_League,235,2017-2018,3C,Cloudy,20-Jan-18
236,238,27,Manchester City,Newcastle United,FA_Premier_League,236,2017-2018,2C,Cloudy,20-Jan-18
237,239,28,Southampton,Tottenham Hotspur,FA_Premier_League,237,2017-2018,2C,Cloudy,21-Jan-18
238,240,29,Swansea City,Liverpool,FA_Premier_League,238,2017-2018,7C,Cloudy,22-Jan-18
239,241,30,Swansea City,Arsenal,FA_Premier_League,239,2017-2018,1C,Cloudy,30-Jan-18
240,242,31,West Ham United,Crystal Palace,FA_Premier_League,240,2017-2018,0C,Cloudy,30-Jan-18
241,243,32,Huddersfield Town,Liverpool,FA_Premier_League,241,2017-2018,3C,Cloudy,30-Jan-18
242,244,33,Chelsea,Bournemouth,FA_Premier_League,242,2017-2018,8C,Cloudy,31-Jan-18
243,245,34,Everton,Leicester City,FA_Premier_League,243,2017-2018,5C,Breezy,31-Jan-18
244,246,35,Newcastle United,Burnley,FA_Premier_League,244,2017-2018,5C,Showers,31-Jan-18
245,247,36,Southampton,Brighton & Hove Albion,FA_Premier_League,245,2017-2018,8C,Showers,31-Jan-18
246,248,37,Manchester City,West Bromwich Albion,FA_Premier_League,246,2017-2018,4C,Rain,31-Jan-18
247,249,38,Stoke City,Watford,FA_Premier_League,247,2017-2018,3C,Cloudy,31-Jan-18
248,250,39,Tottenham Hotspur,Manchester United,FA_Premier_League,248,2017-2018,8C,Cloudy,31-Jan-18
249,251,40,Burnley,Manchester City,FA_Premier_League,249,2017-2018,1C,Snow,03-Feb-18
250,252,41,Bournemouth,Stoke City,FA_Premier_League,250,2017-2018,5C,Cloudy,03-Feb-18
251,253,42,Leicester City,Swansea City,FA_Premier_League,251,2017-2018,1C,Snow,03-Feb-18
252,254,43,Manchester United,Huddersfield Town,FA_Premier_League,252,2017-2018,2C,Cloudy,03-Feb-18
253,255,44,Brighton & Hove Albion,West Ham United,FA_Premier_League,253,2017-2018,3C,Showers,03-Feb-18
254,256,45,West Bromwich Albion,Southampton,FA_Premier_League,254,2017-2018,3C,Snow,03-Feb-18
255,257,46,Arsenal,Everton,FA_Premier_League,255,2017-2018,4C,Cloudy,03-Feb-18
256,258,47,Crystal Palace,Newcastle United,FA_Premier_League,256,2017-2018,2C,Cloudy,04-Feb-18
257,259,48,Liverpool,Tottenham Hotspur,FA_Premier_League,257,2017-2018,2C,Cloudy,04-Feb-18
258,260,49,Watford,Chelsea,FA_Premier_League,258,2017-2018,0C,Cloudy,05-Feb-18
259,261,50,Tottenham Hotspur,Arsenal,FA_Premier_League,259,2017-2018,-2C,Cloudy,10-Feb-18
260,262,51,Everton,Crystal Palace,FA_Premier_League,260,2017-2018,10C,Cloudy,10-Feb-18
261,263,52,Stoke City,Brighton & Hove Albion,FA_Premier_League,261,2017-2018,0C,Showers,10-Feb-18
262,264,53,Swansea City,Burnley,FA_Premier_League,262,2017-2018,6C,Rain,10-Feb-18
263,265,54,West Ham United,Watford,FA_Premier_League,263,2017-2018,-1C,Cloudy,10-Feb-18
264,266,55,Manchester City,Leicester City,FA_Premier_League,264,2017-2018,2C,Cloudy,10-Feb-18
265,267,56,Huddersfield Town,Bournemouth,FA_Premier_League,265,2017-2018,2C,Breezy,11-Feb-18
266,268,57,Newcastle United,Manchester United,FA_Premier_League,266,2017-2018,2C,Breezy,11-Feb-18
267,269,58,Southampton,Liverpool,FA_Premier_League,267,2017-2018,5C,Clear,11-Feb-18
268,270,59,Chelsea,West Bromwich Albion,FA_Premier_League,268,2017-2018,0C,Clear,12-Feb-18
269,271,60,Leicester City,Stoke City,FA_Premier_League,269,2017-2018,0C,Cloudy,24-Feb-18
270,272,61,Bournemouth,Newcastle United,FA_Premier_League,270,2017-2018,0C,Clear,24-Feb-18
271,273,62,Brighton & Hove Albion,Swansea City,FA_Premier_League,271,2017-2018,-2C,Clear,24-Feb-18
272,274,63,Burnley,Southampton,FA_Premier_League,272,2017-2018,-1C,Cloudy,24-Feb-18
273,275,64,Liverpool,West Ham United,FA_Premier_League,273,2017-2018,1C,Cloudy,24-Feb-18
274,276,65,West Bromwich Albion,Huddersfield Town,FA_Premier_League,274,2017-2018,0C,Cloudy,24-Feb-18
275,277,66,Watford,Everton,FA_Premier_League,275,2017-2018,-3C,Clear,24-Feb-18
276,278,67,Crystal Palace,Tottenham Hotspur,FA_Premier_League,276,2017-2018,0C,Clear,25-Feb-18
277,279,68,Manchester United,Chelsea,FA_Premier_League,277,2017-2018,0C,Clear,25-Feb-18
278,280,69,Arsenal,Manchester City,FA_Premier_League,278,2017-2018,-3C,Breezy,01-Mar-18
279,281,70,Burnley,Everton,FA_Premier_League,279,2017-2018,-2C,Breezy,03-Mar-18
280,282,71,Leicester City,Bournemouth,FA_Premier_League,280,2017-2018,-1C,Cloudy,03-Mar-18
281,283,72,Southampton,Stoke City,FA_Premier_League,281,2017-2018,2C,Cloudy,03-Mar-18
282,284,73,Swansea City,West Ham United,FA_Premier_League,282,2017-2018,0C,Showers,03-Mar-18
283,285,74,Tottenham Hotspur,Huddersfield Town,FA_Premier_League,283,2017-2018,1C,Cloudy,03-Mar-18
284,286,75,Watford,West Bromwich Albion,FA_Premier_League,284,2017-2018,0C,Cloudy,03-Mar-18
285,287,76,Liverpool,Newcastle United,FA_Premier_League,285,2017-2018,0C,Cloudy,03-Mar-18
286,288,77,Brighton & Hove Albion,Arsenal,FA_Premier_League,286,2017-2018,5C,Cloudy,04-Mar-18
287,289,78,Manchester City,Chelsea,FA_Premier_League,287,2017-2018,1C,Cloudy,04-Mar-18
288,290,79,Crystal Palace,Manchester United,FA_Premier_League,288,2017-2018,5C,Cloudy,05-Mar-18
289,291,80,Manchester United,Liverpool,FA_Premier_League,289,2017-2018,6C,Rain,10-Mar-18
290,292,81,Everton,Brighton & Hove Albion,FA_Premier_League,290,2017-2018,7C,Showers,10-Mar-18
291,293,82,Huddersfield Town,Swansea City,FA_Premier_League,291,2017-2018,4C,Showers,10-Mar-18
292,294,83,Newcastle United,Southampton,FA_Premier_League,292,2017-2018,3C,Rain,10-Mar-18
293,295,84,West Bromwich Albion,Leicester City,FA_Premier_League,293,2017-2018,10C,Cloudy,10-Mar-18
294,296,85,West Ham United,Burnley,FA_Premier_League,294,2017-2018,11C,Cloudy,10-Mar-18
295,297,86,Chelsea,Crystal Palace,FA_Premier_League,295,2017-2018,11C,Cloudy,10-Mar-18
296,298,87,Arsenal,Watford,FA_Premier_League,296,2017-2018,6C,Cloudy,11-Mar-18
297,299,88,Bournemouth,Tottenham Hotspur,FA_Premier_League,297,2017-2018,7C,Cloudy,11-Mar-18
298,300,89,Stoke City,Manchester City,FA_Premier_League,298,2017-2018,6C,Showers,12-Mar-18
299,301,90,Bournemouth,West Bromwich Albion,FA_Premier_League,299,2017-2018,6C,Rain,17-Mar-18
300,302,91,Huddersfield Town,Crystal Palace,FA_Premier_League,300,2017-2018,0C,Breezy,17-Mar-18
301,303,92,Stoke City,Everton,FA_Premier_League,301,2017-2018,0C,Breezy,17-Mar-18
302,304,93,Liverpool,Watford,FA_Premier_League,302,2017-2018,3C,Showers,17-Mar-18
303,305,94,Crystal Palace,Liverpool,FA_Premier_League,303,2017-2018,4C,Cloudy,31-Mar-18
304,306,0,West Ham United,Southampton,FA_Premier_League,304,2017-2018,4C,Cloudy,31-Mar-18
305,307,1,Brighton & Hove Albion,Leicester City,FA_Premier_League,305,2017-2018,4C,Cloudy,31-Mar-18
306,308,2,Manchester United,Swansea City,FA_Premier_League,306,2017-2018,6C,Cloudy,31-Mar-18
307,309,3,Newcastle United,Huddersfield Town,FA_Premier_League,307,2017-2018,3C,Cloudy,31-Mar-18
308,310,4,Watford,Bournemouth,FA_Premier_League,308,2017-2018,3C,Cloudy,31-Mar-18
309,311,5,West Bromwich Albion,Burnley,FA_Premier_League,309,2017-2018,3C,Cloudy,31-Mar-18
310,312,6,Everton,Manchester City,FA_Premier_League,310,2017-2018,4C,Rain,31-Mar-18
311,313,7,Arsenal,Stoke City,FA_Premier_League,311,2017-2018,5C,Cloudy,01-Apr-18
312,314,8,Chelsea,Tottenham Hotspur,FA_Premier_League,312,2017-2018,4C,Cloudy,01-Apr-18
313,315,9,Everton,Liverpool,FA_Premier_League,313,2017-2018,8C,Cloudy,07-Apr-18
314,316,10,Bournemouth,Crystal Palace,FA_Premier_League,314,2017-2018,8C,Cloudy,07-Apr-18
315,317,11,Brighton & Hove Albion,Huddersfield Town,FA_Premier_League,315,2017-2018,12C,Cloudy,07-Apr-18
316,318,12,Leicester City,Newcastle United,FA_Premier_League,316,2017-2018,7C,Cloudy,07-Apr-18
317,319,13,Stoke City,Tottenham Hotspur,FA_Premier_League,317,2017-2018,9C,Showers,07-Apr-18
318,320,14,Watford,Burnley,FA_Premier_League,318,2017-2018,7C,Cloudy,07-Apr-18
319,322,16,Manchester City,Manchester United,FA_Premier_League,319,2017-2018,9C,Cloudy,07-Apr-18
320,323,17,Arsenal,Southampton,FA_Premier_League,320,2017-2018,10C,Showers,08-Apr-18
321,324,18,Chelsea,West Ham United,FA_Premier_League,321,2017-2018,10C,Showers,08-Apr-18
322,325,19,Southampton,Chelsea,FA_Premier_League,322,2017-2018,6C,Cloudy,14-Apr-18
323,326,20,Burnley,Leicester City,FA_Premier_League,323,2017-2018,7C,Cloudy,14-Apr-18
324,327,21,Crystal Palace,Brighton & Hove Albion,FA_Premier_League,324,2017-2018,17C,Cloudy,14-Apr-18
325,328,22,Huddersfield Town,Watford,FA_Premier_League,325,2017-2018,7C,Cloudy,14-Apr-18
326,329,23,Swansea City,Everton,FA_Premier_League,326,2017-2018,14C,Cloudy,14-Apr-18
327,330,24,Liverpool,Bournemouth,FA_Premier_League,327,2017-2018,8C,Cloudy,14-Apr-18
328,331,25,Tottenham Hotspur,Manchester City,FA_Premier_League,328,2017-2018,8C,Cloudy,14-Apr-18
329,332,26,Newcastle United,Arsenal,FA_Premier_League,329,2017-2018,4C,Cloudy,15-Apr-18
330,333,27,Manchester United,West Bromwich Albion,FA_Premier_League,330,2017-2018,10C,Cloudy,15-Apr-18
331,334,28,West Ham United,Stoke City,FA_Premier_League,331,2017-2018,8C,Cloudy,16-Apr-18
332,335,29,Brighton & Hove Albion,Tottenham Hotspur,FA_Premier_League,332,2017-2018,10C,Cloudy,17-Apr-18
333,336,30,Bournemouth,Manchester United,FA_Premier_League,333,2017-2018,13C,Cloudy,18-Apr-18
334,337,31,Burnley,Chelsea,FA_Premier_League,334,2017-2018,12C,Clear,19-Apr-18
335,338,32,Leicester City,Southampton,FA_Premier_League,335,2017-2018,11C,Cloudy,19-Apr-18
336,339,33,West Bromwich Albion,Liverpool,FA_Premier_League,336,2017-2018,20C,Cloudy,21-Apr-18
337,340,34,Watford,Crystal Palace,FA_Premier_League,337,2017-2018,21C,Cloudy,21-Apr-18
338,341,35,Arsenal,West Ham United,FA_Premier_League,338,2017-2018,14C,Clear,22-Apr-18
339,342,36,Stoke City,Burnley,FA_Premier_League,339,2017-2018,14C,Clear,22-Apr-18
340,343,37,Manchester City,Swansea City,FA_Premier_League,340,2017-2018,15C,Cloudy,22-Apr-18
341,344,38,Everton,Newcastle United,FA_Premier_League,341,2017-2018,9C,Cloudy,23-Apr-18
342,345,39,Liverpool,Stoke City,FA_Premier_League,342,2017-2018,5C,Cloudy,28-Apr-18
343,346,40,Burnley,Brighton & Hove Albion,FA_Premier_League,343,2017-2018,7C,Cloudy,28-Apr-18
344,347,41,Crystal Palace,Leicester City,FA_Premier_League,344,2017-2018,8C,Cloudy,28-Apr-18
345,348,42,Huddersfield Town,Everton,FA_Premier_League,345,2017-2018,8C,Cloudy,28-Apr-18
346,349,43,Newcastle United,West Bromwich Albion,FA_Premier_League,346,2017-2018,7C,Cloudy,28-Apr-18
347,350,44,Southampton,Bournemouth,FA_Premier_League,347,2017-2018,8C,Cloudy,28-Apr-18
348,351,45,Swansea City,Chelsea,FA_Premier_League,348,2017-2018,7C,Cloudy,28-Apr-18
349,352,46,West Ham United,Manchester City,FA_Premier_League,349,2017-2018,7C,Cloudy,29-Apr-18
350,353,47,Manchester United,Arsenal,FA_Premier_League,350,2017-2018,5C,Cloudy,29-Apr-18
351,354,48,Tottenham Hotspur,Watford,FA_Premier_League,351,2017-2018,6C,Showers,30-Apr-18
352,355,0,Brighton & Hove Albion,Manchester United,FA_Premier_League,352,2017-2018,5C,Cloudy,04-May-18
353,356,1,Stoke City,Crystal Palace,FA_Premier_League,353,2017-2018,9C,Cloudy,05-May-18
354,357,2,Bournemouth,Swansea City,FA_Premier_League,354,2017-2018,15C,Sunny,05-May-18
355,358,3,Leicester City,West Ham United,FA_Premier_League,355,2017-2018,14C,Cloudy,05-May-18
356,359,4,Watford,Newcastle United,FA_Premier_League,356,2017-2018,7C,Cloudy,05-May-18
357,360,5,West Bromwich Albion,Tottenham Hotspur,FA_Premier_League,357,2017-2018,9C,Cloudy,05-May-18
358,361,6,Everton,Southampton,FA_Premier_League,358,2017-2018,11C,Cloudy,05-May-18
359,362,7,Manchester City,Huddersfield Town,FA_Premier_League,359,2017-2018,12C,Clear,06-May-18
360,363,8,Arsenal,Burnley,FA_Premier_League,360,2017-2018,24C,Sunny,06-May-18
361,364,9,Chelsea,Liverpool,FA_Premier_League,361,2017-2018,9C,Sunny,06-May-18
362,365,10,Swansea City,Southampton,FA_Premier_League,362,2017-2018,8C,Cloudy,08-May-18
363,366,11,Leicester City,Arsenal,FA_Premier_League,363,2017-2018,8C,Cloudy,09-May-18
364,367,12,Chelsea,Huddersfield Town,FA_Premier_League,364,2017-2018,10C,Cloudy,09-May-18
365,368,13,Manchester City,Brighton & Hove Albion,FA_Premier_League,365,2017-2018,13C,Cloudy,09-May-18
366,369,14,Tottenham Hotspur,Newcastle United,FA_Premier_League,366,2017-2018,9C,Sunny,09-May-18
367,370,15,West Ham United,Manchester United,FA_Premier_League,367,2017-2018,11C,Showers,10-May-18
368,371,16,Burnley,Bournemouth,FA_Premier_League,368,2017-2018,7C,Cloudy,13-May-18
369,372,17,Crystal Palace,West Bromwich Albion,FA_Premier_League,369,2017-2018,8C,Cloudy,13-May-18
370,373,18,Huddersfield Town,Arsenal,FA_Premier_League,370,2017-2018,8C,Cloudy,13-May-18
371,374,19,Liverpool,Brighton & Hove Albion,FA_Premier_League,371,2017-2018,9C,Cloudy,13-May-18
372,375,20,Manchester United,Watford,FA_Premier_League,372,2017-2018,8C,Cloudy,13-May-18
373,376,21,Newcastle United,Chelsea,FA_Premier_League,373,2017-2018,9C,Showers,13-May-18
374,377,22,Southampton,Manchester City,FA_Premier_League,374,2017-2018,6C,Cloudy,13-May-18
375,378,23,Swansea City,Stoke City,FA_Premier_League,375,2017-2018,5C,Cloudy,13-May-18
376,379,24,Tottenham Hotspur,Leicester City,FA_Premier_League,376,2017-2018,8C,Cloudy,13-May-18
377,380,25,West Ham United,Everton,FA_Premier_League,377,2017-2018,9C,Cloudy,13-May-18
378,381,0,AS Monaco,Toulouse FC,Ligue_1,378,2017-2018,21C,Cloudy,04-Aug-17
379,382,1,Paris Saint-Germain FC,Amiens SCF,Ligue_1,379,2017-2018,16C,Showers,05-Aug-17
380,383,2,Olympique Lyonnais,RC Strasbourg,Ligue_1,380,2017-2018,20C,Sunny,05-Aug-17
381,384,3,FC Metz,EA Guingamp,Ligue_1,381,2017-2018,18C,Showers,05-Aug-17
382,385,4,Montpellier-HSC,Stade Malherbe Caen,Ligue_1,382,2017-2018,38C,Cloudy,05-Aug-17
383,386,5,AS Saint-Etienne,OGC Nice,Ligue_1,383,2017-2018,15C,Clear,05-Aug-17
384,387,6,ES Troyes AC,Stade Rennais FC,Ligue_1,384,2017-2018,21C,Showers,05-Aug-17
385,388,7,Lille OSC,FC Nantes,Ligue_1,385,2017-2018,10C,Clear,06-Aug-17
386,389,8,Angers SCO,FC Girondins de Bordeaux,Ligue_1,386,2017-2018,11C,Cloudy,06-Aug-17
387,390,9,Olympique de Marseille,Dijon FCO,Ligue_1,387,2017-2018,26C,Cloudy,06-Aug-17
388,391,10,OGC Nice,ES Troyes AC,Ligue_1,388,2017-2018,20C,Clear,11-Aug-17
389,392,11,Stade Rennais FC,Olympique Lyonnais,Ligue_1,389,2017-2018,11C,Clear,11-Aug-17
390,393,12,FC Nantes,Olympique de Marseille,Ligue_1,390,2017-2018,16C,Cloudy,12-Aug-17
391,394,13,Amiens SCF,Angers SCO,Ligue_1,391,2017-2018,14C,Showers,12-Aug-17
392,395,14,FC Girondins de Bordeaux,FC Metz,Ligue_1,392,2017-2018,13C,Cloudy,12-Aug-17
393,396,15,Stade Malherbe Caen,AS Saint-Etienne,Ligue_1,393,2017-2018,16C,Showers,12-Aug-17
394,397,16,Toulouse FC,Montpellier-HSC,Ligue_1,394,2017-2018,13C,Clear,12-Aug-17
395,398,17,RC Strasbourg,Lille OSC,Ligue_1,395,2017-2018,16C,Cloudy,13-Aug-17
396,399,18,Dijon FCO,AS Monaco,Ligue_1,396,2017-2018,16C,Cloudy,13-Aug-17
397,400,19,EA Guingamp,Paris Saint-Germain FC,Ligue_1,397,2017-2018,14C,Cloudy,13-Aug-17
398,401,20,FC Metz,AS Monaco,Ligue_1,398,2017-2018,18C,Showers,18-Aug-17
399,402,21,Olympique Lyonnais,FC Girondins de Bordeaux,Ligue_1,399,2017-2018,17C,Sunny,19-Aug-17
400,403,22,Montpellier-HSC,RC Strasbourg,Ligue_1,400,2017-2018,21C,Cloudy,19-Aug-17
401,404,23,OGC Nice,EA Guingamp,Ligue_1,401,2017-2018,25C,Cloudy,19-Aug-17
402,405,24,Stade Rennais FC,Dijon FCO,Ligue_1,402,2017-2018,11C,Clear,19-Aug-17
403,406,25,AS Saint-Etienne,Amiens SCF,Ligue_1,403,2017-2018,14C,Cloudy,19-Aug-17
404,407,26,ES Troyes AC,FC Nantes,Ligue_1,404,2017-2018,14C,Cloudy,19-Aug-17
405,408,27,Lille OSC,Stade Malherbe Caen,Ligue_1,405,2017-2018,11C,Clear,20-Aug-17
406,409,28,Olympique de Marseille,Angers SCO,Ligue_1,406,2017-2018,31C,Cloudy,20-Aug-17
407,410,29,Paris Saint-Germain FC,Toulouse FC,Ligue_1,407,2017-2018,11C,Sunny,20-Aug-17
408,411,30,Paris Saint-Germain FC,AS Saint-Etienne,Ligue_1,408,2017-2018,18C,Showers,25-Aug-17
409,412,31,FC Nantes,Olympique Lyonnais,Ligue_1,409,2017-2018,14C,Cloudy,26-Aug-17
410,413,32,Amiens SCF,OGC Nice,Ligue_1,410,2017-2018,25C,Cloudy,26-Aug-17
411,414,33,FC Girondins de Bordeaux,ES Troyes AC,Ligue_1,411,2017-2018,19C,Cloudy,26-Aug-17
412,415,34,Stade Malherbe Caen,FC Metz,Ligue_1,412,2017-2018,15C,Cloudy,26-Aug-17
413,416,35,Dijon FCO,Montpellier-HSC,Ligue_1,413,2017-2018,16C,Clear,26-Aug-17
414,417,36,Toulouse FC,Stade Rennais FC,Ligue_1,414,2017-2018,23C,Cloudy,26-Aug-17
415,418,37,EA Guingamp,RC Strasbourg,Ligue_1,415,2017-2018,22C,Sunny,27-Aug-17
416,419,38,Angers SCO,Lille OSC,Ligue_1,416,2017-2018,31C,Sunny,27-Aug-17
417,420,39,AS Monaco,Olympique de Marseille,Ligue_1,417,2017-2018,20C,Clear,27-Aug-17
418,421,40,Lille OSC,FC Girondins de Bordeaux,Ligue_1,418,2017-2018,16C,Showers,08-Sep-17
419,422,41,FC Metz,Paris Saint-Germain FC,Ligue_1,419,2017-2018,18C,Cloudy,08-Sep-17
420,423,42,OGC Nice,AS Monaco,Ligue_1,420,2017-2018,17C,Cloudy,09-Sep-17
421,424,43,Stade Malherbe Caen,Dijon FCO,Ligue_1,421,2017-2018,15C,Showers,09-Sep-17
422,425,44,Montpellier-HSC,FC Nantes,Ligue_1,422,2017-2018,19C,Cloudy,09-Sep-17
423,426,45,RC Strasbourg,Amiens SCF,Ligue_1,423,2017-2018,15C,Showers,09-Sep-17
424,427,46,ES Troyes AC,Toulouse FC,Ligue_1,424,2017-2018,13C,Cloudy,09-Sep-17
425,428,47,AS Saint-Etienne,Angers SCO,Ligue_1,425,2017-2018,9C,Cloudy,10-Sep-17
426,429,48,Olympique Lyonnais,EA Guingamp,Ligue_1,426,2017-2018,13C,Cloudy,10-Sep-17
427,430,49,Olympique de Marseille,Stade Rennais FC,Ligue_1,427,2017-2018,12C,Cloudy,10-Sep-17
428,431,50,Toulouse FC,FC Girondins de Bordeaux,Ligue_1,428,2017-2018,11C,Showers,15-Sep-17
429,432,51,AS Monaco,RC Strasbourg,Ligue_1,429,2017-2018,14C,Clear,16-Sep-17
430,433,52,Dijon FCO,AS Saint-Etienne,Ligue_1,430,2017-2018,7C,Cloudy,16-Sep-17
431,434,53,EA Guingamp,Lille OSC,Ligue_1,431,2017-2018,10C,Rain,16-Sep-17
432,435,54,FC Nantes,Stade Malherbe Caen,Ligue_1,432,2017-2018,8C,Cloudy,16-Sep-17
433,436,55,ES Troyes AC,Montpellier-HSC,Ligue_1,433,2017-2018,13C,Cloudy,16-Sep-17
434,437,56,Amiens SCF,Olympique de Marseille,Ligue_1,434,2017-2018,7C,Cloudy,17-Sep-17
435,438,57,Angers SCO,FC Metz,Ligue_1,435,2017-2018,13C,Showers,17-Sep-17
436,439,58,Stade Rennais FC,OGC Nice,Ligue_1,436,2017-2018,10C,Showers,17-Sep-17
437,440,59,Paris Saint-Germain FC,Olympique Lyonnais,Ligue_1,437,2017-2018,11C,Cloudy,17-Sep-17
438,441,60,OGC Nice,Angers SCO,Ligue_1,438,2017-2018,14C,Clear,22-Sep-17
439,442,61,Lille OSC,AS Monaco,Ligue_1,439,2017-2018,12C,Showers,22-Sep-17
440,443,62,Montpellier-HSC,Paris Saint-Germain FC,Ligue_1,440,2017-2018,15C,Cloudy,23-Sep-17
441,444,63,FC Girondins de Bordeaux,EA Guingamp,Ligue_1,441,2017-2018,25C,Cloudy,23-Sep-17
442,445,64,Stade Malherbe Caen,Amiens SCF,Ligue_1,442,2017-2018,6C,Cloudy,23-Sep-17
443,446,65,Olympique Lyonnais,Dijon FCO,Ligue_1,443,2017-2018,23C,Cloudy,23-Sep-17
444,447,66,FC Metz,ES Troyes AC,Ligue_1,444,2017-2018,18C,Cloudy,23-Sep-17
445,448,67,AS Saint-Etienne,Stade Rennais FC,Ligue_1,445,2017-2018,16C,Cloudy,24-Sep-17
446,449,68,RC Strasbourg,FC Nantes,Ligue_1,446,2017-2018,16C,Clear,24-Sep-17
447,450,69,Olympique de Marseille,Toulouse FC,Ligue_1,447,2017-2018,13C,Cloudy,24-Sep-17
448,451,70,AS Monaco,Montpellier-HSC,Ligue_1,448,2017-2018,18C,Cloudy,29-Sep-17
449,452,71,Paris Saint-Germain FC,FC Girondins de Bordeaux,Ligue_1,449,2017-2018,15C,Cloudy,30-Sep-17
450,453,72,Dijon FCO,RC Strasbourg,Ligue_1,450,2017-2018,14C,Cloudy,30-Sep-17
451,454,73,EA Guingamp,Toulouse FC,Ligue_1,451,2017-2018,15C,Breezy,30-Sep-17
452,455,74,FC Nantes,FC Metz,Ligue_1,452,2017-2018,17C,Cloudy,30-Sep-17
453,456,75,Stade Rennais FC,Stade Malherbe Caen,Ligue_1,453,2017-2018,16C,Showers,30-Sep-17
454,457,76,ES Troyes AC,AS Saint-Etienne,Ligue_1,454,2017-2018,16C,Cloudy,01-Oct-17
455,458,77,Angers SCO,Olympique Lyonnais,Ligue_1,455,2017-2018,18C,Cloudy,01-Oct-17
456,459,78,OGC Nice,Olympique de Marseille,Ligue_1,456,2017-2018,19C,Cloudy,01-Oct-17
457,460,79,Olympique Lyonnais,AS Monaco,Ligue_1,457,2017-2018,9C,Cloudy,13-Oct-17
458,461,80,Dijon FCO,Paris Saint-Germain FC,Ligue_1,458,2017-2018,9C,Clear,14-Oct-17
459,462,81,Stade Malherbe Caen,Angers SCO,Ligue_1,459,2017-2018,22C,Sunny,14-Oct-17
460,463,82,EA Guingamp,Stade Rennais FC,Ligue_1,460,2017-2018,19C,Sunny,14-Oct-17
461,464,83,Lille OSC,ES Troyes AC,Ligue_1,461,2017-2018,18C,Cloudy,14-Oct-17
462,465,84,AS Saint-Etienne,FC Metz,Ligue_1,462,2017-2018,5C,Cloudy,14-Oct-17
463,466,85,Toulouse FC,Amiens SCF,Ligue_1,463,2017-2018,23C,Sunny,14-Oct-17
464,467,86,FC Girondins de Bordeaux,FC Nantes,Ligue_1,464,2017-2018,15C,Cloudy,15-Oct-17
465,468,87,Montpellier-HSC,OGC Nice,Ligue_1,465,2017-2018,22C,Cloudy,15-Oct-17
466,469,88,RC Strasbourg,Olympique de Marseille,Ligue_1,466,2017-2018,7C,Cloudy,15-Oct-17
467,470,89,AS Saint-Etienne,Montpellier-HSC,Ligue_1,467,2017-2018,10C,Cloudy,20-Oct-17
468,471,90,AS Monaco,Stade Malherbe Caen,Ligue_1,468,2017-2018,14C,Cloudy,21-Oct-17
469,472,91,Amiens SCF,FC Girondins de Bordeaux,Ligue_1,469,2017-2018,13C,Breezy,21-Oct-17
470,473,92,Angers SCO,Toulouse FC,Ligue_1,470,2017-2018,15C,Cloudy,21-Oct-17
471,474,93,FC Metz,Dijon FCO,Ligue_1,471,2017-2018,13C,Showers,21-Oct-17
472,475,94,FC Nantes,EA Guingamp,Ligue_1,472,2017-2018,15C,Showers,21-Oct-17
473,476,95,Stade Rennais FC,Lille OSC,Ligue_1,473,2017-2018,11C,Cloudy,21-Oct-17
474,477,96,OGC Nice,RC Strasbourg,Ligue_1,474,2017-2018,21C,Sunny,22-Oct-17
475,478,97,ES Troyes AC,Olympique Lyonnais,Ligue_1,475,2017-2018,10C,Cloudy,22-Oct-17
476,479,98,Olympique de Marseille,Paris Saint-Germain FC,Ligue_1,476,2017-2018,16C,Cloudy,22-Oct-17
477,480,99,Paris Saint-Germain FC,OGC Nice,Ligue_1,477,2017-2018,12C,Cloudy,27-Oct-17
478,481,100,FC Girondins de Bordeaux,AS Monaco,Ligue_1,478,2017-2018,9C,Cloudy,28-Oct-17
479,482,101,Stade Malherbe Caen,ES Troyes AC,Ligue_1,479,2017-2018,15C,Cloudy,28-Oct-17
480,483,102,Dijon FCO,FC Nantes,Ligue_1,480,2017-2018,8C,Cloudy,28-Oct-17
481,484,103,EA Guingamp,Amiens SCF,Ligue_1,481,2017-2018,11C,Cloudy,28-Oct-17
482,485,104,Montpellier-HSC,Stade Rennais FC,Ligue_1,482,2017-2018,21C,Sunny,28-Oct-17
483,486,105,RC Strasbourg,Angers SCO,Ligue_1,483,2017-2018,10C,Cloudy,28-Oct-17
484,487,106,Olympique Lyonnais,FC Metz,Ligue_1,484,2017-2018,11C,Cloudy,29-Oct-17
485,488,107,Toulouse FC,AS Saint-Etienne,Ligue_1,485,2017-2018,15C,Cloudy,29-Oct-17
486,489,108,Lille OSC,Olympique de Marseille,Ligue_1,486,2017-2018,12C,Cloudy,29-Oct-17
487,490,109,Stade Rennais FC,FC Girondins de Bordeaux,Ligue_1,487,2017-2018,10C,Cloudy,03-Nov-17
488,491,110,Angers SCO,Paris Saint-Germain FC,Ligue_1,488,2017-2018,13C,Showers,04-Nov-17
489,492,111,AS Monaco,EA Guingamp,Ligue_1,489,2017-2018,14C,Cloudy,04-Nov-17
490,493,112,Montpellier-HSC,Amiens SCF,Ligue_1,490,2017-2018,16C,Showers,04-Nov-17
491,494,113,FC Nantes,Toulouse FC,Ligue_1,491,2017-2018,16C,Showers,04-Nov-17
492,495,114,ES Troyes AC,RC Strasbourg,Ligue_1,492,2017-2018,15C,Cloudy,04-Nov-17
493,496,115,OGC Nice,Dijon FCO,Ligue_1,493,2017-2018,16C,Sunny,05-Nov-17
494,497,116,Olympique de Marseille,Stade Malherbe Caen,Ligue_1,494,2017-2018,13C,Breezy,05-Nov-17
495,498,117,FC Metz,Lille OSC,Ligue_1,495,2017-2018,7C,Showers,05-Nov-17
496,499,118,AS Saint-Etienne,Olympique Lyonnais,Ligue_1,496,2017-2018,6C,Showers,05-Nov-17
497,500,119,Lille OSC,AS Saint-Etienne,Ligue_1,497,2017-2018,6C,Cloudy,17-Nov-17
498,501,120,Amiens SCF,AS Monaco,Ligue_1,498,2017-2018,7C,Showers,17-Nov-17
499,502,121,Paris Saint-Germain FC,FC Nantes,Ligue_1,499,2017-2018,5C,Cloudy,18-Nov-17
500,503,122,Dijon FCO,ES Troyes AC,Ligue_1,500,2017-2018,3C,Cloudy,18-Nov-17
501,504,123,EA Guingamp,Angers SCO,Ligue_1,501,2017-2018,8C,Cloudy,18-Nov-17
502,505,124,RC Strasbourg,Stade Rennais FC,Ligue_1,502,2017-2018,6C,Cloudy,18-Nov-17
503,506,125,Toulouse FC,FC Metz,Ligue_1,503,2017-2018,7C,Clear,18-Nov-17
504,507,126,Stade Malherbe Caen,OGC Nice,Ligue_1,504,2017-2018,10C,Cloudy,19-Nov-17
505,508,127,Olympique Lyonnais,Montpellier-HSC,Ligue_1,505,2017-2018,1C,Cloudy,19-Nov-17
506,509,128,FC Girondins de Bordeaux,Olympique de Marseille,Ligue_1,506,2017-2018,0C,Cloudy,19-Nov-17
507,510,129,Amiens SCF,Lille OSC,Ligue_1,507,2017-2018,16C,Cloudy,20-Nov-17
508,511,130,AS Saint-Etienne,RC Strasbourg,Ligue_1,508,2017-2018,10C,Cloudy,24-Nov-17
509,512,131,Stade Rennais FC,FC Nantes,Ligue_1,509,2017-2018,4C,Cloudy,25-Nov-17
510,513,132,Stade Malherbe Caen,FC Girondins de Bordeaux,Ligue_1,510,2017-2018,4C,Rain,25-Nov-17
511,514,133,Dijon FCO,Toulouse FC,Ligue_1,511,2017-2018,3C,Cloudy,25-Nov-17
512,515,0,Dijon FCO,Toulouse FC,Ligue_1,512,2017-2018,3C,Cloudy,25-Nov-17
513,516,1,FC Metz,Amiens SCF,Ligue_1,513,2017-2018,2C,Showers,25-Nov-17
514,517,2,Montpellier-HSC,Lille OSC,Ligue_1,514,2017-2018,8C,Breezy,25-Nov-17
515,518,3,ES Troyes AC,Angers SCO,Ligue_1,515,2017-2018,2C,Cloudy,25-Nov-17
516,519,4,OGC Nice,Olympique Lyonnais,Ligue_1,516,2017-2018,8C,Cloudy,26-Nov-17
517,520,5,Olympique de Marseille,EA Guingamp,Ligue_1,517,2017-2018,7C,Breezy,26-Nov-17
518,521,6,AS Monaco,Paris Saint-Germain FC,Ligue_1,518,2017-2018,12C,Rain,26-Nov-17
519,522,7,Amiens SCF,Dijon FCO,Ligue_1,519,2017-2018,6C,Cloudy,28-Nov-17
520,523,8,RC Strasbourg,Stade Malherbe Caen,Ligue_1,520,2017-2018,4C,Showers,28-Nov-17
521,524,9,FC Girondins de Bordeaux,AS Saint-Etienne,Ligue_1,521,2017-2018,6C,Cloudy,28-Nov-17
522,525,10,Angers SCO,Stade Rennais FC,Ligue_1,522,2017-2018,1C,Cloudy,29-Nov-17
523,526,11,EA Guingamp,Montpellier-HSC,Ligue_1,523,2017-2018,3C,Cloudy,29-Nov-17
524,527,12,Olympique Lyonnais,Lille OSC,Ligue_1,524,2017-2018,4C,Cloudy,29-Nov-17
525,528,13,FC Metz,Olympique de Marseille,Ligue_1,525,2017-2018,1C,Cloudy,29-Nov-17
526,529,14,FC Nantes,AS Monaco,Ligue_1,526,2017-2018,-1C,Cloudy,29-Nov-17
527,530,15,Toulouse FC,OGC Nice,Ligue_1,527,2017-2018,5C,Cloudy,29-Nov-17
528,531,16,Paris Saint-Germain FC,ES Troyes AC,Ligue_1,528,2017-2018,0C,Cloudy,29-Nov-17
529,532,17,Dijon FCO,FC Girondins de Bordeaux,Ligue_1,529,2017-2018,-1C,Cloudy,01-Dec-17
530,533,18,RC Strasbourg,Paris Saint-Germain FC,Ligue_1,530,2017-2018,-1C,Cloudy,02-Dec-17
531,534,19,Lille OSC,Toulouse FC,Ligue_1,531,2017-2018,-1C,Cloudy,02-Dec-17
532,535,20,AS Monaco,Angers SCO,Ligue_1,532,2017-2018,8C,Breezy,02-Dec-17
533,536,21,OGC Nice,FC Metz,Ligue_1,533,2017-2018,7C,Cloudy,02-Dec-17
534,537,22,Stade Rennais FC,Amiens SCF,Ligue_1,534,2017-2018,6C,Cloudy,02-Dec-17
535,538,23,ES Troyes AC,EA Guingamp,Ligue_1,535,2017-2018,1C,Cloudy,02-Dec-17
536,539,24,AS Saint-Etienne,FC Nantes,Ligue_1,536,2017-2018,-3C,Cloudy,03-Dec-17
537,540,25,Stade Malherbe Caen,Olympique Lyonnais,Ligue_1,537,2017-2018,8C,Cloudy,03-Dec-17
538,541,26,Montpellier-HSC,Olympique de Marseille,Ligue_1,538,2017-2018,1C,Sunny,03-Dec-17
539,542,27,FC Girondins de Bordeaux,RC Strasbourg,Ligue_1,539,2017-2018,6C,Showers,08-Dec-17
540,543,28,Paris Saint-Germain FC,Lille OSC,Ligue_1,540,2017-2018,3C,Cloudy,09-Dec-17
541,544,29,Angers SCO,Montpellier-HSC,Ligue_1,541,2017-2018,6C,Cloudy,09-Dec-17
542,545,30,EA Guingamp,Dijon FCO,Ligue_1,542,2017-2018,4C,Showers,09-Dec-17
543,546,31,FC Metz,Stade Rennais FC,Ligue_1,543,2017-2018,0C,Cloudy,09-Dec-17
544,547,32,AS Monaco,ES Troyes AC,Ligue_1,544,2017-2018,7C,Clear,09-Dec-17
545,548,33,Toulouse FC,Stade Malherbe Caen,Ligue_1,545,2017-2018,7C,Cloudy,09-Dec-17
546,549,34,Amiens SCF,Olympique Lyonnais,Ligue_1,546,2017-2018,10C,Breezy,10-Dec-17
547,550,35,FC Nantes,OGC Nice,Ligue_1,547,2017-2018,11C,Rain,10-Dec-17
548,551,36,Olympique de Marseille,AS Saint-Etienne,Ligue_1,548,2017-2018,10C,Cloudy,10-Dec-17
549,552,37,AS Saint-Etienne,AS Monaco,Ligue_1,549,2017-2018,1C,Cloudy,15-Dec-17
550,553,38,Stade Rennais FC,Paris Saint-Germain FC,Ligue_1,550,2017-2018,5C,Cloudy,16-Dec-17
551,554,39,Stade Malherbe Caen,EA Guingamp,Ligue_1,551,2017-2018,5C,Cloudy,16-Dec-17
552,555,40,Dijon FCO,Lille OSC,Ligue_1,552,2017-2018,2C,Cloudy,16-Dec-17
553,556,41,Montpellier-HSC,FC Metz,Ligue_1,553,2017-2018,7C,Sunny,16-Dec-17
554,557,42,RC Strasbourg,Toulouse FC,Ligue_1,554,2017-2018,3C,Snow,16-Dec-17
555,558,43,ES Troyes AC,Amiens SCF,Ligue_1,555,2017-2018,0C,Cloudy,16-Dec-17
556,559,44,FC Nantes,Angers SCO,Ligue_1,556,2017-2018,8C,Cloudy,17-Dec-17
557,560,45,OGC Nice,FC Girondins de Bordeaux,Ligue_1,557,2017-2018,12C,Sunny,17-Dec-17
558,561,46,Olympique Lyonnais,Olympique de Marseille,Ligue_1,558,2017-2018,1C,Cloudy,17-Dec-17
559,562,47,Amiens SCF,FC Nantes,Ligue_1,559,2017-2018,8C,Cloudy,20-Dec-17
560,563,48,Angers SCO,Dijon FCO,Ligue_1,560,2017-2018,7C,Cloudy,20-Dec-17
561,564,49,FC Girondins de Bordeaux,Montpellier-HSC,Ligue_1,561,2017-2018,7C,Cloudy,20-Dec-17
562,565,50,EA Guingamp,AS Saint-Etienne,Ligue_1,562,2017-2018,5C,Cloudy,20-Dec-17
563,566,51,Lille OSC,OGC Nice,Ligue_1,563,2017-2018,7C,Cloudy,20-Dec-17
564,567,52,Olympique de Marseille,ES Troyes AC,Ligue_1,564,2017-2018,7C,Cloudy,20-Dec-17
565,568,53,FC Metz,RC Strasbourg,Ligue_1,565,2017-2018,5C,Cloudy,20-Dec-17
566,569,54,AS Monaco,Stade Rennais FC,Ligue_1,566,2017-2018,5C,Cloudy,20-Dec-17
567,570,55,Paris Saint-Germain FC,Stade Malherbe Caen,Ligue_1,567,2017-2018,5C,Cloudy,20-Dec-17
568,571,56,Toulouse FC,Olympique Lyonnais,Ligue_1,568,2017-2018,3C,Cloudy,20-Dec-17
569,572,57,RC Strasbourg,EA Guingamp,Ligue_1,569,2017-2018,ptsWDWWDLDLDLWDLWLWLLW,pts9Rennes25,12-Jan-18
570,573,58,Stade Rennais FC,Olympique de Marseille,Ligue_1,570,2017-2018,4C,Cloudy,13-Jan-18
571,574,59,Stade Malherbe Caen,Lille OSC,Ligue_1,571,2017-2018,5C,Cloudy,13-Jan-18
572,575,60,Dijon FCO,FC Metz,Ligue_1,572,2017-2018,4C,Cloudy,13-Jan-18
573,576,61,Montpellier-HSC,AS Monaco,Ligue_1,573,2017-2018,3C,Cloudy,13-Jan-18
574,577,62,OGC Nice,Amiens SCF,Ligue_1,574,2017-2018,10C,Clear,13-Jan-18
575,578,63,ES Troyes AC,FC Girondins de Bordeaux,Ligue_1,575,2017-2018,2C,Cloudy,13-Jan-18
576,579,64,AS Saint-Etienne,Toulouse FC,Ligue_1,576,2017-2018,3C,Showers,14-Jan-18
577,580,65,Olympique Lyonnais,Angers SCO,Ligue_1,577,2017-2018,7C,Cloudy,14-Jan-18
578,581,66,FC Nantes,Paris Saint-Germain FC,Ligue_1,578,2017-2018,8C,Cloudy,14-Jan-18
579,582,67,FC Girondins de Bordeaux,Stade Malherbe Caen,Ligue_1,579,2017-2018,12C,Cloudy,16-Jan-18
580,583,68,Olympique de Marseille,RC Strasbourg,Ligue_1,580,2017-2018,13C,Breezy,16-Jan-18
581,584,69,AS Monaco,OGC Nice,Ligue_1,581,2017-2018,8C,Clear,16-Jan-18
582,585,70,Amiens SCF,Montpellier-HSC,Ligue_1,582,2017-2018,6C,Showers,17-Jan-18
583,586,71,Angers SCO,ES Troyes AC,Ligue_1,583,2017-2018,8C,Showers,17-Jan-18
584,587,72,EA Guingamp,Olympique Lyonnais,Ligue_1,584,2017-2018,4C,Showers,17-Jan-18
585,588,73,Lille OSC,Stade Rennais FC,Ligue_1,585,2017-2018,5C,Cloudy,17-Jan-18
586,589,74,FC Metz,AS Saint-Etienne,Ligue_1,586,2017-2018,2C,Breezy,17-Jan-18
587,590,75,Toulouse FC,FC Nantes,Ligue_1,587,2017-2018,8C,Cloudy,17-Jan-18
588,591,76,Paris Saint-Germain FC,Dijon FCO,Ligue_1,588,2017-2018,2C,Showers,17-Jan-18
589,592,77,Stade Malherbe Caen,Olympique de Marseille,Ligue_1,589,2017-2018,5C,Rain,19-Jan-18
590,593,78,FC Nantes,FC Girondins de Bordeaux,Ligue_1,590,2017-2018,12C,Breezy,20-Jan-18
591,594,79,Amiens SCF,EA Guingamp,Ligue_1,591,2017-2018,6C,Cloudy,20-Jan-18
592,595,80,Montpellier-HSC,Toulouse FC,Ligue_1,592,2017-2018,11C,Cloudy,20-Jan-18
593,596,81,Stade Rennais FC,Angers SCO,Ligue_1,593,2017-2018,12C,Cloudy,20-Jan-18
594,597,82,RC Strasbourg,Dijon FCO,Ligue_1,594,2017-2018,5C,Rain,20-Jan-18
595,598,83,ES Troyes AC,Lille OSC,Ligue_1,595,2017-2018,9C,Cloudy,20-Jan-18
596,599,84,OGC Nice,AS Saint-Etienne,Ligue_1,596,2017-2018,14C,Cloudy,21-Jan-18
597,600,85,AS Monaco,FC Metz,Ligue_1,597,2017-2018,10C,Cloudy,21-Jan-18
598,601,86,Olympique Lyonnais,Paris Saint-Germain FC,Ligue_1,598,2017-2018,8C,Cloudy,21-Jan-18
599,602,87,Dijon FCO,Stade Rennais FC,Ligue_1,599,2017-2018,5C,Rain,26-Jan-18
600,603,88,Paris Saint-Germain FC,Montpellier-HSC,Ligue_1,600,2017-2018,3C,Cloudy,27-Jan-18
601,604,89,Angers SCO,Amiens SCF,Ligue_1,601,2017-2018,7C,Cloudy,27-Jan-18
602,605,90,EA Guingamp,FC Nantes,Ligue_1,602,2017-2018,9C,Cloudy,27-Jan-18
603,606,91,FC Metz,OGC Nice,Ligue_1,603,2017-2018,3C,Cloudy,27-Jan-18
604,607,92,AS Saint-Etienne,Stade Malherbe Caen,Ligue_1,604,2017-2018,2C,Cloudy,27-Jan-18
605,608,93,Toulouse FC,ES Troyes AC,Ligue_1,605,2017-2018,6C,Cloudy,27-Jan-18
606,609,94,Lille OSC,RC Strasbourg,Ligue_1,606,2017-2018,11C,Cloudy,28-Jan-18
607,610,95,FC Girondins de Bordeaux,Olympique Lyonnais,Ligue_1,607,2017-2018,0C,Cloudy,28-Jan-18
608,611,96,Olympique de Marseille,AS Monaco,Ligue_1,608,2017-2018,7C,Clear,28-Jan-18
609,612,97,Olympique de Marseille,FC Metz,Ligue_1,609,2017-2018,3C,Cloudy,02-Feb-18
610,613,98,Lille OSC,Paris Saint-Germain FC,Ligue_1,610,2017-2018,3C,Showers,03-Feb-18
611,614,99,Amiens SCF,AS Saint-Etienne,Ligue_1,611,2017-2018,3C,Showers,03-Feb-18
612,615,100,Montpellier-HSC,Angers SCO,Ligue_1,612,2017-2018,7C,Cloudy,03-Feb-18
613,616,101,OGC Nice,Toulouse FC,Ligue_1,613,2017-2018,10C,Clear,03-Feb-18
614,617,102,RC Strasbourg,FC Girondins de Bordeaux,Ligue_1,614,2017-2018,3C,Cloudy,03-Feb-18
615,618,103,Stade Rennais FC,EA Guingamp,Ligue_1,615,2017-2018,5C,Cloudy,04-Feb-18
616,619,104,Stade Malherbe Caen,FC Nantes,Ligue_1,616,2017-2018,4C,Cloudy,04-Feb-18
617,620,105,AS Monaco,Olympique Lyonnais,Ligue_1,617,2017-2018,5C,Cloudy,04-Feb-18
618,621,106,AS Saint-Etienne,Olympique de Marseille,Ligue_1,618,2017-2018,0C,Showers,09-Feb-18
619,622,107,Toulouse FC,Paris Saint-Germain FC,Ligue_1,619,2017-2018,0C,Cloudy,10-Feb-18
620,623,108,Angers SCO,AS Monaco,Ligue_1,620,2017-2018,6C,Showers,10-Feb-18
621,624,109,FC Girondins de Bordeaux,Amiens SCF,Ligue_1,621,2017-2018,8C,Cloudy,10-Feb-18
622,625,110,Dijon FCO,OGC Nice,Ligue_1,622,2017-2018,2C,Cloudy,10-Feb-18
623,626,111,EA Guingamp,Stade Malherbe Caen,Ligue_1,623,2017-2018,9C,Breezy,10-Feb-18
624,627,112,FC Metz,Montpellier-HSC,Ligue_1,624,2017-2018,1C,Cloudy,10-Feb-18
625,628,113,RC Strasbourg,ES Troyes AC,Ligue_1,625,2017-2018,5C,Cloudy,11-Feb-18
626,629,114,FC Nantes,Lille OSC,Ligue_1,626,2017-2018,7C,Cloudy,11-Feb-18
627,630,115,Olympique Lyonnais,Stade Rennais FC,Ligue_1,627,2017-2018,1C,Showers,11-Feb-18
628,631,116,AS Monaco,Dijon FCO,Ligue_1,628,2017-2018,8C,Cloudy,16-Feb-18
629,632,117,Paris Saint-Germain FC,RC Strasbourg,Ligue_1,629,2017-2018,7C,Clear,17-Feb-18
630,633,118,Amiens SCF,Toulouse FC,Ligue_1,630,2017-2018,5C,Clear,17-Feb-18
631,634,119,Angers SCO,AS Saint-Etienne,Ligue_1,631,2017-2018,4C,Rain,17-Feb-18
632,635,120,Stade Malherbe Caen,Stade Rennais FC,Ligue_1,632,2017-2018,9C,Sunny,17-Feb-18
633,636,121,Montpellier-HSC,EA Guingamp,Ligue_1,633,2017-2018,12C,Cloudy,17-Feb-18
634,637,122,ES Troyes AC,FC Metz,Ligue_1,634,2017-2018,4C,Cloudy,17-Feb-18
635,638,123,OGC Nice,FC Nantes,Ligue_1,635,2017-2018,13C,Sunny,18-Feb-18
636,639,124,Lille OSC,Olympique Lyonnais,Ligue_1,636,2017-2018,-2C,Cloudy,18-Feb-18
637,640,125,Olympique de Marseille,FC Girondins de Bordeaux,Ligue_1,637,2017-2018,10C,Sunny,18-Feb-18
638,641,126,ES Troyes AC,Dijon FCO,Ligue_1,638,2017-2018,3C,Cloudy,20-Feb-18
639,642,127,RC Strasbourg,Montpellier-HSC,Ligue_1,639,2017-2018,0C,Cloudy,23-Feb-18
640,643,128,Toulouse FC,AS Monaco,Ligue_1,640,2017-2018,5C,Cloudy,24-Feb-18
641,644,129,Dijon FCO,Stade Malherbe Caen,Ligue_1,641,2017-2018,3C,Cloudy,24-Feb-18
642,645,130,EA Guingamp,FC Metz,Ligue_1,642,2017-2018,4C,Sunny,24-Feb-18
643,646,131,Lille OSC,Angers SCO,Ligue_1,643,2017-2018,3C,Cloudy,24-Feb-18
644,647,132,FC Nantes,Amiens SCF,Ligue_1,644,2017-2018,5C,Sunny,24-Feb-18
645,648,133,Stade Rennais FC,ES Troyes AC,Ligue_1,645,2017-2018,6C,Sunny,24-Feb-18
646,649,134,FC Girondins de Bordeaux,OGC Nice,Ligue_1,646,2017-2018,9C,Sunny,25-Feb-18
647,650,135,Olympique Lyonnais,AS Saint-Etienne,Ligue_1,647,2017-2018,2C,Cloudy,25-Feb-18
648,651,136,Paris Saint-Germain FC,Olympique de Marseille,Ligue_1,648,2017-2018,-1C,Clear,25-Feb-18
649,652,137,OGC Nice,Lille OSC,Ligue_1,649,2017-2018,10C,Sunny,02-Mar-18
650,653,138,AS Monaco,FC Girondins de Bordeaux,Ligue_1,650,2017-2018,5C,Rain,02-Mar-18
651,654,139,ES Troyes AC,Paris Saint-Germain FC,Ligue_1,651,2017-2018,8C,Cloudy,03-Mar-18
652,655,140,Amiens SCF,Stade Rennais FC,Ligue_1,652,2017-2018,5C,Cloudy,03-Mar-18
653,656,141,Angers SCO,EA Guingamp,Ligue_1,653,2017-2018,7C,Cloudy,03-Mar-18
654,657,142,FC Metz,Toulouse FC,Ligue_1,654,2017-2018,1C,Rain,03-Mar-18
655,658,143,AS Saint-Etienne,Dijon FCO,Ligue_1,655,2017-2018,8C,Cloudy,03-Mar-18
656,659,144,Stade Malherbe Caen,RC Strasbourg,Ligue_1,656,2017-2018,12C,Cloudy,04-Mar-18
657,660,145,Montpellier-HSC,Olympique Lyonnais,Ligue_1,657,2017-2018,11C,Showers,04-Mar-18
658,661,146,Olympique de Marseille,FC Nantes,Ligue_1,658,2017-2018,8C,Cloudy,04-Mar-18
659,662,147,RC Strasbourg,AS Monaco,Ligue_1,659,2017-2018,4C,Cloudy,09-Mar-18
660,663,148,Paris Saint-Germain FC,FC Metz,Ligue_1,660,2017-2018,17C,Cloudy,10-Mar-18
661,664,149,FC Girondins de Bordeaux,Angers SCO,Ligue_1,661,2017-2018,12C,Cloudy,10-Mar-18
662,665,150,Dijon FCO,Amiens SCF,Ligue_1,662,2017-2018,15C,Cloudy,10-Mar-18
663,666,151,Lille OSC,Montpellier-HSC,Ligue_1,663,2017-2018,12C,Cloudy,10-Mar-18
664,667,152,FC Nantes,ES Troyes AC,Ligue_1,664,2017-2018,13C,Rain,10-Mar-18
665,668,153,Stade Rennais FC,AS Saint-Etienne,Ligue_1,665,2017-2018,15C,Cloudy,10-Mar-18
666,669,154,EA Guingamp,OGC Nice,Ligue_1,666,2017-2018,12C,Breezy,11-Mar-18
667,670,155,Olympique Lyonnais,Stade Malherbe Caen,Ligue_1,667,2017-2018,18C,Cloudy,11-Mar-18
668,671,156,Toulouse FC,Olympique de Marseille,Ligue_1,668,2017-2018,14C,Cloudy,11-Mar-18
669,672,157,Paris Saint-Germain FC,Angers SCO,Ligue_1,669,2017-2018,4C,Cloudy,14-Mar-18
670,673,158,AS Monaco,Lille OSC,Ligue_1,670,2017-2018,7C,Cloudy,16-Mar-18
671,674,159,FC Girondins de Bordeaux,Stade Rennais FC,Ligue_1,671,2017-2018,10C,Showers,17-Mar-18
672,675,160,Amiens SCF,ES Troyes AC,Ligue_1,672,2017-2018,-1C,Cloudy,17-Mar-18
673,676,161,Angers SCO,Stade Malherbe Caen,Ligue_1,673,2017-2018,7C,Cloudy,17-Mar-18
674,677,162,Montpellier-HSC,Dijon FCO,Ligue_1,674,2017-2018,14C,Cloudy,17-Mar-18
675,678,163,Toulouse FC,RC Strasbourg,Ligue_1,675,2017-2018,8C,Rain,17-Mar-18
676,679,164,OGC Nice,Paris Saint-Germain FC,Ligue_1,676,2017-2018,7C,Showers,18-Mar-18
677,680,165,FC Metz,FC Nantes,Ligue_1,677,2017-2018,-1C,Cloudy,18-Mar-18
678,681,166,AS Saint-Etienne,EA Guingamp,Ligue_1,678,2017-2018,3C,Cloudy,18-Mar-18
679,682,167,Olympique de Marseille,Olympique Lyonnais,Ligue_1,679,2017-2018,11C,Cloudy,18-Mar-18
680,683,168,Dijon FCO,Olympique de Marseille,Ligue_1,680,2017-2018,7C,Rain,31-Mar-18
681,684,169,EA Guingamp,FC Girondins de Bordeaux,Ligue_1,681,2017-2018,8C,Cloudy,01-Apr-18
682,685,170,Stade Malherbe Caen,Montpellier-HSC,Ligue_1,682,2017-2018,8C,Cloudy,01-Apr-18
683,686,171,Lille OSC,Amiens SCF,Ligue_1,683,2017-2018,7C,Cloudy,01-Apr-18
684,687,172,FC Nantes,AS Saint-Etienne,Ligue_1,684,2017-2018,11C,Cloudy,01-Apr-18
685,688,173,RC Strasbourg,FC Metz,Ligue_1,685,2017-2018,9C,Cloudy,01-Apr-18
686,689,174,ES Troyes AC,OGC Nice,Ligue_1,686,2017-2018,9C,Cloudy,01-Apr-18
687,690,175,Olympique Lyonnais,Toulouse FC,Ligue_1,687,2017-2018,6C,Showers,01-Apr-18
688,691,176,Stade Rennais FC,AS Monaco,Ligue_1,688,2017-2018,10C,Showers,04-Apr-18
689,692,177,AS Saint-Etienne,Paris Saint-Germain FC,Ligue_1,689,2017-2018,20C,Sunny,06-Apr-18
690,693,178,AS Monaco,FC Nantes,Ligue_1,690,2017-2018,16C,Breezy,07-Apr-18
691,694,179,Amiens SCF,Stade Malherbe Caen,Ligue_1,691,2017-2018,18C,Cloudy,07-Apr-18
692,695,180,Angers SCO,RC Strasbourg,Ligue_1,692,2017-2018,12C,Rain,07-Apr-18
693,696,181,FC Girondins de Bordeaux,Lille OSC,Ligue_1,693,2017-2018,14C,Rain,07-Apr-18
694,697,182,EA Guingamp,ES Troyes AC,Ligue_1,694,2017-2018,11C,Cloudy,07-Apr-18
695,698,183,Toulouse FC,Dijon FCO,Ligue_1,695,2017-2018,17C,Windy,07-Apr-18
696,699,184,OGC Nice,Stade Rennais FC,Ligue_1,696,2017-2018,15C,Showers,08-Apr-18
697,700,185,FC Metz,Olympique Lyonnais,Ligue_1,697,2017-2018,18C,Cloudy,08-Apr-18
698,701,186,Olympique de Marseille,Montpellier-HSC,Ligue_1,698,2017-2018,18C,Cloudy,08-Apr-18
699,704,1,Olympique Lyonnais,Amiens SCF,Ligue_1,699,2017-2018,11C,Showers,14-Apr-18
700,705,2,Lille OSC,EA Guingamp,Ligue_1,700,2017-2018,6C,Cloudy,14-Apr-18
701,706,3,FC Nantes,Dijon FCO,Ligue_1,701,2017-2018,16C,Cloudy,14-Apr-18
702,707,4,Stade Rennais FC,FC Metz,Ligue_1,702,2017-2018,16C,Cloudy,14-Apr-18
703,708,5,RC Strasbourg,AS Saint-Etienne,Ligue_1,703,2017-2018,6C,Cloudy,14-Apr-18
704,709,6,Montpellier-HSC,FC Girondins de Bordeaux,Ligue_1,704,2017-2018,21C,Sunny,15-Apr-18
705,710,7,ES Troyes AC,Olympique de Marseille,Ligue_1,705,2017-2018,17C,Cloudy,15-Apr-18
706,711,8,Paris Saint-Germain FC,AS Monaco,Ligue_1,706,2017-2018,10C,Cloudy,15-Apr-18
707,712,9,FC Nantes,Stade Rennais FC,Ligue_1,707,2017-2018,27C,Sunny,20-Apr-18
708,713,10,Dijon FCO,Olympique Lyonnais,Ligue_1,708,2017-2018,16C,Cloudy,20-Apr-18
709,714,11,Olympique de Marseille,Lille OSC,Ligue_1,709,2017-2018,27C,Sunny,21-Apr-18
710,715,12,Amiens SCF,RC Strasbourg,Ligue_1,710,2017-2018,26C,Cloudy,21-Apr-18
711,716,13,EA Guingamp,AS Monaco,Ligue_1,711,2017-2018,22C,Sunny,21-Apr-18
712,717,14,FC Metz,Stade Malherbe Caen,Ligue_1,712,2017-2018,27C,Cloudy,21-Apr-18
713,718,15,Toulouse FC,Angers SCO,Ligue_1,713,2017-2018,26C,Sunny,21-Apr-18
714,719,16,OGC Nice,Montpellier-HSC,Ligue_1,714,2017-2018,21C,Sunny,22-Apr-18
715,720,17,AS Saint-Etienne,ES Troyes AC,Ligue_1,715,2017-2018,23C,Cloudy,22-Apr-18
716,721,18,FC Girondins de Bordeaux,Paris Saint-Germain FC,Ligue_1,716,2017-2018,25C,Cloudy,22-Apr-18
717,722,19,Stade Malherbe Caen,Toulouse FC,Ligue_1,717,2017-2018,13C,Cloudy,25-Apr-18
718,723,20,Montpellier-HSC,AS Saint-Etienne,Ligue_1,718,2017-2018,12C,Cloudy,27-Apr-18
719,724,21,Olympique Lyonnais,FC Nantes,Ligue_1,719,2017-2018,17C,Cloudy,28-Apr-18
720,725,22,FC Girondins de Bordeaux,Dijon FCO,Ligue_1,720,2017-2018,12C,Rain,28-Apr-18
721,726,23,Lille OSC,FC Metz,Ligue_1,721,2017-2018,13C,Cloudy,28-Apr-18
722,727,24,AS Monaco,Amiens SCF,Ligue_1,722,2017-2018,18C,Cloudy,28-Apr-18
723,728,25,RC Strasbourg,OGC Nice,Ligue_1,723,2017-2018,19C,Cloudy,28-Apr-18
724,729,26,ES Troyes AC,Stade Malherbe Caen,Ligue_1,724,2017-2018,11C,Showers,28-Apr-18
725,730,27,Stade Rennais FC,Toulouse FC,Ligue_1,725,2017-2018,8C,Showers,29-Apr-18
726,731,28,Angers SCO,Olympique de Marseille,Ligue_1,726,2017-2018,11C,Rain,29-Apr-18
727,732,29,Paris Saint-Germain FC,EA Guingamp,Ligue_1,727,2017-2018,10C,Cloudy,29-Apr-18
728,733,30,Amiens SCF,Paris Saint-Germain FC,Ligue_1,728,2017-2018,10C,Clear,04-May-18
729,734,31,AS Saint-Etienne,FC Girondins de Bordeaux,Ligue_1,729,2017-2018,23C,Cloudy,06-May-18
730,735,32,Olympique Lyonnais,ES Troyes AC,Ligue_1,730,2017-2018,27C,Sunny,06-May-18
731,736,33,Stade Malherbe Caen,AS Monaco,Ligue_1,731,2017-2018,20C,Sunny,06-May-18
732,737,34,Dijon FCO,EA Guingamp,Ligue_1,732,2017-2018,25C,Sunny,06-May-18
733,738,35,FC Metz,Angers SCO,Ligue_1,733,2017-2018,25C,Sunny,06-May-18
734,739,36,FC Nantes,Montpellier-HSC,Ligue_1,734,2017-2018,25C,Sunny,06-May-18
735,740,37,Stade Rennais FC,RC Strasbourg,Ligue_1,735,2017-2018,25C,Cloudy,06-May-18
736,741,38,Toulouse FC,Lille OSC,Ligue_1,736,2017-2018,23C,Cloudy,06-May-18
737,742,39,Olympique de Marseille,OGC Nice,Ligue_1,737,2017-2018,22C,Cloudy,06-May-18
738,743,40,EA Guingamp,Olympique de Marseille,Ligue_1,738,2017-2018,13C,Showers,11-May-18
739,744,41,Amiens SCF,FC Metz,Ligue_1,739,2017-2018,18C,Cloudy,12-May-18
740,745,42,Angers SCO,FC Nantes,Ligue_1,740,2017-2018,9C,Rain,12-May-18
741,746,43,FC Girondins de Bordeaux,Toulouse FC,Ligue_1,741,2017-2018,11C,Cloudy,12-May-18
742,747,44,Lille OSC,Dijon FCO,Ligue_1,742,2017-2018,23C,Cloudy,12-May-18
743,748,45,AS Monaco,AS Saint-Etienne,Ligue_1,743,2017-2018,18C,Sunny,12-May-18
744,749,46,Montpellier-HSC,ES Troyes AC,Ligue_1,744,2017-2018,17C,Cloudy,12-May-18
745,750,47,OGC Nice,Stade Malherbe Caen,Ligue_1,745,2017-2018,20C,Sunny,12-May-18
746,751,48,Paris Saint-Germain FC,Stade Rennais FC,Ligue_1,746,2017-2018,20C,Cloudy,12-May-18
747,752,49,RC Strasbourg,Olympique Lyonnais,Ligue_1,747,2017-2018,21C,Cloudy,12-May-18
748,753,50,Stade Malherbe Caen,Paris Saint-Germain FC,Ligue_1,748,2017-2018,9C,Clear,19-May-18
749,754,51,Dijon FCO,Angers SCO,Ligue_1,749,2017-2018,13C,Clear,19-May-18
750,755,52,Olympique Lyonnais,OGC Nice,Ligue_1,750,2017-2018,13C,Cloudy,19-May-18
751,756,53,Olympique de Marseille,Amiens SCF,Ligue_1,751,2017-2018,20C,Cloudy,19-May-18
752,757,54,FC Metz,FC Girondins de Bordeaux,Ligue_1,752,2017-2018,13C,Clear,19-May-18
753,758,55,FC Nantes,RC Strasbourg,Ligue_1,753,2017-2018,15C,Clear,19-May-18
754,759,56,Stade Rennais FC,Montpellier-HSC,Ligue_1,754,2017-2018,13C,Clear,19-May-18
755,760,57,AS Saint-Etienne,Lille OSC,Ligue_1,755,2017-2018,13C,Cloudy,19-May-18
756,761,58,Toulouse FC,EA Guingamp,Ligue_1,756,2017-2018,17C,Cloudy,19-May-18
757,762,59,ES Troyes AC,AS Monaco,Ligue_1,757,2017-2018,13C,Clear,19-May-18
758,763,60,Legans,Deportivo Alaves,La_Liga,758,2017-2018,22C,Clear,18-Aug-17
759,764,61,Valencia,Las Palmas,La_Liga,759,2017-2018,25C,Cloudy,18-Aug-17
760,765,62,Celta Vigo,Real Sociedad,La_Liga,760,2017-2018,15C,Cloudy,19-Aug-17
761,766,63,Girona,Atletico Madrid,La_Liga,761,2017-2018,18C,Showers,19-Aug-17
762,767,64,Sevilla,Espanyol de Barcelona,La_Liga,762,2017-2018,23C,Clear,19-Aug-17
763,768,65,Athletic Club,Getafe,La_Liga,763,2017-2018,13C,Cloudy,20-Aug-17
764,769,66,Barcelona,Real Betis,La_Liga,764,2017-2018,23C,Cloudy,20-Aug-17
765,770,67,Deportivo La Corua,Real Madrid,La_Liga,765,2017-2018,17C,Clear,20-Aug-17
766,771,68,Levante,Villarreal,La_Liga,766,2017-2018,25C,Cloudy,21-Aug-17
767,772,69,Malaga,Eibar,La_Liga,767,2017-2018,25C,Cloudy,21-Aug-17
768,773,70,Real Sociedad,Villarreal,La_Liga,768,2017-2018,18C,Cloudy,25-Aug-17
769,774,71,Real Betis,Celta Vigo,La_Liga,769,2017-2018,22C,Cloudy,25-Aug-17
770,775,72,Deportivo Alaves,Barcelona,La_Liga,770,2017-2018,17C,Cloudy,26-Aug-17
771,776,73,Girona,Malaga,La_Liga,771,2017-2018,21C,Cloudy,26-Aug-17
772,777,74,Levante,Deportivo La Corua,La_Liga,772,2017-2018,25C,Cloudy,26-Aug-17
773,778,75,Las Palmas,Atletico Madrid,La_Liga,773,2017-2018,22C,Clear,26-Aug-17
774,779,76,Eibar,Athletic Club,La_Liga,774,2017-2018,20C,Cloudy,27-Aug-17
775,780,77,Espanyol de Barcelona,Legans,La_Liga,775,2017-2018,28C,Cloudy,27-Aug-17
776,781,78,Getafe,Sevilla,La_Liga,776,2017-2018,18C,Showers,27-Aug-17
777,782,79,Real Madrid,Valencia,La_Liga,777,2017-2018,23C,Thunderstorms,27-Aug-17
778,783,80,Legans,Getafe,La_Liga,778,2017-2018,18C,Cloudy,08-Sep-17
779,784,81,Real Madrid,Levante,La_Liga,779,2017-2018,21C,Cloudy,09-Sep-17
780,785,82,Valencia,Atletico Madrid,La_Liga,780,2017-2018,21C,Clear,09-Sep-17
781,786,83,Sevilla,Eibar,La_Liga,781,2017-2018,17C,Cloudy,09-Sep-17
782,787,84,Barcelona,Espanyol de Barcelona,La_Liga,782,2017-2018,18C,Cloudy,09-Sep-17
783,788,85,Deportivo La Corua,Real Sociedad,La_Liga,783,2017-2018,15C,Cloudy,10-Sep-17
784,789,86,Athletic Club,Girona,La_Liga,784,2017-2018,13C,Cloudy,10-Sep-17
785,790,87,Celta Vigo,Deportivo Alaves,La_Liga,785,2017-2018,13C,Cloudy,10-Sep-17
786,791,88,Villarreal,Real Betis,La_Liga,786,2017-2018,12C,Clear,10-Sep-17
787,792,89,Malaga,Las Palmas,La_Liga,787,2017-2018,17C,Cloudy,11-Sep-17
788,793,90,Eibar,Legans,La_Liga,788,2017-2018,8C,Clear,15-Sep-17
789,794,91,Levante,Valencia,La_Liga,789,2017-2018,15C,Cloudy,16-Sep-17
790,795,92,Getafe,Barcelona,La_Liga,790,2017-2018,11C,Cloudy,16-Sep-17
791,796,93,Real Betis,Deportivo La Corua,La_Liga,791,2017-2018,15C,Clear,16-Sep-17
792,797,94,Atletico Madrid,Malaga,La_Liga,792,2017-2018,11C,Cloudy,16-Sep-17
793,798,95,Deportivo Alaves,Villarreal,La_Liga,793,2017-2018,4C,Cloudy,17-Sep-17
794,799,96,Girona,Sevilla,La_Liga,794,2017-2018,8C,Cloudy,17-Sep-17
795,800,97,Las Palmas,Athletic Club,La_Liga,795,2017-2018,20C,Cloudy,17-Sep-17
796,801,98,Real Sociedad,Real Madrid,La_Liga,796,2017-2018,11C,Cloudy,17-Sep-17
797,802,99,Espanyol de Barcelona,Celta Vigo,La_Liga,797,2017-2018,17C,Cloudy,18-Sep-17
798,803,100,Valencia,Malaga,La_Liga,798,2017-2018,18C,Sunny,19-Sep-17
799,804,101,Barcelona,Eibar,La_Liga,799,2017-2018,16C,Showers,19-Sep-17
800,807,0,Deportivo La Corua,Deportivo Alaves,La_Liga,800,2017-2018,15C,Cloudy,20-Sep-17
801,808,1,Real Madrid,Real Betis,La_Liga,801,2017-2018,16C,Cloudy,20-Sep-17
802,809,2,Sevilla,Las Palmas,La_Liga,802,2017-2018,15C,Clear,20-Sep-17
803,810,3,Villarreal,Espanyol de Barcelona,La_Liga,803,2017-2018,18C,Cloudy,21-Sep-17
804,811,4,Celta Vigo,Getafe,La_Liga,804,2017-2018,15C,Cloudy,21-Sep-17
805,812,5,Levante,Real Sociedad,La_Liga,805,2017-2018,18C,Cloudy,21-Sep-17
806,813,6,Atletico Madrid,Sevilla,La_Liga,806,2017-2018,17C,Clear,23-Sep-17
807,814,7,Deportivo Alaves,Real Madrid,La_Liga,807,2017-2018,10C,Cloudy,23-Sep-17
808,815,8,Malaga,Athletic Club,La_Liga,808,2017-2018,22C,Cloudy,23-Sep-17
809,816,9,Girona,Barcelona,La_Liga,809,2017-2018,14C,Cloudy,23-Sep-17
810,817,10,Espanyol de Barcelona,Deportivo La Corua,La_Liga,810,2017-2018,18C,Cloudy,24-Sep-17
811,818,11,Getafe,Villarreal,La_Liga,811,2017-2018,13C,Cloudy,24-Sep-17
812,819,12,Las Palmas,Legans,La_Liga,812,2017-2018,20C,Cloudy,24-Sep-17
813,820,13,Eibar,Celta Vigo,La_Liga,813,2017-2018,10C,Cloudy,24-Sep-17
814,821,14,Real Sociedad,Valencia,La_Liga,814,2017-2018,14C,Cloudy,24-Sep-17
815,822,15,Real Betis,Levante,La_Liga,815,2017-2018,15C,Cloudy,25-Sep-17
816,823,16,Celta Vigo,Girona,La_Liga,816,2017-2018,15C,Cloudy,29-Sep-17
817,824,17,Deportivo La Corua,Getafe,La_Liga,817,2017-2018,14C,Cloudy,30-Sep-17
818,825,18,Sevilla,Malaga,La_Liga,818,2017-2018,18C,Clear,30-Sep-17
819,826,19,Levante,Deportivo Alaves,La_Liga,819,2017-2018,23C,Cloudy,30-Sep-17
820,827,20,Legans,Atletico Madrid,La_Liga,820,2017-2018,16C,Cloudy,30-Sep-17
821,828,21,Real Sociedad,Real Betis,La_Liga,821,2017-2018,13C,Cloudy,01-Oct-17
822,829,22,Barcelona,Las Palmas,La_Liga,822,2017-2018,18C,Cloudy,01-Oct-17
823,830,23,Valencia,Athletic Club,La_Liga,823,2017-2018,20C,Cloudy,01-Oct-17
824,831,24,Villarreal,Eibar,La_Liga,824,2017-2018,23C,Cloudy,01-Oct-17
825,832,25,Real Madrid,Espanyol de Barcelona,La_Liga,825,2017-2018,18C,Cloudy,01-Oct-17
826,833,26,Espanyol de Barcelona,Levante,La_Liga,826,2017-2018,17C,Cloudy,13-Oct-17
827,834,27,Athletic Club,Sevilla,La_Liga,827,2017-2018,15C,Cloudy,14-Oct-17
828,835,28,Getafe,Real Madrid,La_Liga,828,2017-2018,10C,Clear,14-Oct-17
829,836,29,Deportivo Alaves,Real Sociedad,La_Liga,829,2017-2018,9C,Cloudy,14-Oct-17
830,837,30,Atletico Madrid,Barcelona,La_Liga,830,2017-2018,16C,Clear,14-Oct-17
831,838,31,Eibar,Deportivo La Corua,La_Liga,831,2017-2018,13C,Clear,15-Oct-17
832,839,32,Girona,Villarreal,La_Liga,832,2017-2018,12C,Cloudy,15-Oct-17
833,840,33,Malaga,Legans,La_Liga,833,2017-2018,15C,Clear,15-Oct-17
834,841,34,Real Betis,Valencia,La_Liga,834,2017-2018,17C,Clear,15-Oct-17
835,842,35,Las Palmas,Celta Vigo,La_Liga,835,2017-2018,22C,Cloudy,16-Oct-17
836,843,36,Levante,Getafe,La_Liga,836,2017-2018,29C,Sunny,21-Oct-17
837,844,37,Real Betis,Deportivo Alaves,La_Liga,837,2017-2018,25C,Cloudy,21-Oct-17
838,845,38,Valencia,Sevilla,La_Liga,838,2017-2018,15C,Clear,21-Oct-17
839,846,39,Barcelona,Malaga,La_Liga,839,2017-2018,15C,Clear,21-Oct-17
840,847,40,Villarreal,Las Palmas,La_Liga,840,2017-2018,17C,Cloudy,22-Oct-17
841,848,41,Celta Vigo,Atletico Madrid,La_Liga,841,2017-2018,9C,Cloudy,22-Oct-17
842,849,42,Legans,Athletic Club,La_Liga,842,2017-2018,9C,Clear,22-Oct-17
843,850,43,Real Madrid,Eibar,La_Liga,843,2017-2018,10C,Clear,22-Oct-17
844,851,44,Real Sociedad,Espanyol de Barcelona,La_Liga,844,2017-2018,9C,Cloudy,23-Oct-17
845,852,45,Deportivo La Corua,Girona,La_Liga,845,2017-2018,8C,Cloudy,23-Oct-17
846,853,46,Deportivo Alaves,Valencia,La_Liga,846,2017-2018,13C,Cloudy,28-Oct-17
847,854,47,Atletico Madrid,Villarreal,La_Liga,847,2017-2018,10C,Clear,28-Oct-17
848,855,48,Athletic Club,Barcelona,La_Liga,848,2017-2018,14C,Cloudy,28-Oct-17
849,856,49,Sevilla,Legans,La_Liga,849,2017-2018,12C,Sunny,28-Oct-17
850,857,50,Getafe,Real Sociedad,La_Liga,850,2017-2018,22C,Sunny,29-Oct-17
851,858,51,Girona,Real Madrid,La_Liga,851,2017-2018,8C,Clear,29-Oct-17
852,859,52,Eibar,Levante,La_Liga,852,2017-2018,5C,Cloudy,29-Oct-17
853,860,53,Malaga,Celta Vigo,La_Liga,853,2017-2018,15C,Cloudy,29-Oct-17
854,861,54,Las Palmas,Deportivo La Corua,La_Liga,854,2017-2018,19C,Clear,30-Oct-17
855,862,55,Espanyol de Barcelona,Real Betis,La_Liga,855,2017-2018,11C,Cloudy,30-Oct-17
856,863,56,Real Betis,Getafe,La_Liga,856,2017-2018,attack78J.MolinaJoaquin77Tello7675AntunesGuardado7573Portillodefence86GuaitaAdn80J.Garca78Mandi77Amat7670BergaratechniqueJoaquin8784PortilloGuardado83Tello81J.Garca79Barragan78headerJ.Garca8079J.MolinaMandi77Amat77Barragan75Joaquin74freekick83AntunesGuardado79Joaquin77J.Garca7569PortilloMandi69,,03-Nov-17
857,864,57,Valencia,Legans,La_Liga,857,2017-2018,15C,Cloudy,04-Nov-17
858,865,58,Deportivo La Corua,Atletico Madrid,La_Liga,858,2017-2018,15C,Showers,04-Nov-17
859,866,59,Deportivo Alaves,Espanyol de Barcelona,La_Liga,859,2017-2018,4C,Cloudy,04-Nov-17
860,867,60,Barcelona,Sevilla,La_Liga,860,2017-2018,16C,Cloudy,04-Nov-17
861,868,61,Levante,Girona,La_Liga,861,2017-2018,13C,Breezy,05-Nov-17
862,869,62,Celta Vigo,Athletic Club,La_Liga,862,2017-2018,8C,Cloudy,05-Nov-17
863,870,63,Real Sociedad,Eibar,La_Liga,863,2017-2018,11C,Showers,05-Nov-17
864,871,64,Villarreal,Malaga,La_Liga,864,2017-2018,11C,Cloudy,05-Nov-17
865,872,65,Real Madrid,Las Palmas,La_Liga,865,2017-2018,12C,Cloudy,05-Nov-17
866,873,66,Girona,Real Sociedad,La_Liga,866,2017-2018,3C,Sunny,17-Nov-17
867,874,67,Getafe,Deportivo Alaves,La_Liga,867,2017-2018,18C,Sunny,18-Nov-17
868,875,68,Legans,Barcelona,La_Liga,868,2017-2018,5C,Clear,18-Nov-17
869,876,69,Sevilla,Celta Vigo,La_Liga,869,2017-2018,6C,Clear,18-Nov-17
870,877,70,Atletico Madrid,Real Madrid,La_Liga,870,2017-2018,6C,Clear,18-Nov-17
871,878,71,Malaga,Deportivo La Corua,La_Liga,871,2017-2018,18C,Sunny,19-Nov-17
872,879,72,Espanyol de Barcelona,Valencia,La_Liga,872,2017-2018,6C,Cloudy,19-Nov-17
873,880,73,Las Palmas,Levante,La_Liga,873,2017-2018,18C,Cloudy,19-Nov-17
874,881,74,Athletic Club,Villarreal,La_Liga,874,2017-2018,3C,Cloudy,19-Nov-17
875,882,75,Eibar,Real Betis,La_Liga,875,2017-2018,0C,Cloudy,20-Nov-17
876,883,76,Celta Vigo,Legans,La_Liga,876,2017-2018,13C,Showers,24-Nov-17
877,884,77,Deportivo Alaves,Eibar,La_Liga,877,2017-2018,7C,Cloudy,25-Nov-17
878,885,78,Real Madrid,Malaga,La_Liga,878,2017-2018,8C,Cloudy,25-Nov-17
879,886,79,Real Betis,Girona,La_Liga,879,2017-2018,16C,Cloudy,25-Nov-17
880,887,80,Levante,Atletico Madrid,La_Liga,880,2017-2018,17C,Cloudy,25-Nov-17
881,888,81,Deportivo La Corua,Athletic Club,La_Liga,881,2017-2018,7C,Clear,26-Nov-17
882,889,82,Real Sociedad,Las Palmas,La_Liga,882,2017-2018,12C,Cloudy,26-Nov-17
883,890,83,Villarreal,Sevilla,La_Liga,883,2017-2018,11C,Clear,26-Nov-17
884,891,84,Valencia,Barcelona,La_Liga,884,2017-2018,13C,Cloudy,26-Nov-17
885,892,85,Espanyol de Barcelona,Getafe,La_Liga,885,2017-2018,5C,Rain,27-Nov-17
886,893,86,Malaga,Levante,La_Liga,886,2017-2018,10C,Sunny,01-Dec-17
887,894,87,Barcelona,Celta Vigo,La_Liga,887,2017-2018,0C,Sunny,02-Dec-17
888,895,88,Atletico Madrid,Real Sociedad,La_Liga,888,2017-2018,0C,Cloudy,02-Dec-17
889,896,89,Sevilla,Deportivo La Corua,La_Liga,889,2017-2018,3C,Sunny,02-Dec-17
890,897,90,Athletic Club,Real Madrid,La_Liga,890,2017-2018,3C,Cloudy,02-Dec-17
891,898,91,Legans,Villarreal,La_Liga,891,2017-2018,4C,Sunny,03-Dec-17
892,899,92,Getafe,Valencia,La_Liga,892,2017-2018,-2C,Clear,03-Dec-17
893,900,93,Eibar,Espanyol de Barcelona,La_Liga,893,2017-2018,0C,Cloudy,03-Dec-17
894,901,94,Las Palmas,Real Betis,La_Liga,894,2017-2018,18C,Cloudy,03-Dec-17
895,902,95,Girona,Deportivo Alaves,La_Liga,895,2017-2018,3C,Sunny,04-Dec-17
896,903,96,Deportivo Alaves,Las Palmas,La_Liga,896,2017-2018,3C,Cloudy,08-Dec-17
897,904,97,Getafe,Eibar,La_Liga,897,2017-2018,8C,Cloudy,09-Dec-17
898,905,98,Real Madrid,Sevilla,La_Liga,898,2017-2018,7C,Cloudy,09-Dec-17
899,906,99,Deportivo La Corua,Legans,La_Liga,899,2017-2018,15C,Showers,09-Dec-17
900,907,100,Valencia,Celta Vigo,La_Liga,900,2017-2018,11C,Cloudy,09-Dec-17
901,908,101,Real Sociedad,Malaga,La_Liga,901,2017-2018,14C,Cloudy,10-Dec-17
902,909,102,Real Betis,Atletico Madrid,La_Liga,902,2017-2018,12C,Cloudy,10-Dec-17
903,910,103,Levante,Athletic Club,La_Liga,903,2017-2018,15C,Cloudy,10-Dec-17
904,911,104,Villarreal,Barcelona,La_Liga,904,2017-2018,12C,Cloudy,10-Dec-17
905,912,105,Espanyol de Barcelona,Girona,La_Liga,905,2017-2018,15C,Showers,11-Dec-17
906,913,106,Sevilla,Levante,La_Liga,906,2017-2018,13C,Cloudy,15-Dec-17
907,914,107,Athletic Club,Real Sociedad,La_Liga,907,2017-2018,5C,Cloudy,16-Dec-17
908,915,108,Eibar,Valencia,La_Liga,908,2017-2018,3C,Showers,16-Dec-17
909,916,109,Atletico Madrid,Deportivo Alaves,La_Liga,909,2017-2018,5C,Sunny,16-Dec-17
910,917,110,Girona,Getafe,La_Liga,910,2017-2018,10C,Sunny,17-Dec-17
911,918,111,Celta Vigo,Villarreal,La_Liga,911,2017-2018,3C,Cloudy,17-Dec-17
912,919,112,Las Palmas,Espanyol de Barcelona,La_Liga,912,2017-2018,16C,Breezy,17-Dec-17
913,920,113,Barcelona,Deportivo La Corua,La_Liga,913,2017-2018,4C,Clear,17-Dec-17
914,921,114,Malaga,Real Betis,La_Liga,914,2017-2018,5C,Cloudy,18-Dec-17
915,922,115,Levante,Legans,La_Liga,915,2017-2018,13C,Cloudy,19-Dec-17
916,923,116,Getafe,Las Palmas,La_Liga,916,2017-2018,11C,Clear,20-Dec-17
917,924,117,Real Sociedad,Sevilla,La_Liga,917,2017-2018,5C,Cloudy,20-Dec-17
918,925,118,Eibar,Girona,La_Liga,918,2017-2018,6C,Cloudy,21-Dec-17
919,926,119,Deportivo Alaves,Malaga,La_Liga,919,2017-2018,5C,Cloudy,21-Dec-17
920,927,120,Real Betis,Athletic Club,La_Liga,920,2017-2018,3C,Clear,22-Dec-17
921,928,121,Espanyol de Barcelona,Atletico Madrid,La_Liga,921,2017-2018,5C,Cloudy,22-Dec-17
922,929,122,Real Madrid,Barcelona,La_Liga,922,2017-2018,2C,Cloudy,23-Dec-17
923,930,123,Valencia,Villarreal,La_Liga,923,2017-2018,4C,Cloudy,23-Dec-17
924,931,124,Deportivo La Corua,Celta Vigo,La_Liga,924,2017-2018,9C,Cloudy,23-Dec-17
925,932,125,Atletico Madrid,Getafe,La_Liga,925,2017-2018,3C,Showers,06-Jan-18
926,933,126,Valencia,Girona,La_Liga,926,2017-2018,6C,Cloudy,06-Jan-18
927,934,127,Las Palmas,Eibar,La_Liga,927,2017-2018,16C,Breezy,06-Jan-18
928,935,128,Sevilla,Real Betis,La_Liga,928,2017-2018,9C,Cloudy,06-Jan-18
929,936,129,Legans,Real Sociedad,La_Liga,929,2017-2018,2C,Showers,07-Jan-18
930,937,130,Barcelona,Levante,La_Liga,930,2017-2018,13C,Cloudy,07-Jan-18
931,938,131,Athletic Club,Deportivo Alaves,La_Liga,931,2017-2018,7C,Cloudy,07-Jan-18
932,939,132,Villarreal,Deportivo La Corua,La_Liga,932,2017-2018,6C,Sunny,07-Jan-18
933,940,133,Celta Vigo,Real Madrid,La_Liga,933,2017-2018,3C,Clear,07-Jan-18
934,941,134,Malaga,Espanyol de Barcelona,La_Liga,934,2017-2018,7C,Cloudy,08-Jan-18
935,942,135,Getafe,Malaga,La_Liga,935,2017-2018,7C,Cloudy,12-Jan-18
936,943,136,Girona,Las Palmas,La_Liga,936,2017-2018,10C,Cloudy,13-Jan-18
937,949,142,Espanyol de Barcelona,Athletic Club,La_Liga,937,2017-2018,6C,Clear,14-Jan-18
938,951,144,Real Betis,Legans,La_Liga,938,2017-2018,3C,Clear,15-Jan-18
939,952,145,Getafe,Athletic Club,La_Liga,939,2017-2018,1C,Cloudy,19-Jan-18
940,953,146,Espanyol de Barcelona,Sevilla,La_Liga,940,2017-2018,5C,Clear,20-Jan-18
941,954,147,Atletico Madrid,Girona,La_Liga,941,2017-2018,2C,Cloudy,20-Jan-18
942,955,148,Villarreal,Levante,La_Liga,942,2017-2018,13C,Cloudy,20-Jan-18
943,956,149,Las Palmas,Valencia,La_Liga,943,2017-2018,16C,Cloudy,20-Jan-18
944,957,150,Deportivo Alaves,Legans,La_Liga,944,2017-2018,8C,Cloudy,21-Jan-18
945,958,151,Real Madrid,Deportivo La Corua,La_Liga,945,2017-2018,5C,Cloudy,21-Jan-18
946,959,152,Real Sociedad,Celta Vigo,La_Liga,946,2017-2018,13C,Windy,21-Jan-18
947,960,153,Real Betis,Barcelona,La_Liga,947,2017-2018,6C,Cloudy,21-Jan-18
948,961,154,Eibar,Malaga,La_Liga,948,2017-2018,7C,Cloudy,22-Jan-18
949,962,155,Athletic Club,Eibar,La_Liga,949,2017-2018,7C,Rain,26-Jan-18
950,963,156,Deportivo La Corua,Levante,La_Liga,950,2017-2018,10C,Cloudy,27-Jan-18
951,964,157,Valencia,Real Madrid,La_Liga,951,2017-2018,9C,Cloudy,27-Jan-18
952,965,158,Malaga,Girona,La_Liga,952,2017-2018,13C,Cloudy,27-Jan-18
953,966,159,Villarreal,Real Sociedad,La_Liga,953,2017-2018,9C,Cloudy,27-Jan-18
954,967,160,Legans,Espanyol de Barcelona,La_Liga,954,2017-2018,13C,Cloudy,28-Jan-18
955,968,161,Atletico Madrid,Las Palmas,La_Liga,955,2017-2018,6C,Clear,28-Jan-18
956,969,162,Sevilla,Getafe,La_Liga,956,2017-2018,7C,Cloudy,28-Jan-18
957,970,163,Barcelona,Deportivo Alaves,La_Liga,957,2017-2018,10C,Sunny,28-Jan-18
958,971,164,Celta Vigo,Real Betis,La_Liga,958,2017-2018,10C,Clear,29-Jan-18
959,972,165,Real Sociedad,Deportivo La Corua,La_Liga,959,2017-2018,2C,Showers,02-Feb-18
960,973,166,Eibar,Sevilla,La_Liga,960,2017-2018,1C,Cloudy,03-Feb-18
961,974,167,Real Betis,Villarreal,La_Liga,961,2017-2018,2C,Sunny,03-Feb-18
962,975,168,Deportivo Alaves,Celta Vigo,La_Liga,962,2017-2018,5C,Rain,03-Feb-18
963,976,169,Levante,Real Madrid,La_Liga,963,2017-2018,3C,Clear,03-Feb-18
964,977,170,Getafe,Legans,La_Liga,964,2017-2018,1C,Showers,04-Feb-18
965,978,171,Espanyol de Barcelona,Barcelona,La_Liga,965,2017-2018,7C,Cloudy,04-Feb-18
966,979,172,Girona,Athletic Club,La_Liga,966,2017-2018,5C,Showers,04-Feb-18
967,980,173,Atletico Madrid,Valencia,La_Liga,967,2017-2018,5C,Snow,04-Feb-18
968,981,174,Las Palmas,Malaga,La_Liga,968,2017-2018,13C,Showers,05-Feb-18
969,982,175,Athletic Club,Las Palmas,La_Liga,969,2017-2018,0C,Cloudy,09-Feb-18
970,983,176,Villarreal,Deportivo Alaves,La_Liga,970,2017-2018,12C,Sunny,10-Feb-18
971,984,177,Malaga,Atletico Madrid,La_Liga,971,2017-2018,8C,Cloudy,10-Feb-18
972,985,178,Legans,Eibar,La_Liga,972,2017-2018,8C,Cloudy,10-Feb-18
973,986,179,Real Madrid,Real Sociedad,La_Liga,973,2017-2018,3C,Sunny,10-Feb-18
974,987,180,Sevilla,Girona,La_Liga,974,2017-2018,6C,Sunny,11-Feb-18
975,988,181,Barcelona,Getafe,La_Liga,975,2017-2018,2C,Cloudy,11-Feb-18
976,989,182,Celta Vigo,Espanyol de Barcelona,La_Liga,976,2017-2018,10C,Cloudy,11-Feb-18
977,990,183,Valencia,Levante,La_Liga,977,2017-2018,4C,Cloudy,11-Feb-18
978,991,184,Deportivo La Corua,Real Betis,La_Liga,978,2017-2018,6C,Cloudy,12-Feb-18
979,992,185,Girona,Legans,La_Liga,979,2017-2018,5C,Cloudy,16-Feb-18
980,993,186,Las Palmas,Sevilla,La_Liga,980,2017-2018,15C,Cloudy,17-Feb-18
981,994,187,Eibar,Barcelona,La_Liga,981,2017-2018,6C,Showers,17-Feb-18
982,995,188,Deportivo Alaves,Deportivo La Corua,La_Liga,982,2017-2018,3C,Cloudy,17-Feb-18
983,996,189,Malaga,Valencia,La_Liga,983,2017-2018,10C,Clear,17-Feb-18
984,997,190,Real Sociedad,Levante,La_Liga,984,2017-2018,9C,Cloudy,18-Feb-18
985,998,191,Atletico Madrid,Athletic Club,La_Liga,985,2017-2018,1C,Clear,18-Feb-18
986,999,192,Espanyol de Barcelona,Villarreal,La_Liga,986,2017-2018,11C,Cloudy,18-Feb-18
987,1000,193,Real Betis,Real Madrid,La_Liga,987,2017-2018,7C,Cloudy,18-Feb-18
988,1001,194,Getafe,Celta Vigo,La_Liga,988,2017-2018,5C,Cloudy,19-Feb-18
989,1002,195,Legans,Real Madrid,La_Liga,989,2017-2018,1C,Sunny,21-Feb-18
990,1003,196,Deportivo La Corua,Espanyol de Barcelona,La_Liga,990,2017-2018,10C,Cloudy,23-Feb-18
991,1004,197,Celta Vigo,Eibar,La_Liga,991,2017-2018,4C,Clear,24-Feb-18
992,1005,198,Real Madrid,Deportivo Alaves,La_Liga,992,2017-2018,-3C,Sunny,24-Feb-18
993,1006,199,Legans,Las Palmas,La_Liga,993,2017-2018,11C,Sunny,24-Feb-18
994,1007,200,Barcelona,Girona,La_Liga,994,2017-2018,2C,Clear,24-Feb-18
995,1008,201,Villarreal,Getafe,La_Liga,995,2017-2018,14C,Sunny,25-Feb-18
996,1009,202,Athletic Club,Malaga,La_Liga,996,2017-2018,0C,Cloudy,25-Feb-18
997,1010,203,Valencia,Real Sociedad,La_Liga,997,2017-2018,2C,Sunny,25-Feb-18
998,1011,204,Sevilla,Atletico Madrid,La_Liga,998,2017-2018,11C,Cloudy,25-Feb-18
999,1012,205,Levante,Real Betis,La_Liga,999,2017-2018,6C,Clear,26-Feb-18
1000,1013,206,Espanyol de Barcelona,Real Madrid,La_Liga,1000,2017-2018,1C,Cloudy,27-Feb-18
1001,1014,207,Girona,Celta Vigo,La_Liga,1001,2017-2018,2C,Cloudy,27-Feb-18
1002,1015,208,Athletic Club,Valencia,La_Liga,1002,2017-2018,-4C,Showers,28-Feb-18
1003,1016,209,Getafe,Deportivo La Corua,La_Liga,1003,2017-2018,13C,Cloudy,28-Feb-18
1004,1017,210,Malaga,Sevilla,La_Liga,1004,2017-2018,15C,Cloudy,28-Feb-18
1005,1018,211,Atletico Madrid,Legans,La_Liga,1005,2017-2018,4C,Rain,28-Feb-18
1006,1019,212,Eibar,Villarreal,La_Liga,1006,2017-2018,-1C,Showers,28-Feb-18
1007,1020,213,Real Betis,Real Sociedad,La_Liga,1007,2017-2018,13C,Showers,01-Mar-18
1008,1021,214,Las Palmas,Barcelona,La_Liga,1008,2017-2018,16C,Cloudy,01-Mar-18
1009,1022,215,Deportivo Alaves,Levante,La_Liga,1009,2017-2018,4C,Cloudy,01-Mar-18
1010,1023,216,Villarreal,Girona,La_Liga,1010,2017-2018,10C,Clear,03-Mar-18
1011,1024,217,Sevilla,Athletic Club,La_Liga,1011,2017-2018,17C,Breezy,03-Mar-18
1012,1025,218,Deportivo La Corua,Eibar,La_Liga,1012,2017-2018,12C,Cloudy,03-Mar-18
1013,1026,219,Legans,Malaga,La_Liga,1013,2017-2018,10C,Cloudy,03-Mar-18
1014,1027,220,Real Madrid,Getafe,La_Liga,1014,2017-2018,7C,Cloudy,03-Mar-18
1015,1028,221,Levante,Espanyol de Barcelona,La_Liga,1015,2017-2018,13C,Cloudy,04-Mar-18
1016,1029,222,Barcelona,Atletico Madrid,La_Liga,1016,2017-2018,10C,Cloudy,04-Mar-18
1017,1030,223,Real Sociedad,Deportivo Alaves,La_Liga,1017,2017-2018,13C,Sunny,04-Mar-18
1018,1031,224,Valencia,Real Betis,La_Liga,1018,2017-2018,13C,Cloudy,04-Mar-18
1019,1032,225,Celta Vigo,Las Palmas,La_Liga,1019,2017-2018,7C,Rain,05-Mar-18
1020,1033,226,Girona,Deportivo La Corua,La_Liga,1020,2017-2018,2C,Clear,09-Mar-18
1021,1034,227,Eibar,Real Madrid,La_Liga,1021,2017-2018,13C,Cloudy,10-Mar-18
1022,1035,228,Sevilla,Valencia,La_Liga,1022,2017-2018,16C,Cloudy,10-Mar-18
1023,1036,229,Getafe,Levante,La_Liga,1023,2017-2018,12C,Cloudy,10-Mar-18
1024,1037,230,Malaga,Barcelona,La_Liga,1024,2017-2018,16C,Cloudy,10-Mar-18
1025,1038,231,Espanyol de Barcelona,Real Sociedad,La_Liga,1025,2017-2018,17C,Cloudy,11-Mar-18
1026,1039,232,Atletico Madrid,Celta Vigo,La_Liga,1026,2017-2018,10C,Showers,11-Mar-18
1027,1040,233,Las Palmas,Villarreal,La_Liga,1027,2017-2018,16C,Cloudy,11-Mar-18
1028,1041,234,Athletic Club,Legans,La_Liga,1028,2017-2018,13C,Breezy,11-Mar-18
1029,1042,235,Deportivo Alaves,Real Betis,La_Liga,1029,2017-2018,7C,Cloudy,12-Mar-18
1030,1043,236,Levante,Eibar,La_Liga,1030,2017-2018,11C,Clear,16-Mar-18
1031,1044,237,Deportivo La Corua,Las Palmas,La_Liga,1031,2017-2018,7C,Cloudy,17-Mar-18
1032,1045,238,Valencia,Deportivo Alaves,La_Liga,1032,2017-2018,9C,Cloudy,17-Mar-18
1033,1046,239,Real Sociedad,Getafe,La_Liga,1033,2017-2018,8C,Cloudy,17-Mar-18
1034,1047,240,Real Betis,Espanyol de Barcelona,La_Liga,1034,2017-2018,15C,Rain,17-Mar-18
1035,1048,241,Legans,Sevilla,La_Liga,1035,2017-2018,7C,Cloudy,18-Mar-18
1036,1049,242,Barcelona,Athletic Club,La_Liga,1036,2017-2018,5C,Cloudy,18-Mar-18
1037,1050,243,Celta Vigo,Malaga,La_Liga,1037,2017-2018,10C,Cloudy,18-Mar-18
1038,1051,244,Villarreal,Atletico Madrid,La_Liga,1038,2017-2018,18C,Cloudy,18-Mar-18
1039,1052,245,Real Madrid,Girona,La_Liga,1039,2017-2018,8C,Cloudy,18-Mar-18
1040,1053,246,Girona,Levante,La_Liga,1040,2017-2018,12C,Cloudy,31-Mar-18
1041,1054,247,Athletic Club,Celta Vigo,La_Liga,1041,2017-2018,7C,Showers,31-Mar-18
1042,1055,248,Las Palmas,Real Madrid,La_Liga,1042,2017-2018,15C,Cloudy,31-Mar-18
1043,1056,249,Sevilla,Barcelona,La_Liga,1043,2017-2018,10C,Cloudy,31-Mar-18
1044,1057,250,Espanyol de Barcelona,Deportivo Alaves,La_Liga,1044,2017-2018,14C,Cloudy,01-Apr-18
1045,1058,251,Legans,Valencia,La_Liga,1045,2017-2018,4C,Cloudy,01-Apr-18
1046,1059,252,Eibar,Real Sociedad,La_Liga,1046,2017-2018,2C,Cloudy,01-Apr-18
1047,1060,253,Malaga,Villarreal,La_Liga,1047,2017-2018,8C,Cloudy,01-Apr-18
1048,1061,254,Atletico Madrid,Deportivo La Corua,La_Liga,1048,2017-2018,4C,Cloudy,01-Apr-18
1049,1062,255,Getafe,Real Betis,La_Liga,1049,2017-2018,12C,Cloudy,02-Apr-18
1050,1063,256,Deportivo La Corua,Malaga,La_Liga,1050,2017-2018,10C,Rain,06-Apr-18
1051,1064,257,Deportivo Alaves,Getafe,La_Liga,1051,2017-2018,10C,Showers,07-Apr-18
1052,1065,258,Celta Vigo,Sevilla,La_Liga,1052,2017-2018,9C,Showers,07-Apr-18
1053,1066,259,Real Betis,Eibar,La_Liga,1053,2017-2018,18C,Breezy,07-Apr-18
1054,1067,260,Barcelona,Legans,La_Liga,1054,2017-2018,13C,Cloudy,07-Apr-18
1055,1068,261,Levante,Las Palmas,La_Liga,1055,2017-2018,15C,Clear,08-Apr-18
1056,1069,262,Real Madrid,Atletico Madrid,La_Liga,1056,2017-2018,5C,Cloudy,08-Apr-18
1057,1070,263,Real Sociedad,Girona,La_Liga,1057,2017-2018,10C,Rain,08-Apr-18
1058,1071,264,Valencia,Espanyol de Barcelona,La_Liga,1058,2017-2018,12C,Sunny,08-Apr-18
1059,1072,265,Villarreal,Athletic Club,La_Liga,1059,2017-2018,10C,Sunny,09-Apr-18
1060,1073,266,Girona,Real Betis,La_Liga,1060,2017-2018,12C,Cloudy,13-Apr-18
1061,1074,267,Sevilla,Villarreal,La_Liga,1061,2017-2018,16C,Sunny,14-Apr-18
1062,1075,268,Barcelona,Valencia,La_Liga,1062,2017-2018,12C,Cloudy,14-Apr-18
1063,1076,269,Las Palmas,Real Sociedad,La_Liga,1063,2017-2018,17C,Cloudy,14-Apr-18
1064,1077,270,Legans,Celta Vigo,La_Liga,1064,2017-2018,16C,Cloudy,14-Apr-18
1065,1078,271,Athletic Club,Deportivo La Corua,La_Liga,1065,2017-2018,17C,Cloudy,14-Apr-18
1066,1079,272,Eibar,Deportivo Alaves,La_Liga,1066,2017-2018,12C,Cloudy,15-Apr-18
1067,1080,273,Atletico Madrid,Levante,La_Liga,1067,2017-2018,16C,Cloudy,15-Apr-18
1068,1081,274,Getafe,Espanyol de Barcelona,La_Liga,1068,2017-2018,15C,Cloudy,15-Apr-18
1069,1082,275,Malaga,Real Madrid,La_Liga,1069,2017-2018,13C,Clear,15-Apr-18
1070,1083,276,Deportivo La Corua,Sevilla,La_Liga,1070,2017-2018,15C,Cloudy,17-Apr-18
1071,1084,277,Celta Vigo,Barcelona,La_Liga,1071,2017-2018,17C,Cloudy,17-Apr-18
1072,1085,278,Villarreal,Legans,La_Liga,1072,2017-2018,20C,Sunny,17-Apr-18
1073,1086,279,Espanyol de Barcelona,Eibar,La_Liga,1073,2017-2018,22C,Sunny,18-Apr-18
1074,1087,280,Valencia,Getafe,La_Liga,1074,2017-2018,22C,Cloudy,18-Apr-18
1075,1088,281,Real Madrid,Athletic Club,La_Liga,1075,2017-2018,15C,Cloudy,18-Apr-18
1076,1089,282,Deportivo Alaves,Girona,La_Liga,1076,2017-2018,21C,Sunny,19-Apr-18
1077,1090,283,Real Sociedad,Atletico Madrid,La_Liga,1077,2017-2018,20C,Clear,19-Apr-18
1078,1091,284,Levante,Malaga,La_Liga,1078,2017-2018,16C,Cloudy,19-Apr-18
1079,1092,285,Real Betis,Las Palmas,La_Liga,1079,2017-2018,21C,Cloudy,19-Apr-18
1080,1093,286,Legans,Deportivo La Corua,La_Liga,1080,2017-2018,12C,Cloudy,20-Apr-18
1081,1094,287,Eibar,Getafe,La_Liga,1081,2017-2018,20C,Sunny,21-Apr-18
1082,1095,288,Celta Vigo,Valencia,La_Liga,1082,2017-2018,16C,Cloudy,21-Apr-18
1083,1096,289,Girona,Espanyol de Barcelona,La_Liga,1083,2017-2018,15C,Sunny,22-Apr-18
1084,1097,290,Malaga,Real Sociedad,La_Liga,1084,2017-2018,16C,Cloudy,22-Apr-18
1085,1098,291,Las Palmas,Deportivo Alaves,La_Liga,1085,2017-2018,18C,Breezy,22-Apr-18
1086,1099,292,Atletico Madrid,Real Betis,La_Liga,1086,2017-2018,11C,Cloudy,22-Apr-18
1087,1100,293,Athletic Club,Levante,La_Liga,1087,2017-2018,13C,Cloudy,23-Apr-18
1088,1101,294,Levante,Sevilla,La_Liga,1088,2017-2018,.A7471EscuderoRoger70freekick86Geis80BanegaCampaa7776Nolito74Sarabia73Escudero,".A67Coke6666Geistechnique90Banega87J.Navas85Vzquez85NolitoCampaa8483SarabiaheaderCoke8481Mercado76VzquezLuna,",27-Apr-18
1089,1102,295,Espanyol de Barcelona,Las Palmas,La_Liga,1089,2017-2018,20C,Cloudy,28-Apr-18
1090,1103,296,Real Sociedad,Athletic Club,La_Liga,1090,2017-2018,10C,Showers,28-Apr-18
1091,1104,297,Real Madrid,Legans,La_Liga,1091,2017-2018,17C,Sunny,28-Apr-18
1092,1105,298,Villarreal,Celta Vigo,La_Liga,1092,2017-2018,16C,Cloudy,28-Apr-18
1093,1106,299,Getafe,Girona,La_Liga,1093,2017-2018,6C,Breezy,29-Apr-18
1094,1107,300,Deportivo Alaves,Atletico Madrid,La_Liga,1094,2017-2018,6C,Rain,29-Apr-18
1095,1108,301,Valencia,Eibar,La_Liga,1095,2017-2018,21C,Breezy,29-Apr-18
1096,1109,302,Deportivo La Corua,Barcelona,La_Liga,1096,2017-2018,9C,Cloudy,29-Apr-18
1097,1110,303,Real Betis,Malaga,La_Liga,1097,2017-2018,17C,Cloudy,30-Apr-18
1098,1111,304,Sevilla,Real Sociedad,La_Liga,1098,2017-2018,13C,Cloudy,04-May-18
1099,1112,305,Girona,Eibar,La_Liga,1099,2017-2018,17C,Cloudy,05-May-18
1100,1113,306,Athletic Club,Real Betis,La_Liga,1100,2017-2018,7C,Cloudy,05-May-18
1101,1114,307,Celta Vigo,Deportivo La Corua,La_Liga,1101,2017-2018,17C,Sunny,05-May-18
1102,1115,308,Villarreal,Valencia,La_Liga,1102,2017-2018,19C,Cloudy,05-May-18
1103,1116,309,Malaga,Deportivo Alaves,La_Liga,1103,2017-2018,20C,Sunny,06-May-18
1104,1117,310,Atletico Madrid,Espanyol de Barcelona,La_Liga,1104,2017-2018,14C,Cloudy,06-May-18
1105,1119,312,Las Palmas,Getafe,La_Liga,1105,2017-2018,17C,Sunny,06-May-18
1106,1120,313,Barcelona,Real Madrid,La_Liga,1106,2017-2018,14C,Cloudy,06-May-18
1107,1121,314,Legans,Levante,La_Liga,1107,2017-2018,22C,Cloudy,07-May-18
1108,1122,315,Barcelona,Villarreal,La_Liga,1108,2017-2018,15C,Cloudy,09-May-18
1109,1123,316,Sevilla,Real Madrid,La_Liga,1109,2017-2018,17C,Cloudy,09-May-18
1110,1124,317,Real Sociedad,Legans,La_Liga,1110,2017-2018,11C,Showers,12-May-18
1111,1125,318,Deportivo Alaves,Athletic Club,La_Liga,1111,2017-2018,8C,Cloudy,12-May-18
1112,1126,319,Deportivo La Corua,Villarreal,La_Liga,1112,2017-2018,12C,Breezy,12-May-18
1113,1127,320,Eibar,Las Palmas,La_Liga,1113,2017-2018,8C,Showers,12-May-18
1114,1128,321,Getafe,Atletico Madrid,La_Liga,1114,2017-2018,16C,Cloudy,12-May-18
1115,1129,322,Girona,Valencia,La_Liga,1115,2017-2018,20C,Breezy,12-May-18
1116,1130,323,Real Betis,Sevilla,La_Liga,1116,2017-2018,24C,Sunny,12-May-18
1117,1131,324,Real Madrid,Celta Vigo,La_Liga,1117,2017-2018,14C,Cloudy,12-May-18
1118,1132,325,Espanyol de Barcelona,Malaga,La_Liga,1118,2017-2018,11C,Cloudy,13-May-18
1119,1133,326,Levante,Barcelona,La_Liga,1119,2017-2018,14C,Clear,13-May-18
1120,1134,327,Celta Vigo,Levante,La_Liga,1120,2017-2018,20C,Sunny,19-May-18
1121,1135,328,Legans,Real Betis,La_Liga,1121,2017-2018,11C,Cloudy,19-May-18
1122,1136,329,Las Palmas,Girona,La_Liga,1122,2017-2018,17C,Cloudy,19-May-18
1123,1137,330,Malaga,Getafe,La_Liga,1123,2017-2018,20C,Cloudy,19-May-18
1124,1138,331,Sevilla,Deportivo Alaves,La_Liga,1124,2017-2018,26C,Cloudy,19-May-18
1125,1139,332,Villarreal,Real Madrid,La_Liga,1125,2017-2018,23C,Sunny,19-May-18
1126,1140,333,Valencia,Deportivo La Corua,La_Liga,1126,2017-2018,23C,Cloudy,20-May-18
1127,1141,334,Athletic Club,Espanyol de Barcelona,La_Liga,1127,2017-2018,8C,Cloudy,20-May-18
1128,1142,335,Atletico Madrid,Eibar,La_Liga,1128,2017-2018,21C,Cloudy,20-May-18
1129,1143,336,Barcelona,Real Sociedad,La_Liga,1129,2017-2018,17C,Sunny,20-May-18
