,Year,Datetime,Stage,Stadium,City,Home Team Name,Home Team Goals,Away Team Goals,Away Team Name,Win conditions,Attendance,Half-time Home Goals,Half-time Away Goals,Referee,Assistant 1,Assistant 2,RoundID,MatchID,Home Team Initials,Away Team Initials,Home Team Result,Home Rank,Away Rank,Home Temp,Home Rain,Home GDP (millions),Home Population,Home GDP per Person (dollars),Away Temp,Away Rain,Away GDP (millions),Away Population,Away GDP per Person (dollars),Home Team Line,Away Team Line
0,2006,09 Jun 2006 - 18:00 ,Group A,"FIFA World Cup Stadium, Munich",Munich ,Germany,4,2,Costa Rica, ,66000.0,2,1,ELIZONDO Horacio (ARG),GARCIA Dario (ARG),OTERO Rodolfo (ARG),97410100,97410001,GER,CRC,W,19,26,8.50,700.0,3684816.0,82293457.0,44776.54,24.80,2926.0,58056.0,4953199.0,11720.91,600,30000
1,2006,15 Jun 2006 - 15:00 ,Group A,"FIFA World Cup Stadium, Hamburg",Hamburg ,Ecuador,3,0,Costa Rica, ,50000.0,1,0,CODJIA Coffi (BEN),NTAGUNGIRA Celestin (RWA),ADERODJOU Aboudou (BEN),97410100,97410018,ECU,CRC,W,39,26,21.85,2087.0,102311.0,16863425.0,6067.04,24.80,2926.0,58056.0,4953199.0,11720.91,20000,30000
2,2006,14 Jun 2006 - 21:00 ,Group A,"FIFA World Cup Stadium, Dortmund",Dortmund ,Germany,1,0,Poland, ,65000.0,0,0,MEDINA CANTALEJO Luis (ESP),GIRALDEZ CARRASCO Victoriano (ESP),MEDINA HERNANDEZ Pedro (ESP),97410100,97410017,GER,POL,W,19,29,8.50,700.0,3684816.0,82293457.0,44776.54,7.85,600.0,524886.0,38104832.0,13774.79,600,10000
3,2006,20 Jun 2006 - 16:00 ,Group A,"FIFA World Cup Stadium, Hanover",Hanover ,Costa Rica,1,2,Poland, ,43000.0,1,1,MAIDIN Shamsul (SIN),PERMPANICH Prachya (THA),GHULOUM Eisa (UAE),97410100,97410034,CRC,POL,L,26,29,24.80,2926.0,58056.0,4953199.0,11720.91,7.85,600.0,524886.0,38104832.0,13774.79,30000,10000
4,2006,24 Jun 2006 - 17:00 ,Round of 16,"FIFA World Cup Stadium, Munich",Munich ,Germany,2,0,Sweden, ,66000.0,2,0,SIMON Carlos (BRA),TAVARES Aristeu (BRA),CORONA Ednilson (BRA),97410200,97410049,GER,SWE,W,19,16,8.50,700.0,3684816.0,82293457.0,44776.54,2.10,624.0,538575.0,9982709.0,53950.79,600,3000
5,2006,10 Jun 2006 - 18:00 ,Group B,"FIFA World Cup Stadium, Dortmund",Dortmund ,Trinidad and Tobago,0,0,Sweden, ,62959.0,0,0,MAIDIN Shamsul (SIN),PERMPANICH Prachya (THA),GHULOUM Eisa (UAE),97410100,97410004,TRI,SWE,D,47,16,25.75,2200.0,20300.0,1372598.0,14789.47,2.10,624.0,538575.0,9982709.0,53950.79,30000,3000
6,2006,30 Jun 2006 - 17:00 ,Quarter-finals,Olympiastadion,Berlin ,Germany,1,1,Argentina,Germany win on penalties (4 - 2) ,72000.0,0,0,MICHEL Lubos (SVK),Roman SLYSKO (SVK),BALKO Martin (SVK),97410300,97410057,GER,ARG,W,19,9,8.50,700.0,3684816.0,82293457.0,44776.54,14.80,591.0,637717.0,44688864.0,14270.15,600,800
7,2006,21 Jun 2006 - 21:00 ,Group C,"FIFA World Cup Stadium, Frankfurt",Frankfurt/Main ,Netherlands,0,0,Argentina, ,48000.0,0,0,MEDINA CANTALEJO Luis (ESP),GIRALDEZ CARRASCO Victoriano (ESP),MEDINA HERNANDEZ Pedro (ESP),97410100,97410037,NED,ARG,D,3,9,9.25,778.0,825745.0,17084459.0,48333.11,14.80,591.0,637717.0,44688864.0,14270.15,1000,800
8,2006,04 Jul 2006 - 21:00 ,Semi-finals,"FIFA World Cup Stadium, Dortmund",Dortmund ,Germany,0,2,Italy,Italy win after extra time ,65000.0,0,0,ARCHUNDIA Benito (MEX),RAMIREZ Jose (MEX),VERGARA Hector (CAN),97410400,97410061,GER,ITA,L,19,13,8.50,700.0,3684816.0,82293457.0,44776.54,13.45,832.0,1937894.0,59290969.0,32684.47,600,800
9,2006,22 Jun 2006 - 16:00 ,Group E,"FIFA World Cup Stadium, Hamburg",Hamburg ,Czech Republic,0,2,Italy, ,50000.0,0,1,ARCHUNDIA Benito (MEX),RAMIREZ Jose (MEX),VERGARA Hector (CAN),97410100,97410041,CZE,ITA,L,2,13,7.55,677.0,213189.0,10625250.0,20064.37,13.45,832.0,1937894.0,59290969.0,32684.47,2000,800
10,2006,08 Jul 2006 - 21:00 ,Third place,Gottlieb-Daimler-Stadion,Stuttgart ,Germany,3,1,Portugal, ,52000.0,0,0,KAMIKAWA Toru (JPN),HIROSHIMA Yoshikazu (JPN),KIM Dae Young (KOR),97410500,97410063,GER,POR,W,19,7,8.50,700.0,3684816.0,82293457.0,44776.54,15.15,854.0,218064.0,10291196.0,21189.37,600,1800
11,2006,01 Jul 2006 - 17:00 ,Quarter-finals,"FIFA World Cup Stadium, Gelsenkirchen",Gelsenkirchen ,England,0,0,Portugal,Portugal win on penalties (1 - 3) ,52000.0,0,0,ELIZONDO Horacio (ARG),GARCIA Dario (ARG),OTERO Rodolfo (ARG),97410300,97410059,ENG,POR,L,10,7,8.45,1220.0,2624529.0,66573504.0,39423.03,15.15,854.0,218064.0,10291196.0,21189.37,700,1800
12,2006,11 Jun 2006 - 21:00 ,Group D,"FIFA World Cup Stadium, Cologne",Cologne ,Angola,0,1,Portugal, ,45000.0,0,1,LARRIONDA Jorge (URU),RIAL Walter (URU),FANDINO Pablo (URU),97410100,97410008,ANG,POR,L,57,7,21.55,1010.0,124209.0,30774205.0,4036.14,15.15,854.0,218064.0,10291196.0,21189.37,30000,1800
13,2006,09 Jun 2006 - 21:00 ,Group A,"FIFA World Cup Stadium, Gelsenkirchen",Gelsenkirchen ,Poland,0,2,Ecuador, ,52000.0,0,1,KAMIKAWA Toru (JPN),HIROSHIMA Yoshikazu (JPN),KIM Dae Young (KOR),97410100,97410002,POL,ECU,L,29,39,7.85,600.0,524886.0,38104832.0,13774.79,21.85,2087.0,102311.0,16863425.0,6067.04,10000,20000
14,2006,25 Jun 2006 - 17:00 ,Round of 16,Gottlieb-Daimler-Stadion,Stuttgart ,England,1,0,Ecuador, ,52000.0,0,0,DE BLEECKERE Frank (BEL),HERMANS Peter (BEL),VROMANS Walter (BEL),97410200,97410051,ENG,ECU,W,10,39,8.45,1220.0,2624529.0,66573504.0,39423.03,21.85,2087.0,102311.0,16863425.0,6067.04,700,20000
15,2006,10 Jun 2006 - 15:00 ,Group B,"FIFA World Cup Stadium, Frankfurt",Frankfurt/Main ,England,1,0,Paraguay, ,48000.0,1,0,RODRIGUEZ Marco (MEX),CAMARGO Jose Luis (MEX),LEAL Leonel (CRC),97410100,97410003,ENG,PAR,W,10,33,8.45,1220.0,2624529.0,66573504.0,39423.03,23.55,1130.0,29619.0,6896908.0,4294.53,700,15000
16,2006,15 Jun 2006 - 21:00 ,Group B,Olympiastadion,Berlin ,Sweden,1,0,Paraguay, ,72000.0,0,0,MICHEL Lubos (SVK),Roman SLYSKO (SVK),BALKO Martin (SVK),97410100,97410020,SWE,PAR,W,16,33,2.10,624.0,538575.0,9982709.0,53950.79,23.55,1130.0,29619.0,6896908.0,4294.53,3000,15000
17,2006,15 Jun 2006 - 18:00 ,Group B,Franken-Stadion,Nuremberg ,England,2,0,Trinidad and Tobago, ,41000.0,0,0,KAMIKAWA Toru (JPN),HIROSHIMA Yoshikazu (JPN),KIM Dae Young (KOR),97410100,97410019,ENG,TRI,W,10,47,8.45,1220.0,2624529.0,66573504.0,39423.03,25.75,2200.0,20300.0,1372598.0,14789.47,700,30000
18,2006,20 Jun 2006 - 21:00 ,Group B,Fritz-Walter-Stadion,Kaiserslautern ,Paraguay,2,0,Trinidad and Tobago, ,46000.0,1,0,ROSETTI Roberto (ITA),COPELLI Cristiano (ITA),STAGNOLI Alessandro (ITA),97410100,97410036,PAR,TRI,W,33,47,23.55,1130.0,29619.0,6896908.0,4294.53,25.75,2200.0,20300.0,1372598.0,14789.47,15000,30000
19,2006,10 Jun 2006 - 21:00 ,Group C,"FIFA World Cup Stadium, Hamburg",Hamburg ,Argentina,2,1,Ivory Coast, ,49480.0,2,0,DE BLEECKERE Frank (BEL),HERMANS Peter (BEL),VROMANS Walter (BEL),97410100,97410005,ARG,CIV,W,9,32,14.80,591.0,637717.0,44688864.0,14270.15,26.35,1348.0,40360.0,24905843.0,1620.5,800,8000
20,2006,16 Jun 2006 - 18:00 ,Group C,Gottlieb-Daimler-Stadion,Stuttgart ,Netherlands,2,1,Ivory Coast, ,52000.0,2,1,RUIZ Oscar (COL),TAMAYO Fernando (ECU),NAVIA Jose (COL),97410100,97410022,NED,CIV,W,3,32,9.25,778.0,825745.0,17084459.0,48333.11,26.35,1348.0,40360.0,24905843.0,1620.5,1000,8000
21,2006,16 Jun 2006 - 15:00 ,Group C,"FIFA World Cup Stadium, Gelsenkirchen",Gelsenkirchen ,Argentina,6,0,Serbia and Montenegro, ,52000.0,3,0,ROSETTI Roberto (ITA),COPELLI Cristiano (ITA),STAGNOLI Alessandro (ITA),97410100,97410021,ARG,SCG,W,9,44,14.80,591.0,637717.0,44688864.0,14270.15,10.55,680.0,41471.0,8762027.0,4733.04,800,8000
22,2006,21 Jun 2006 - 21:00 ,Group C,"FIFA World Cup Stadium, Munich",Munich ,Ivory Coast,3,2,Serbia and Montenegro, ,66000.0,1,2,RODRIGUEZ Marco (MEX),CAMARGO Jose Luis (MEX),LEAL Leonel (CRC),97410100,97410038,CIV,SCG,W,32,44,26.35,1348.0,40360.0,24905843.0,1620.5,10.55,680.0,41471.0,8762027.0,4733.04,8000,8000
23,2006,24 Jun 2006 - 21:00 ,Round of 16,Zentralstadion,Leipzig ,Argentina,2,1,Mexico,Argentina win after extra time ,43000.0,0,0,BUSACCA Massimo (SUI),BURAGINA Francesco (SUI),ARNET Matthias (SUI),97410200,97410050,ARG,MEX,W,9,4,14.80,591.0,637717.0,44688864.0,14270.15,21.00,752.0,1149236.0,130759074.0,8788.96,800,3500
24,2006,21 Jun 2006 - 16:00 ,Group D,"FIFA World Cup Stadium, Gelsenkirchen",Gelsenkirchen ,Portugal,2,1,Mexico, ,52000.0,2,1,MICHEL Lubos (SVK),Roman SLYSKO (SVK),BALKO Martin (SVK),97410100,97410039,POR,MEX,W,7,4,15.15,854.0,218064.0,10291196.0,21189.37,21.00,752.0,1149236.0,130759074.0,8788.96,1800,3500
25,2006,11 Jun 2006 - 15:00 ,Group C,Zentralstadion,Leipzig ,Serbia and Montenegro,0,1,Netherlands, ,43000.0,0,1,MERK Markus (GER),SCHRAER Christian (GER),SALVER Jan-Hendrik (GER),97410100,97410006,SCG,NED,L,44,3,10.55,680.0,41471.0,8762027.0,4733.04,9.25,778.0,825745.0,17084459.0,48333.11,8000,1000
26,2006,25 Jun 2006 - 21:00 ,Round of 16,Franken-Stadion,Nuremberg ,Portugal,1,0,Netherlands, ,41000.0,1,0,IVANOV Valentin (RUS),GOLUBEV Nikolai (RUS),VOLNIN Evgueni (RUS),97410200,97410052,POR,NED,W,7,3,15.15,854.0,218064.0,10291196.0,21189.37,9.25,778.0,825745.0,17084459.0,48333.11,1800,1000
27,2006,11 Jun 2006 - 18:00 ,Group D,Franken-Stadion,Nuremberg ,Mexico,3,1,Iran, ,41000.0,1,1,ROSETTI Roberto (ITA),COPELLI Cristiano (ITA),STAGNOLI Alessandro (ITA),97410100,97410007,MEX,IRN,W,4,23,21.00,752.0,1149236.0,130759074.0,8788.96,17.25,228.0,431920.0,82011735.0,5266.56,3500,30000
28,2006,17 Jun 2006 - 15:00 ,Group D,"FIFA World Cup Stadium, Frankfurt",Frankfurt/Main ,Portugal,2,0,Iran, ,48000.0,0,0,POULAT Eric (FRA),DAGORNE Lionel (FRA),TEXIER Vincent (FRA),97410100,97410024,POR,IRN,W,7,23,15.15,854.0,218064.0,10291196.0,21189.37,17.25,228.0,431920.0,82011735.0,5266.56,1800,30000
29,2006,16 Jun 2006 - 21:00 ,Group D,"FIFA World Cup Stadium, Hanover",Hanover ,Mexico,0,0,Angola, ,43000.0,0,0,MAIDIN Shamsul (SIN),PERMPANICH Prachya (THA),GHULOUM Eisa (UAE),97410100,97410023,MEX,ANG,D,4,57,21.00,752.0,1149236.0,130759074.0,8788.96,21.55,1010.0,124209.0,30774205.0,4036.14,3500,30000
30,2006,21 Jun 2006 - 16:00 ,Group D,Zentralstadion,Leipzig ,Iran,1,1,Angola, ,38000.0,0,0,SHIELD Mark (AUS),GIBSON Nathan (AUS),WILSON Ben (AUS),97410100,97410040,IRN,ANG,D,23,57,17.25,228.0,431920.0,82011735.0,5266.56,21.55,1010.0,124209.0,30774205.0,4036.14,30000,30000
31,2006,12 Jun 2006 - 15:00 ,Group F,Fritz-Walter-Stadion,Kaiserslautern ,Australia,3,1,Japan, ,46000.0,0,1,ABD EL FATAH Essam (EGY),DANTE Dramane (MLI),NDOYE Mamadou (SEN),97410100,97410012,AUS,JPN,W,42,18,21.65,534.0,1379548.0,24772247.0,55689.26,11.15,1668.0,4872135.0,127185332.0,38307.37,10000,15000
32,2006,12 Jun 2006 - 18:00 ,Group E,"FIFA World Cup Stadium, Gelsenkirchen",Gelsenkirchen ,USA,0,3,Czech Republic, ,52000.0,0,2,AMARILLA Carlos (PAR),ANDINO Amelio (PAR),BERNAL Manuel (PAR),97410100,97410010,USA,CZE,L,5,2,8.55,715.0,19390600.0,326766748.0,59340.8,7.55,677.0,213189.0,10625250.0,20064.37,5000,2000
33,2006,12 Jun 2006 - 21:00 ,Group E,"FIFA World Cup Stadium, Hanover",Hanover ,Italy,2,0,Ghana, ,43000.0,1,0,SIMON Carlos (BRA),TAVARES Aristeu (BRA),CORONA Ednilson (BRA),97410100,97410009,ITA,GHA,W,13,48,13.45,832.0,1937894.0,59290969.0,32684.47,27.20,1187.0,47032.0,29463643.0,1596.27,800,15000
34,2006,27 Jun 2006 - 17:00 ,Round of 16,"FIFA World Cup Stadium, Dortmund",Dortmund ,Brazil,3,0,Ghana, ,65000.0,2,0,MICHEL Lubos (SVK),Roman SLYSKO (SVK),BALKO Martin (SVK),97410200,97410055,BRA,GHA,W,1,48,24.95,1782.0,2054969.0,210867954.0,9745.29,27.20,1187.0,47032.0,29463643.0,1596.27,250,15000
35,2006,17 Jun 2006 - 18:00 ,Group E,"FIFA World Cup Stadium, Cologne",Cologne ,Czech Republic,0,2,Ghana, ,45000.0,0,1,ELIZONDO Horacio (ARG),GARCIA Dario (ARG),OTERO Rodolfo (ARG),97410100,97410026,CZE,GHA,L,2,48,7.55,677.0,213189.0,10625250.0,20064.37,27.20,1187.0,47032.0,29463643.0,1596.27,2000,15000
36,2006,17 Jun 2006 - 21:00 ,Group E,Fritz-Walter-Stadion,Kaiserslautern ,Italy,1,1,USA, ,46000.0,1,1,LARRIONDA Jorge (URU),RIAL Walter (URU),FANDINO Pablo (URU),97410100,97410025,ITA,USA,D,13,5,13.45,832.0,1937894.0,59290969.0,32684.47,8.55,715.0,19390600.0,326766748.0,59340.8,800,5000
37,2006,22 Jun 2006 - 16:00 ,Group E,Franken-Stadion,Nuremberg ,Ghana,2,1,USA, ,41000.0,2,1,MERK Markus (GER),SCHRAER Christian (GER),SALVER Jan-Hendrik (GER),97410100,97410042,GHA,USA,W,48,5,27.20,1187.0,47032.0,29463643.0,1596.27,8.55,715.0,19390600.0,326766748.0,59340.8,15000,5000
38,2006,26 Jun 2006 - 17:00 ,Round of 16,Fritz-Walter-Stadion,Kaiserslautern ,Italy,1,0,Australia, ,46000.0,0,0,MEDINA CANTALEJO Luis (ESP),GIRALDEZ CARRASCO Victoriano (ESP),MEDINA HERNANDEZ Pedro (ESP),97410200,97410053,ITA,AUS,W,13,42,13.45,832.0,1937894.0,59290969.0,32684.47,21.65,534.0,1379548.0,24772247.0,55689.26,800,10000
39,2006,18 Jun 2006 - 18:00 ,Group F,"FIFA World Cup Stadium, Munich",Munich ,Brazil,2,0,Australia, ,66000.0,0,0,MERK Markus (GER),SCHRAER Christian (GER),SALVER Jan-Hendrik (GER),97410100,97410027,BRA,AUS,W,1,42,24.95,1782.0,2054969.0,210867954.0,9745.29,21.65,534.0,1379548.0,24772247.0,55689.26,250,10000
40,2006,22 Jun 2006 - 21:00 ,Group F,Gottlieb-Daimler-Stadion,Stuttgart ,Croatia,2,2,Australia, ,52000.0,1,1,POLL Graham (ENG),SHARP Philip (ENG),TURNER Glenn (ENG),97410100,97410044,CRO,AUS,D,23,42,10.90,1113.0,54516.0,4164783.0,13089.76,21.65,534.0,1379548.0,24772247.0,55689.26,5000,10000
41,2006,30 Jun 2006 - 21:00 ,Quarter-finals,"FIFA World Cup Stadium, Hamburg",Hamburg ,Italy,3,0,Ukraine, ,50000.0,1,0,DE BLEECKERE Frank (BEL),HERMANS Peter (BEL),VROMANS Walter (BEL),97410300,97410058,ITA,UKR,W,13,45,13.45,832.0,1937894.0,59290969.0,32684.47,8.30,1875.0,109321.0,44009214.0,2484.05,800,4000
42,2006,14 Jun 2006 - 15:00 ,Group H,Zentralstadion,Leipzig ,Spain,4,0,Ukraine, ,43000.0,2,0,BUSACCA Massimo (SUI),BURAGINA Francesco (SUI),ARNET Matthias (SUI),97410100,97410015,ESP,UKR,W,5,45,13.30,636.0,1313951.0,46397452.0,28319.46,8.30,1875.0,109321.0,44009214.0,2484.05,1500,4000
43,2006,19 Jun 2006 - 18:00 ,Group H,"FIFA World Cup Stadium, Hamburg",Hamburg ,Saudi Arabia,0,4,Ukraine, ,50000.0,0,2,POLL Graham (ENG),SHARP Philip (ENG),TURNER Glenn (ENG),97410100,97410032,KSA,UKR,L,34,45,24.65,59.0,683827.0,33554343.0,20379.69,8.30,1875.0,109321.0,44009214.0,2484.05,50000,4000
44,2006,26 Jun 2006 - 21:00 ,Round of 16,"FIFA World Cup Stadium, Cologne",Cologne ,Switzerland,0,0,Ukraine,Ukraine win on penalties (0 - 3) ,45000.0,0,0,ARCHUNDIA Benito (MEX),RAMIREZ Jose (MEX),VERGARA Hector (CAN),97410200,97410054,SUI,UKR,L,35,45,5.50,1537.0,678575.0,8544034.0,79420.92,8.30,1875.0,109321.0,44009214.0,2484.05,10000,4000
45,2006,09 Jul 2006 - 20:00 ,Final,Olympiastadion,Berlin ,Italy,1,1,France,Italy win on penalties (5 - 3) ,69000.0,0,0,ELIZONDO Horacio (ARG),GARCIA Dario (ARG),OTERO Rodolfo (ARG),97410600,97410064,ITA,FRA,W,13,8,13.45,832.0,1937894.0,59290969.0,32684.47,10.70,867.0,2583560.0,65233271.0,39604.94,800,1200
46,2006,01 Jul 2006 - 21:00 ,Quarter-finals,"FIFA World Cup Stadium, Frankfurt",Frankfurt/Main ,Brazil,0,1,France, ,48000.0,0,0,MEDINA CANTALEJO Luis (ESP),GIRALDEZ CARRASCO Victoriano (ESP),MEDINA HERNANDEZ Pedro (ESP),97410300,97410060,BRA,FRA,L,1,8,24.95,1782.0,2054969.0,210867954.0,9745.29,10.70,867.0,2583560.0,65233271.0,39604.94,250,1200
47,2006,27 Jun 2006 - 21:00 ,Round of 16,"FIFA World Cup Stadium, Hanover",Hanover ,Spain,1,3,France, ,43000.0,1,1,ROSETTI Roberto (ITA),COPELLI Cristiano (ITA),STAGNOLI Alessandro (ITA),97410200,97410056,ESP,FRA,L,5,8,13.30,636.0,1313951.0,46397452.0,28319.46,10.70,867.0,2583560.0,65233271.0,39604.94,1500,1200
48,2006,05 Jul 2006 - 21:00 ,Semi-finals,"FIFA World Cup Stadium, Munich",Munich ,Portugal,0,1,France, ,66000.0,0,1,LARRIONDA Jorge (URU),RIAL Walter (URU),FANDINO Pablo (URU),97410400,97410062,POR,FRA,L,7,8,15.15,854.0,218064.0,10291196.0,21189.37,10.70,867.0,2583560.0,65233271.0,39604.94,1800,1200
49,2006,23 Jun 2006 - 21:00 ,Group G,"FIFA World Cup Stadium, Cologne",Cologne ,Togo,0,2,France, ,45000.0,0,0,LARRIONDA Jorge (URU),RIAL Walter (URU),FANDINO Pablo (URU),97410100,97410045,TOG,FRA,L,61,8,27.15,1168.0,4797.0,7990926.0,600.31,10.70,867.0,2583560.0,65233271.0,39604.94,25000,1200
50,2006,13 Jun 2006 - 15:00 ,Group G,"FIFA World Cup Stadium, Frankfurt",Frankfurt/Main ,Korea Republic,2,1,Togo, ,48000.0,0,1,POLL Graham (ENG),SHARP Philip (ENG),TURNER Glenn (ENG),97410100,97410014,KOR,TOG,W,29,61,11.50,1274.0,1538030.0,51164435.0,30060.53,27.15,1168.0,4797.0,7990926.0,600.31,20000,25000
51,2006,13 Jun 2006 - 18:00 ,Group G,Gottlieb-Daimler-Stadion,Stuttgart ,France,0,0,Switzerland, ,52000.0,0,0,IVANOV Valentin (RUS),GOLUBEV Nikolai (RUS),VOLNIN Evgueni (RUS),97410100,97410013,FRA,SUI,D,8,35,10.70,867.0,2583560.0,65233271.0,39604.94,5.50,1537.0,678575.0,8544034.0,79420.92,1200,10000
52,2006,19 Jun 2006 - 15:00 ,Group G,"FIFA World Cup Stadium, Dortmund",Dortmund ,Togo,0,2,Switzerland, ,65000.0,0,1,AMARILLA Carlos (PAR),ANDINO Amelio (PAR),BERNAL Manuel (PAR),97410100,97410030,TOG,SUI,L,61,35,27.15,1168.0,4797.0,7990926.0,600.31,5.50,1537.0,678575.0,8544034.0,79420.92,25000,10000
53,2006,18 Jun 2006 - 21:00 ,Group G,Zentralstadion,Leipzig ,France,1,1,Korea Republic, ,43000.0,1,0,ARCHUNDIA Benito (MEX),RAMIREZ Jose (MEX),VERGARA Hector (CAN),97410100,97410029,FRA,KOR,D,8,29,10.70,867.0,2583560.0,65233271.0,39604.94,11.50,1274.0,1538030.0,51164435.0,30060.53,1200,20000
54,2006,23 Jun 2006 - 21:00 ,Group G,"FIFA World Cup Stadium, Hanover",Hanover ,Switzerland,2,0,Korea Republic, ,43000.0,1,0,ELIZONDO Horacio (ARG),GARCIA Dario (ARG),OTERO Rodolfo (ARG),97410100,97410046,SUI,KOR,W,35,29,5.50,1537.0,678575.0,8544034.0,79420.92,11.50,1274.0,1538030.0,51164435.0,30060.53,10000,20000
55,2006,13 Jun 2006 - 21:00 ,Group F,Olympiastadion,Berlin ,Brazil,1,0,Croatia, ,72000.0,1,0,ARCHUNDIA Benito (MEX),RAMIREZ Jose (MEX),VERGARA Hector (CAN),97410100,97410011,BRA,CRO,W,1,23,24.95,1782.0,2054969.0,210867954.0,9745.29,10.90,1113.0,54516.0,4164783.0,13089.76,250,5000
56,2006,18 Jun 2006 - 15:00 ,Group F,Franken-Stadion,Nuremberg ,Japan,0,0,Croatia, ,41000.0,0,0,DE BLEECKERE Frank (BEL),HERMANS Peter (BEL),VROMANS Walter (BEL),97410100,97410028,JPN,CRO,D,18,23,11.15,1668.0,4872135.0,127185332.0,38307.37,10.90,1113.0,54516.0,4164783.0,13089.76,15000,5000
57,2006,19 Jun 2006 - 21:00 ,Group H,Gottlieb-Daimler-Stadion,Stuttgart ,Spain,3,1,Tunisia, ,52000.0,0,1,SIMON Carlos (BRA),TAVARES Aristeu (BRA),CORONA Ednilson (BRA),97410100,97410031,ESP,TUN,W,5,21,13.30,636.0,1313951.0,46397452.0,28319.46,19.20,207.0,40275.0,11659174.0,3454.36,1500,20000
58,2006,23 Jun 2006 - 16:00 ,Group H,Olympiastadion,Berlin ,Ukraine,1,0,Tunisia, ,72000.0,0,0,AMARILLA Carlos (PAR),ANDINO Amelio (PAR),BERNAL Manuel (PAR),97410100,97410048,UKR,TUN,W,45,21,8.30,1875.0,109321.0,44009214.0,2484.05,19.20,207.0,40275.0,11659174.0,3454.36,4000,20000
59,2006,14 Jun 2006 - 18:00 ,Group H,"FIFA World Cup Stadium, Munich",Munich ,Tunisia,2,2,Saudi Arabia, ,66000.0,1,0,SHIELD Mark (AUS),GIBSON Nathan (AUS),WILSON Ben (AUS),97410100,97410016,TUN,KSA,D,21,34,19.20,207.0,40275.0,11659174.0,3454.36,24.65,59.0,683827.0,33554343.0,20379.69,20000,50000
60,2006,20 Jun 2006 - 16:00 ,Group A,Olympiastadion,Berlin ,Ecuador,0,3,Germany, ,72000.0,0,2,IVANOV Valentin (RUS),GOLUBEV Nikolai (RUS),VOLNIN Evgueni (RUS),97410100,97410033,ECU,GER,L,39,19,21.85,2087.0,102311.0,16863425.0,6067.04,8.50,700.0,3684816.0,82293457.0,44776.54,20000,600
61,2006,20 Jun 2006 - 21:00 ,Group B,"FIFA World Cup Stadium, Cologne",Cologne ,Sweden,2,2,England, ,45000.0,0,1,BUSACCA Massimo (SUI),BURAGINA Francesco (SUI),ARNET Matthias (SUI),97410100,97410035,SWE,ENG,D,16,10,2.10,624.0,538575.0,9982709.0,53950.79,8.45,1220.0,2624529.0,66573504.0,39423.03,3000,700
62,2006,22 Jun 2006 - 21:00 ,Group F,"FIFA World Cup Stadium, Dortmund",Dortmund ,Japan,1,4,Brazil, ,65000.0,1,1,POULAT Eric (FRA),DAGORNE Lionel (FRA),TEXIER Vincent (FRA),97410100,97410043,JPN,BRA,L,18,1,11.15,1668.0,4872135.0,127185332.0,38307.37,24.95,1782.0,2054969.0,210867954.0,9745.29,15000,250
63,2006,23 Jun 2006 - 16:00 ,Group H,Fritz-Walter-Stadion,Kaiserslautern ,Saudi Arabia,0,1,Spain, ,46000.0,0,1,CODJIA Coffi (BEN),NTAGUNGIRA Celestin (RWA),ADERODJOU Aboudou (BEN),97410100,97410047,KSA,ESP,L,34,5,24.65,59.0,683827.0,33554343.0,20379.69,13.30,636.0,1313951.0,46397452.0,28319.46,50000,1500
64,2010,11 Jun 2010 - 16:00 ,Group A,Soccer City Stadium,Johannesburg ,South Africa,1,1,Mexico, ,84490.0,0,0,Ravshan IRMATOV (UZB),ILYASOV Rafael (UZB),KOCHKAROV Bakhadyr (KGZ),249722,300061454,RSA,MEX,D,83,17,17.75,495.0,349299.0,57398421.0,6085.52,21.00,752.0,1149236.0,130759074.0,8788.96,10000,6600
65,2010,27 Jun 2010 - 20:30 ,Round of 16,Soccer City Stadium,Johannesburg ,Argentina,3,1,Mexico, ,84377.0,2,0,ROSETTI Roberto (ITA),CALCAGNO Paolo (ITA),AYROLDI Stefano (ITA),249717,300061502,ARG,MEX,W,7,17,14.80,591.0,637717.0,44688864.0,14270.15,21.00,752.0,1149236.0,130759074.0,8788.96,650,6600
66,2010,17 Jun 2010 - 20:30 ,Group A,Peter Mokaba Stadium,Polokwane ,France,0,2,Mexico, ,35370.0,0,0,AL GHAMDI Khalil (KSA),KAMRANIFAR Hassan (IRN),AL MARZOUQI Saleh (UAE),249722,300061451,FRA,MEX,L,9,17,10.70,867.0,2583560.0,65233271.0,39604.94,21.00,752.0,1149236.0,130759074.0,8788.96,1600,6600
67,2010,16 Jun 2010 - 20:30 ,Group A,Loftus Versfeld Stadium,Tshwane/Pretoria ,South Africa,0,3,Uruguay, ,42658.0,0,1,BUSACCA Massimo (SUI),ARNET Matthias (SUI),BURAGINA Francesco (SUI),249722,300061452,RSA,URU,L,83,16,17.75,495.0,349299.0,57398421.0,6085.52,17.55,1265.0,58415.0,3469551.0,16836.47,10000,10000
68,2010,22 Jun 2010 - 16:00 ,Group A,Royal Bafokeng Sports Palace,Phokeng ,Mexico,0,1,Uruguay, ,33425.0,0,1,KASSAI Viktor (HUN),EROS Gabor (HUN),VAMOS Tibor (HUN),249722,300061450,MEX,URU,L,17,16,21.00,752.0,1149236.0,130759074.0,8788.96,17.55,1265.0,58415.0,3469551.0,16836.47,6600,10000
69,2010,11 Jun 2010 - 20:30 ,Group A,Cape Town Stadium,Cape Town ,Uruguay,0,0,France, ,64100.0,0,0,NISHIMURA Yuichi (JPN),SAGARA Toru (JPN),JEONG Hae Sang (KOR),249722,300061453,URU,FRA,D,16,9,17.55,1265.0,58415.0,3469551.0,16836.47,10.70,867.0,2583560.0,65233271.0,39604.94,10000,1600
70,2010,26 Jun 2010 - 16:00 ,Round of 16,Port Elizabeth Stadium,Nelson Mandela Bay/Port Elizabeth ,Uruguay,2,1,Korea Republic, ,30597.0,1,0,Wolfgang STARK (GER),SALVER Jan-Hendrik (GER),PICKEL Mike (GER),249717,300061504,URU,KOR,W,16,47,17.55,1265.0,58415.0,3469551.0,16836.47,11.50,1274.0,1538030.0,51164435.0,30060.53,10000,25000
71,2010,17 Jun 2010 - 13:30 ,Group B,Soccer City Stadium,Johannesburg ,Argentina,4,1,Korea Republic, ,82174.0,2,1,DE BLEECKERE Frank (BEL),HERMANS Peter (BEL),VROMANS Walter (BEL),249722,300061458,ARG,KOR,W,7,47,14.80,591.0,637717.0,44688864.0,14270.15,11.50,1274.0,1538030.0,51164435.0,30060.53,650,25000
72,2010,22 Jun 2010 - 20:30 ,Group B,Durban Stadium,Durban ,Nigeria,2,2,Korea Republic, ,61874.0,1,1,Oleg¥Ë_rio BENQUEREN¥Ë_A (POR),CARDINAL Jose (POR),MIRANDA Bertino (POR),249722,300111115,NGA,KOR,D,21,47,26.80,1150.0,376284.0,195875237.0,1921.04,11.50,1274.0,1538030.0,51164435.0,30060.53,10000,25000
73,2010,02 Jul 2010 - 20:30 ,Quarter-finals,Soccer City Stadium,Johannesburg ,Uruguay,1,1,Ghana,Uruguay win on penalties (4 - 2) ,84017.0,0,0,Oleg¥Ë_rio BENQUEREN¥Ë_A (POR),CARDINAL Jose (POR),MIRANDA Bertino (POR),249718,300061508,URU,GHA,W,16,32,17.55,1265.0,58415.0,3469551.0,16836.47,27.20,1187.0,47032.0,29463643.0,1596.27,10000,10000
74,2010,13 Jun 2010 - 16:00 ,Group D,Loftus Versfeld Stadium,Tshwane/Pretoria ,Serbia,0,1,Ghana, ,38833.0,0,0,BALDASSI Hector (ARG),CASAS Ricardo (ARG),MAIDANA Hernan (ARG),249722,300061471,SRB,GHA,L,15,32,10.55,680.0,41471.0,8762027.0,4733.04,27.20,1187.0,47032.0,29463643.0,1596.27,5000,10000
75,2010,26 Jun 2010 - 20:30 ,Round of 16,Royal Bafokeng Sports Palace,Phokeng ,USA,1,2,Ghana,Ghana win after extra time ,34976.0,0,0,KASSAI Viktor (HUN),EROS Gabor (HUN),VAMOS Tibor (HUN),249717,300061503,USA,GHA,L,14,32,8.55,715.0,19390600.0,326766748.0,59340.8,27.20,1187.0,47032.0,29463643.0,1596.27,6600,10000
76,2010,06 Jul 2010 - 20:30 ,Semi-finals,Cape Town Stadium,Cape Town ,Uruguay,2,3,Netherlands, ,62479.0,1,1,Ravshan IRMATOV (UZB),ILYASOV Rafael (UZB),KOCHKAROV Bakhadyr (KGZ),249719,300061512,URU,NED,L,16,4,17.55,1265.0,58415.0,3469551.0,16836.47,9.25,778.0,825745.0,17084459.0,48333.11,10000,900
77,2010,24 Jun 2010 - 20:30 ,Group E,Cape Town Stadium,Cape Town ,Cameroon,1,2,Netherlands, ,63093.0,0,1,POZO Pablo (CHI),BASUALTO Patricio (CHI),MONDRIA Francisco (CHI),249722,300061473,CMR,NED,L,19,4,24.60,1604.0,34006.0,24678234.0,1377.98,9.25,778.0,825745.0,17084459.0,48333.11,8000,900
78,2010,10 Jul 2010 - 20:30 ,Match for third place,Port Elizabeth Stadium,Nelson Mandela Bay/Port Elizabeth ,Uruguay,2,3,Germany, ,36254.0,1,1,ARCHUNDIA Benito (MEX),VERGARA Hector (CAN),TORRENTERA Marvin (MEX),249720,300061510,URU,GER,L,16,6,17.55,1265.0,58415.0,3469551.0,16836.47,8.50,700.0,3684816.0,82293457.0,44776.54,10000,1100
79,2010,03 Jul 2010 - 16:00 ,Quarter-finals,Cape Town Stadium,Cape Town ,Argentina,0,4,Germany, ,64100.0,0,1,Ravshan IRMATOV (UZB),ILYASOV Rafael (UZB),KOCHKAROV Bakhadyr (KGZ),249718,300061505,ARG,GER,L,7,6,14.80,591.0,637717.0,44688864.0,14270.15,8.50,700.0,3684816.0,82293457.0,44776.54,650,1100
80,2010,23 Jun 2010 - 20:30 ,Group D,Soccer City Stadium,Johannesburg ,Ghana,0,1,Germany, ,83391.0,0,0,SIMON Carlos (BRA),HAUSMANN Altemir (BRA),BRAATZ Roberto (BRA),249722,300061468,GHA,GER,L,32,6,27.20,1187.0,47032.0,29463643.0,1596.27,8.50,700.0,3684816.0,82293457.0,44776.54,10000,1100
81,2010,12 Jun 2010 - 13:30 ,Group B,Port Elizabeth Stadium,Nelson Mandela Bay/Port Elizabeth ,Korea Republic,2,0,Greece, ,31513.0,1,0,HESTER Michael (NZL),HINTZ Jan Hendrik (NZL),MAKASINI Tevita (TGA),249722,300061459,KOR,GRE,W,47,13,11.50,1274.0,1538030.0,51164435.0,30060.53,15.40,652.0,200690.0,11142161.0,18011.77,25000,15000
82,2010,12 Jun 2010 - 16:00 ,Group B,Ellis Park Stadium,Johannesburg ,Argentina,1,0,Nigeria, ,55686.0,1,0,Wolfgang STARK (GER),SALVER Jan-Hendrik (GER),PICKEL Mike (GER),249722,300061460,ARG,NGA,W,7,21,14.80,591.0,637717.0,44688864.0,14270.15,26.80,1150.0,376284.0,195875237.0,1921.04,650,10000
83,2010,17 Jun 2010 - 16:00 ,Group B,Free State Stadium,Mangaung/Bloemfontein ,Greece,2,1,Nigeria, ,31593.0,1,1,RUIZ Oscar (COL),GONZALEZ Abraham (COL),CLAVIJO Humberto (COL),249722,300061457,GRE,NGA,W,13,21,15.40,652.0,200690.0,11142161.0,18011.77,26.80,1150.0,376284.0,195875237.0,1921.04,15000,10000
84,2010,12 Jun 2010 - 20:30 ,Group C,Royal Bafokeng Sports Palace,Phokeng ,England,1,1,USA, ,38646.0,1,1,SIMON Carlos (BRA),HAUSMANN Altemir (BRA),BRAATZ Roberto (BRA),249722,300061466,ENG,USA,D,8,14,8.45,1220.0,2624529.0,66573504.0,39423.03,8.55,715.0,19390600.0,326766748.0,59340.8,650,6600
85,2010,18 Jun 2010 - 16:00 ,Group C,Ellis Park Stadium,Johannesburg ,Slovenia,2,2,USA, ,45573.0,2,0,Koman COULIBALY (MLI),ACHIK Redouane (MAR),MANUEL CANDIDO Inacio (ANG),249722,300061463,SVN,USA,D,25,14,8.90,1162.0,48868.0,2081260.0,23480.01,8.55,715.0,19390600.0,326766748.0,59340.8,25000,6600
86,2010,18 Jun 2010 - 20:30 ,Group C,Cape Town Stadium,Cape Town ,England,0,0,Algeria, ,64100.0,0,0,Ravshan IRMATOV (UZB),ILYASOV Rafael (UZB),KOCHKAROV Bakhadyr (KGZ),249722,300061464,ENG,ALG,D,8,30,8.45,1220.0,2624529.0,66573504.0,39423.03,22.50,89.0,178287.0,42008054.0,4244.11,650,50000
87,2010,23 Jun 2010 - 16:00 ,Group C,Loftus Versfeld Stadium,Tshwane/Pretoria ,USA,1,0,Algeria, ,35827.0,0,0,DE BLEECKERE Frank (BEL),HERMANS Peter (BEL),VROMANS Walter (BEL),249722,300061461,USA,ALG,W,14,30,8.55,715.0,19390600.0,326766748.0,59340.8,22.50,89.0,178287.0,42008054.0,4244.11,6600,50000
88,2010,13 Jun 2010 - 13:30 ,Group C,Peter Mokaba Stadium,Polokwane ,Algeria,0,1,Slovenia, ,30325.0,0,0,BATRES Carlos (GUA),LEAL Leonel (CRC),PASTRANA Carlos (HON),249722,300061465,ALG,SVN,L,30,25,22.50,89.0,178287.0,42008054.0,4244.11,8.90,1162.0,48868.0,2081260.0,23480.01,50000,25000
89,2010,13 Jun 2010 - 20:30 ,Group D,Durban Stadium,Durban ,Germany,4,0,Australia, ,62660.0,2,0,RODRIGUEZ Marco (MEX),CAMARGO Jose Luis (MEX),MORIN Alberto (MEX),249722,300111116,GER,AUS,W,6,20,8.50,700.0,3684816.0,82293457.0,44776.54,21.65,534.0,1379548.0,24772247.0,55689.26,1100,12500
90,2010,19 Jun 2010 - 16:00 ,Group D,Royal Bafokeng Sports Palace,Phokeng ,Ghana,1,1,Australia, ,34812.0,1,1,ROSETTI Roberto (ITA),CALCAGNO Paolo (ITA),AYROLDI Stefano (ITA),249722,300061469,GHA,AUS,D,32,20,27.20,1187.0,47032.0,29463643.0,1596.27,21.65,534.0,1379548.0,24772247.0,55689.26,10000,12500
91,2010,18 Jun 2010 - 13:30 ,Group D,Port Elizabeth Stadium,Nelson Mandela Bay/Port Elizabeth ,Germany,0,1,Serbia, ,38294.0,0,1,Alberto UNDIANO MALLENCO (ESP),MARTINEZ Fermin (ESP),YUSTE Juan (ESP),249722,300061470,GER,SRB,L,6,15,8.50,700.0,3684816.0,82293457.0,44776.54,10.55,680.0,41471.0,8762027.0,4733.04,1100,5000
92,2010,23 Jun 2010 - 20:30 ,Group D,Mbombela Stadium,Nelspruit ,Australia,2,1,Serbia, ,37836.0,0,0,LARRIONDA Jorge (URU),FANDINO Pablo (URU),ESPINOSA Mauricio (URU),249722,300061467,AUS,SRB,W,20,15,21.65,534.0,1379548.0,24772247.0,55689.26,10.55,680.0,41471.0,8762027.0,4733.04,12500,5000
93,2010,27 Jun 2010 - 16:00 ,Round of 16,Free State Stadium,Mangaung/Bloemfontein ,Germany,4,1,England, ,40510.0,2,1,LARRIONDA Jorge (URU),FANDINO Pablo (URU),ESPINOSA Mauricio (URU),249717,300061501,GER,ENG,W,6,8,8.50,700.0,3684816.0,82293457.0,44776.54,8.45,1220.0,2624529.0,66573504.0,39423.03,1100,650
94,2010,23 Jun 2010 - 16:00 ,Group C,Port Elizabeth Stadium,Nelson Mandela Bay/Port Elizabeth ,Slovenia,0,1,England, ,36893.0,0,1,Wolfgang STARK (GER),SALVER Jan-Hendrik (GER),PICKEL Mike (GER),249722,300061462,SVN,ENG,L,25,8,8.90,1162.0,48868.0,2081260.0,23480.01,8.45,1220.0,2624529.0,66573504.0,39423.03,25000,650
95,2010,07 Jul 2010 - 20:30 ,Semi-finals,Durban Stadium,Durban ,Germany,0,1,Spain, ,60960.0,0,0,KASSAI Viktor (HUN),EROS Gabor (HUN),VAMOS Tibor (HUN),249719,300111114,GER,ESP,L,6,2,8.50,700.0,3684816.0,82293457.0,44776.54,13.30,636.0,1313951.0,46397452.0,28319.46,1100,350
96,2010,11 Jul 2010 - 20:30 ,Final,Soccer City Stadium,Johannesburg ,Netherlands,0,1,Spain,Spain win after extra time ,84490.0,0,0,WEBB Howard (ENG),Darren CANN (ENG),MULLARKEY Michael (ENG),249721,300061509,NED,ESP,L,4,2,9.25,778.0,825745.0,17084459.0,48333.11,13.30,636.0,1313951.0,46397452.0,28319.46,900,350
97,2010,25 Jun 2010 - 20:30 ,Group H,Loftus Versfeld Stadium,Tshwane/Pretoria ,Chile,1,2,Spain, ,41958.0,0,2,RODRIGUEZ Marco (MEX),CAMARGO Jose Luis (MEX),MORIN Alberto (MEX),249722,300061491,CHI,ESP,L,18,2,8.45,1522.0,277042.0,18197209.0,15224.42,13.30,636.0,1313951.0,46397452.0,28319.46,6600,350
98,2010,03 Jul 2010 - 20:30 ,Quarter-finals,Ellis Park Stadium,Johannesburg ,Paraguay,0,1,Spain, ,55359.0,0,0,BATRES Carlos (GUA),LEAL Leonel (CRC),PASTRANA Carlos (HON),249718,300061506,PAR,ESP,L,31,2,23.55,1130.0,29619.0,6896908.0,4294.53,13.30,636.0,1313951.0,46397452.0,28319.46,6600,350
99,2010,14 Jun 2010 - 13:30 ,Group E,Soccer City Stadium,Johannesburg ,Netherlands,2,0,Denmark, ,83465.0,0,0,St¥Ë_phane LANNOY (FRA),DANSAULT Eric (FRA),UGO Laurent (FRA),249722,300061478,NED,DEN,W,4,36,9.25,778.0,825745.0,17084459.0,48333.11,7.50,703.0,324484.0,5754356.0,56389.28,900,10000
100,2010,19 Jun 2010 - 20:30 ,Group E,Loftus Versfeld Stadium,Tshwane/Pretoria ,Cameroon,1,2,Denmark, ,38074.0,1,1,LARRIONDA Jorge (URU),FANDINO Pablo (URU),ESPINOSA Mauricio (URU),249722,300061475,CMR,DEN,L,19,36,24.60,1604.0,34006.0,24678234.0,1377.98,7.50,703.0,324484.0,5754356.0,56389.28,8000,10000
101,2010,19 Jun 2010 - 13:30 ,Group E,Durban Stadium,Durban ,Netherlands,1,0,Japan, ,62010.0,0,0,BALDASSI Hector (ARG),CASAS Ricardo (ARG),MAIDANA Hernan (ARG),249722,300111117,NED,JPN,W,4,45,9.25,778.0,825745.0,17084459.0,48333.11,11.15,1668.0,4872135.0,127185332.0,38307.37,900,30000
102,2010,29 Jun 2010 - 16:00 ,Round of 16,Loftus Versfeld Stadium,Tshwane/Pretoria ,Paraguay,0,0,Japan,Paraguay win on penalties (5 - 3) ,36742.0,0,0,DE BLEECKERE Frank (BEL),HERMANS Peter (BEL),VROMANS Walter (BEL),249717,300061497,PAR,JPN,W,31,45,23.55,1130.0,29619.0,6896908.0,4294.53,11.15,1668.0,4872135.0,127185332.0,38307.37,6600,30000
103,2010,24 Jun 2010 - 20:30 ,Group E,Royal Bafokeng Sports Palace,Phokeng ,Denmark,1,3,Japan, ,27967.0,0,2,DAMON Jerome (RSA),NTAGUNGIRA Celestin (RWA),MOLEFE Enock (RSA),249722,300061474,DEN,JPN,L,36,45,7.50,703.0,324484.0,5754356.0,56389.28,11.15,1668.0,4872135.0,127185332.0,38307.37,10000,30000
104,2010,28 Jun 2010 - 16:00 ,Round of 16,Durban Stadium,Durban ,Netherlands,2,1,Slovakia, ,61962.0,1,0,Alberto UNDIANO MALLENCO (ESP),MARTINEZ Fermin (ESP),YUSTE Juan (ESP),249717,300111113,NED,SVK,W,4,34,9.25,778.0,825745.0,17084459.0,48333.11,6.80,824.0,95938.0,5449816.0,17603.9,900,25000
105,2010,15 Jun 2010 - 13:30 ,Group F,Royal Bafokeng Sports Palace,Phokeng ,New Zealand,1,1,Slovakia, ,23871.0,0,0,DAMON Jerome (RSA),NTAGUNGIRA Celestin (RWA),MOLEFE Enock (RSA),249722,300061483,NZL,SVK,D,78,34,10.55,1732.0,201485.0,4749598.0,42421.48,6.80,824.0,95938.0,5449816.0,17603.9,100000,25000
106,2010,02 Jul 2010 - 16:00 ,Quarter-finals,Port Elizabeth Stadium,Nelson Mandela Bay/Port Elizabeth ,Netherlands,2,1,Brazil, ,40186.0,0,1,NISHIMURA Yuichi (JPN),SAGARA Toru (JPN),JEONG Hae Sang (KOR),249718,300061507,NED,BRA,W,4,1,9.25,778.0,825745.0,17084459.0,48333.11,24.95,1782.0,2054969.0,210867954.0,9745.29,900,450
107,2010,25 Jun 2010 - 16:00 ,Group G,Durban Stadium,Durban ,Portugal,0,0,Brazil, ,62712.0,0,0,ARCHUNDIA Benito (MEX),VERGARA Hector (CAN),TORRENTERA Marvin (MEX),249722,300111111,POR,BRA,D,3,1,15.15,854.0,218064.0,10291196.0,21189.37,24.95,1782.0,2054969.0,210867954.0,9745.29,2500,450
108,2010,14 Jun 2010 - 16:00 ,Group E,Free State Stadium,Mangaung/Bloemfontein ,Japan,1,0,Cameroon, ,30620.0,1,0,Oleg¥Ë_rio BENQUEREN¥Ë_A (POR),CARDINAL Jose (POR),MIRANDA Bertino (POR),249722,300061477,JPN,CMR,W,45,19,11.15,1668.0,4872135.0,127185332.0,38307.37,24.60,1604.0,34006.0,24678234.0,1377.98,30000,8000
109,2010,14 Jun 2010 - 20:30 ,Group F,Cape Town Stadium,Cape Town ,Italy,1,1,Paraguay, ,62869.0,0,1,ARCHUNDIA Benito (MEX),VERGARA Hector (CAN),TORRENTERA Marvin (MEX),249722,300061484,ITA,PAR,D,5,31,13.45,832.0,1937894.0,59290969.0,32684.47,23.55,1130.0,29619.0,6896908.0,4294.53,1200,6600
110,2010,20 Jun 2010 - 13:30 ,Group F,Free State Stadium,Mangaung/Bloemfontein ,Slovakia,0,2,Paraguay, ,26643.0,0,1,MAILLET Eddy (SEY),MENKOUANDE Evarist (CMR),HASSANI Bechir (TUN),249722,300061481,SVK,PAR,L,34,31,6.80,824.0,95938.0,5449816.0,17603.9,23.55,1130.0,29619.0,6896908.0,4294.53,25000,6600
111,2010,20 Jun 2010 - 16:00 ,Group F,Mbombela Stadium,Nelspruit ,Italy,1,1,New Zealand, ,38229.0,1,1,BATRES Carlos (GUA),LEAL Leonel (CRC),PASTRANA Carlos (HON),249722,300061482,ITA,NZL,D,5,78,13.45,832.0,1937894.0,59290969.0,32684.47,10.55,1732.0,201485.0,4749598.0,42421.48,1200,100000
112,2010,24 Jun 2010 - 16:00 ,Group F,Peter Mokaba Stadium,Polokwane ,Paraguay,0,0,New Zealand, ,34850.0,0,0,NISHIMURA Yuichi (JPN),SAGARA Toru (JPN),JEONG Hae Sang (KOR),249722,300061479,PAR,NZL,D,31,78,23.55,1130.0,29619.0,6896908.0,4294.53,10.55,1732.0,201485.0,4749598.0,42421.48,6600,100000
113,2010,15 Jun 2010 - 16:00 ,Group G,Port Elizabeth Stadium,Nelson Mandela Bay/Port Elizabeth ,Ivory Coast,0,0,Portugal, ,37034.0,0,0,LARRIONDA Jorge (URU),FANDINO Pablo (URU),ESPINOSA Mauricio (URU),249722,300061489,CIV,POR,D,27,3,26.35,1348.0,40360.0,24905843.0,1620.5,15.15,854.0,218064.0,10291196.0,21189.37,4000,2500
114,2010,29 Jun 2010 - 20:30 ,Round of 16,Cape Town Stadium,Cape Town ,Spain,1,0,Portugal, ,62955.0,0,0,BALDASSI Hector (ARG),CASAS Ricardo (ARG),MAIDANA Hernan (ARG),249717,300061498,ESP,POR,W,2,3,13.30,636.0,1313951.0,46397452.0,28319.46,15.15,854.0,218064.0,10291196.0,21189.37,350,2500
115,2010,15 Jun 2010 - 20:30 ,Group G,Ellis Park Stadium,Johannesburg ,Brazil,2,1,Korea DPR, ,54331.0,0,0,KASSAI Viktor (HUN),EROS Gabor (HUN),VAMOS Tibor (HUN),249722,300061490,BRA,PRK,W,1,105,24.95,1782.0,2054969.0,210867954.0,9745.29,5.70,1054.0,12600.0,25490000.0,1800.0,450,100000
116,2010,21 Jun 2010 - 13:30 ,Group G,Cape Town Stadium,Cape Town ,Portugal,7,0,Korea DPR, ,63644.0,1,0,POZO Pablo (CHI),BASUALTO Patricio (CHI),MONDRIA Francisco (CHI),249722,300061487,POR,PRK,W,3,105,15.15,854.0,218064.0,10291196.0,21189.37,5.70,1054.0,12600.0,25490000.0,1800.0,2500,100000
117,2010,20 Jun 2010 - 20:30 ,Group G,Soccer City Stadium,Johannesburg ,Brazil,3,1,Ivory Coast, ,84455.0,1,0,St¥Ë_phane LANNOY (FRA),DANSAULT Eric (FRA),UGO Laurent (FRA),249722,300061488,BRA,CIV,W,1,27,24.95,1782.0,2054969.0,210867954.0,9745.29,26.35,1348.0,40360.0,24905843.0,1620.5,450,4000
118,2010,25 Jun 2010 - 16:00 ,Group G,Mbombela Stadium,Nelspruit ,Korea DPR,0,3,Ivory Coast, ,34763.0,0,2,Alberto UNDIANO MALLENCO (ESP),MARTINEZ Fermin (ESP),YUSTE Juan (ESP),249722,300061486,PRK,CIV,L,105,27,5.70,1054.0,12600.0,25490000.0,1800.0,26.35,1348.0,40360.0,24905843.0,1620.5,100000,4000
119,2010,28 Jun 2010 - 20:30 ,Round of 16,Ellis Park Stadium,Johannesburg ,Brazil,3,0,Chile, ,54096.0,2,0,WEBB Howard (ENG),Darren CANN (ENG),MULLARKEY Michael (ENG),249717,300061500,BRA,CHI,W,1,18,24.95,1782.0,2054969.0,210867954.0,9745.29,8.45,1522.0,277042.0,18197209.0,15224.42,450,6600
120,2010,16 Jun 2010 - 13:30 ,Group H,Mbombela Stadium,Nelspruit ,Honduras,0,1,Chile, ,32664.0,0,1,MAILLET Eddy (SEY),MENKOUANDE Evarist (CMR),HASSANI Bechir (TUN),249722,300061495,HON,CHI,L,38,18,23.50,1976.0,22975.0,9417167.0,2439.69,8.45,1522.0,277042.0,18197209.0,15224.42,50000,6600
121,2010,16 Jun 2010 - 16:00 ,Group H,Durban Stadium,Durban ,Spain,0,1,Switzerland, ,62453.0,0,0,WEBB Howard (ENG),Darren CANN (ENG),MULLARKEY Michael (ENG),249722,300111112,ESP,SUI,L,2,24,13.30,636.0,1313951.0,46397452.0,28319.46,5.50,1537.0,678575.0,8544034.0,79420.92,350,20000
122,2010,21 Jun 2010 - 16:00 ,Group H,Port Elizabeth Stadium,Nelson Mandela Bay/Port Elizabeth ,Chile,1,0,Switzerland, ,34872.0,0,0,AL GHAMDI Khalil (KSA),KAMRANIFAR Hassan (IRN),AL MARZOUQI Saleh (UAE),249722,300061493,CHI,SUI,W,18,24,8.45,1522.0,277042.0,18197209.0,15224.42,5.50,1537.0,678575.0,8544034.0,79420.92,6600,20000
123,2010,21 Jun 2010 - 20:30 ,Group H,Ellis Park Stadium,Johannesburg ,Spain,2,0,Honduras, ,54386.0,1,0,NISHIMURA Yuichi (JPN),SAGARA Toru (JPN),JEONG Hae Sang (KOR),249722,300061494,ESP,HON,W,2,38,13.30,636.0,1313951.0,46397452.0,28319.46,23.50,1976.0,22975.0,9417167.0,2439.69,350,50000
124,2010,25 Jun 2010 - 20:30 ,Group H,Free State Stadium,Mangaung/Bloemfontein ,Switzerland,0,0,Honduras, ,28042.0,0,0,BALDASSI Hector (ARG),CASAS Ricardo (ARG),MAIDANA Hernan (ARG),249722,300061492,SUI,HON,D,24,38,5.50,1537.0,678575.0,8544034.0,79420.92,23.50,1976.0,22975.0,9417167.0,2439.69,20000,50000
125,2010,22 Jun 2010 - 20:30 ,Group B,Peter Mokaba Stadium,Polokwane ,Greece,0,2,Argentina, ,38891.0,0,0,Ravshan IRMATOV (UZB),ILYASOV Rafael (UZB),KOCHKAROV Bakhadyr (KGZ),249722,300061455,GRE,ARG,L,13,7,15.40,652.0,200690.0,11142161.0,18011.77,14.80,591.0,637717.0,44688864.0,14270.15,15000,650
126,2010,22 Jun 2010 - 16:00 ,Group A,Free State Stadium,Mangaung/Bloemfontein ,France,1,2,South Africa, ,39415.0,0,2,RUIZ Oscar (COL),GONZALEZ Abraham (COL),CLAVIJO Humberto (COL),249722,300061449,FRA,RSA,L,9,83,10.70,867.0,2583560.0,65233271.0,39604.94,17.75,495.0,349299.0,57398421.0,6085.52,1600,10000
127,2010,24 Jun 2010 - 16:00 ,Group F,Ellis Park Stadium,Johannesburg ,Slovakia,3,2,Italy, ,53412.0,1,0,WEBB Howard (ENG),Darren CANN (ENG),MULLARKEY Michael (ENG),249722,300061480,SVK,ITA,W,34,5,6.80,824.0,95938.0,5449816.0,17603.9,13.45,832.0,1937894.0,59290969.0,32684.47,25000,1200
128,2014,12 Jun 2014 - 17:00 ,Group A,Arena de Sao Paulo,Sao Paulo ,Brazil,3,1,Croatia, ,62103.0,1,1,NISHIMURA Yuichi (JPN),SAGARA Toru (JPN),NAGI Toshiyuki (JPN),255931,300186456,BRA,CRO,W,4,20,24.95,1782.0,2054969.0,210867954.0,9745.29,10.90,1113.0,54516.0,4164783.0,13089.76,275,15000
129,2014,18 Jun 2014 - 18:00 ,Group A,Arena Amazonia,Manaus ,Cameroon,0,4,Croatia, ,39982.0,0,1,PROENCA Pedro (POR),MIRANDA Bertino (POR),TRIGO Jose (POR),255931,300186453,CMR,CRO,L,50,20,24.60,1604.0,34006.0,24678234.0,1377.98,10.90,1113.0,54516.0,4164783.0,13089.76,50000,15000
130,2014,17 Jun 2014 - 16:00 ,Group A,Estadio Castelao,Fortaleza ,Brazil,0,0,Mexico, ,60342.0,0,0,C¥Ë_neyt ¥Ë_AKIR (TUR),DURAN Bahattin (TUR),ONGUN Tarik (TUR),255931,300186509,BRA,MEX,D,4,19,24.95,1782.0,2054969.0,210867954.0,9745.29,21.00,752.0,1149236.0,130759074.0,8788.96,275,15000
131,2014,29 Jun 2014 - 13:00 ,Round of 16,Estadio Castelao,Fortaleza ,Netherlands,2,1,Mexico, ,58817.0,0,0,PROENCA Pedro (POR),MIRANDA Bertino (POR),TRIGO Jose (POR),255951,300186508,NED,MEX,W,15,19,9.25,778.0,825745.0,17084459.0,48333.11,21.00,752.0,1149236.0,130759074.0,8788.96,3300,15000
132,2014,29 Jun 2014 - 13:00 ,Round of 16,Estadio Castelao,Fortaleza ,Netherlands,2,1,Mexico, ,58817.0,0,0,PROENCA Pedro (POR),MIRANDA Bertino (POR),TRIGO Jose (POR),255951,300186508,NED,MEX,W,15,19,9.25,778.0,825745.0,17084459.0,48333.11,21.00,752.0,1149236.0,130759074.0,8788.96,3300,15000
133,2014,23 Jun 2014 - 17:00 ,Group A,Arena Pernambuco,Recife ,Croatia,1,3,Mexico, ,41212.0,0,0,Ravshan IRMATOV (UZB),RASULOV Abduxamidullo (UZB),KOCHKAROV Bakhadyr (KGZ),255931,300186452,CRO,MEX,L,20,19,10.90,1113.0,54516.0,4164783.0,13089.76,21.00,752.0,1149236.0,130759074.0,8788.96,15000,15000
134,2014,28 Jun 2014 - 13:00 ,Round of 16,Estadio Mineirao,Belo Horizonte ,Brazil,1,1,Chile,Brazil win on penalties (3 - 2) ,57714.0,0,0,WEBB Howard (ENG),MULLARKEY Michael (ENG),Darren CANN (ENG),255951,300186487,BRA,CHI,W,4,13,24.95,1782.0,2054969.0,210867954.0,9745.29,8.45,1522.0,277042.0,18197209.0,15224.42,275,4000
135,2014,28 Jun 2014 - 13:00 ,Round of 16,Estadio Mineirao,Belo Horizonte ,Brazil,1,1,Chile,Brazil win on penalties (3 - 2) ,57714.0,0,0,WEBB Howard (ENG),MULLARKEY Michael (ENG),Darren CANN (ENG),255951,300186487,BRA,CHI,W,4,13,24.95,1782.0,2054969.0,210867954.0,9745.29,8.45,1522.0,277042.0,18197209.0,15224.42,275,4000
136,2014,18 Jun 2014 - 16:00 ,Group B,Estadio do Maracana,Rio De Janeiro ,Spain,0,2,Chile, ,74101.0,0,2,GEIGER Mark (USA),HURD Sean (USA),FLETCHER Joe (CAN),255931,300186498,ESP,CHI,L,1,13,13.30,636.0,1313951.0,46397452.0,28319.46,8.45,1522.0,277042.0,18197209.0,15224.42,600,4000
137,2014,23 Jun 2014 - 13:00 ,Group B,Arena de Sao Paulo,Sao Paulo ,Netherlands,2,0,Chile, ,62996.0,0,0,Bakary GASSAMA (GAM),MENKOUANDE Evarist (CMR),KABANDA Felicien (RWA),255931,300186470,NED,CHI,W,15,13,9.25,778.0,825745.0,17084459.0,48333.11,8.45,1522.0,277042.0,18197209.0,15224.42,3300,4000
138,2014,04 Jul 2014 - 17:00 ,Quarter-finals,Estadio Castelao,Fortaleza ,Brazil,2,1,Colombia, ,60342.0,1,0,Carlos VELASCO CARBALLO (ESP),ALONSO FERNANDEZ Roberto (ESP),YUSTE Juan (ESP),255953,300186461,BRA,COL,W,4,5,24.95,1782.0,2054969.0,210867954.0,9745.29,24.50,2612.0,309197.0,49464683.0,6250.86,275,3300
139,2014,04 Jul 2014 - 17:00 ,Quarter-finals,Estadio Castelao,Fortaleza ,Brazil,2,1,Colombia, ,60342.0,1,0,Carlos VELASCO CARBALLO (ESP),ALONSO FERNANDEZ Roberto (ESP),YUSTE Juan (ESP),255953,300186461,BRA,COL,W,4,5,24.95,1782.0,2054969.0,210867954.0,9745.29,24.50,2612.0,309197.0,49464683.0,6250.86,275,3300
140,2014,24 Jun 2014 - 16:00 ,Group C,Arena Pantanal,Cuiaba ,Japan,1,4,Colombia, ,40340.0,1,1,PROENCA Pedro (POR),MIRANDA Bertino (POR),TRIGO Jose (POR),255931,300186457,JPN,COL,L,47,5,11.15,1668.0,4872135.0,127185332.0,38307.37,24.50,2612.0,309197.0,49464683.0,6250.86,12500,3300
141,2014,08 Jul 2014 - 17:00 ,Semi-finals,Estadio Mineirao,Belo Horizonte ,Brazil,1,7,Germany, ,58141.0,0,5,RODRIGUEZ Marco (MEX),TORRENTERA Marvin (MEX),QUINTERO Marcos (MEX),255955,300186474,BRA,GER,L,4,2,24.95,1782.0,2054969.0,210867954.0,9745.29,8.50,700.0,3684816.0,82293457.0,44776.54,275,600
142,2014,08 Jul 2014 - 17:00 ,Semi-finals,Estadio Mineirao,Belo Horizonte ,Brazil,1,7,Germany, ,58141.0,0,5,RODRIGUEZ Marco (MEX),TORRENTERA Marvin (MEX),QUINTERO Marcos (MEX),255955,300186474,BRA,GER,L,4,2,24.95,1782.0,2054969.0,210867954.0,9745.29,8.50,700.0,3684816.0,82293457.0,44776.54,275,600
143,2014,04 Jul 2014 - 13:00 ,Quarter-finals,Estadio do Maracana,Rio De Janeiro ,France,0,1,Germany, ,74240.0,0,1,PITANA Nestor (ARG),MAIDANA Hernan (ARG),BELATTI Juan Pablo (ARG),255953,300186485,FRA,GER,L,16,2,10.70,867.0,2583560.0,65233271.0,39604.94,8.50,700.0,3684816.0,82293457.0,44776.54,2200,600
144,2014,04 Jul 2014 - 13:00 ,Quarter-finals,Estadio do Maracana,Rio De Janeiro ,France,0,1,Germany, ,74240.0,0,1,PITANA Nestor (ARG),MAIDANA Hernan (ARG),BELATTI Juan Pablo (ARG),255953,300186485,FRA,GER,L,16,2,10.70,867.0,2583560.0,65233271.0,39604.94,8.50,700.0,3684816.0,82293457.0,44776.54,2200,600
145,2014,26 Jun 2014 - 13:00 ,Group G,Arena Pernambuco,Recife ,USA,0,1,Germany, ,41876.0,0,0,Ravshan IRMATOV (UZB),RASULOV Abduxamidullo (UZB),KOCHKAROV Bakhadyr (KGZ),255931,300186469,USA,GER,L,14,2,8.55,715.0,19390600.0,326766748.0,59340.8,8.50,700.0,3684816.0,82293457.0,44776.54,12500,600
146,2014,12 Jul 2014 - 17:00 ,Play-off for third place,Estadio Nacional,Brasilia ,Brazil,0,3,Netherlands, ,68034.0,0,2,HAIMOUDI Djamel (ALG),ACHIK Redouane (MAR),ETCHIALI Abdelhak (ALG),255957,300186502,BRA,NED,L,4,15,24.95,1782.0,2054969.0,210867954.0,9745.29,9.25,778.0,825745.0,17084459.0,48333.11,275,3300
147,2014,12 Jul 2014 - 17:00 ,Play-off for third place,Estadio Nacional,Brasilia ,Brazil,0,3,Netherlands, ,68034.0,0,2,HAIMOUDI Djamel (ALG),ACHIK Redouane (MAR),ETCHIALI Abdelhak (ALG),255957,300186502,BRA,NED,L,4,15,24.95,1782.0,2054969.0,210867954.0,9745.29,9.25,778.0,825745.0,17084459.0,48333.11,275,3300
148,2014,13 Jun 2014 - 16:00 ,Group B,Arena Fonte Nova,Salvador ,Spain,1,5,Netherlands, ,48173.0,1,1,Nicola RIZZOLI (ITA),Renato FAVERANI (ITA),Andrea STEFANI (ITA),255931,300186510,ESP,NED,L,1,15,13.30,636.0,1313951.0,46397452.0,28319.46,9.25,778.0,825745.0,17084459.0,48333.11,600,3300
149,2014,18 Jun 2014 - 13:00 ,Group B,Estadio Beira-Rio,Porto Alegre ,Australia,2,3,Netherlands, ,42877.0,1,1,HAIMOUDI Djamel (ALG),ACHIK Redouane (MAR),ETCHIALI Abdelhak (ALG),255931,300186478,AUS,NED,L,59,15,21.65,534.0,1379548.0,24772247.0,55689.26,9.25,778.0,825745.0,17084459.0,48333.11,75000,3300
150,2014,13 Jun 2014 - 13:00 ,Group A,Estadio das Dunas,Natal ,Mexico,1,0,Cameroon, ,39216.0,0,0,ROLDAN Wilmar (COL),CLAVIJO Humberto (COL),DIAZ Eduardo (COL),255931,300186492,MEX,CMR,W,19,50,21.00,752.0,1149236.0,130759074.0,8788.96,24.60,1604.0,34006.0,24678234.0,1377.98,15000,50000
151,2014,13 Jun 2014 - 18:00 ,Group B,Arena Pantanal,Cuiaba ,Chile,3,1,Australia, ,40275.0,2,1,Noumandiez DOUE (CIV),YEO Songuifolo (CIV),BIRUMUSHAHU Jean Claude (BDI),255931,300186473,CHI,AUS,W,13,59,8.45,1522.0,277042.0,18197209.0,15224.42,21.65,534.0,1379548.0,24772247.0,55689.26,4000,75000
152,2014,14 Jun 2014 - 13:00 ,Group C,Estadio Mineirao,Belo Horizonte ,Colombia,3,0,Greece, ,57174.0,1,0,GEIGER Mark (USA),HURD Sean (USA),FLETCHER Joe (CAN),255931,300186471,COL,GRE,W,5,10,24.50,2612.0,309197.0,49464683.0,6250.86,15.40,652.0,200690.0,11142161.0,18011.77,3300,20000
153,2014,19 Jun 2014 - 19:00 ,Group C,Estadio das Dunas,Natal ,Japan,0,0,Greece, ,39485.0,0,0,AGUILAR Joel (SLV),TORRES William (SLV),ZUMBA Juan (SLV),255931,300186454,JPN,GRE,D,47,10,11.15,1668.0,4872135.0,127185332.0,38307.37,15.40,652.0,200690.0,11142161.0,18011.77,12500,20000
154,2014,29 Jun 2014 - 17:00 ,Round of 16,Arena Pernambuco,Recife ,Costa Rica,1,1,Greece,Costa Rica win on penalties (5 - 3) ,41242.0,0,0,Ben WILLIAMS (AUS),CREAM Matthew (AUS),ANAZ Hakan (AUS),255951,300186459,CRC,GRE,W,34,10,24.80,2926.0,58056.0,4953199.0,11720.91,15.40,652.0,200690.0,11142161.0,18011.77,100000,20000
155,2014,29 Jun 2014 - 17:00 ,Round of 16,Arena Pernambuco,Recife ,Costa Rica,1,1,Greece,Costa Rica win on penalties (5 - 3) ,41242.0,0,0,Ben WILLIAMS (AUS),CREAM Matthew (AUS),ANAZ Hakan (AUS),255951,300186459,CRC,GRE,W,34,10,24.80,2926.0,58056.0,4953199.0,11720.91,15.40,652.0,200690.0,11142161.0,18011.77,100000,20000
156,2014,19 Jun 2014 - 13:00 ,Group C,Estadio Nacional,Brasilia ,Colombia,2,1,Ivory Coast, ,68748.0,0,0,WEBB Howard (ENG),MULLARKEY Michael (ENG),Darren CANN (ENG),255931,300186468,COL,CIV,W,5,21,24.50,2612.0,309197.0,49464683.0,6250.86,26.35,1348.0,40360.0,24905843.0,1620.5,3300,12500
157,2014,24 Jun 2014 - 17:00 ,Group C,Estadio Castelao,Fortaleza ,Greece,2,1,Ivory Coast, ,59095.0,1,0,VERA Carlos (ECU),LESCANO Christian (ECU),ROMERO Byron (ECU),255931,300186455,GRE,CIV,W,10,21,15.40,652.0,200690.0,11142161.0,18011.77,26.35,1348.0,40360.0,24905843.0,1620.5,20000,12500
158,2014,28 Jun 2014 - 17:00 ,Round of 16,Estadio do Maracana,Rio De Janeiro ,Colombia,2,0,Uruguay, ,73804.0,1,0,Bj¥Ë_rn KUIPERS (NED),Sander VAN ROEKEL (NED),Erwin ZEINSTRA (NED),255951,300186491,COL,URU,W,5,6,24.50,2612.0,309197.0,49464683.0,6250.86,17.55,1265.0,58415.0,3469551.0,16836.47,3300,2800
159,2014,28 Jun 2014 - 17:00 ,Round of 16,Estadio do Maracana,Rio De Janeiro ,Colombia,2,0,Uruguay, ,73804.0,1,0,Bj¥Ë_rn KUIPERS (NED),Sander VAN ROEKEL (NED),Erwin ZEINSTRA (NED),255951,300186491,COL,URU,W,5,6,24.50,2612.0,309197.0,49464683.0,6250.86,17.55,1265.0,58415.0,3469551.0,16836.47,3300,2800
160,2014,24 Jun 2014 - 13:00 ,Group D,Estadio das Dunas,Natal ,Italy,0,1,Uruguay, ,39706.0,0,0,RODRIGUEZ Marco (MEX),TORRENTERA Marvin (MEX),QUINTERO Marcos (MEX),255931,300186465,ITA,URU,L,9,6,13.45,832.0,1937894.0,59290969.0,32684.47,17.55,1265.0,58415.0,3469551.0,16836.47,2200,2800
161,2014,14 Jun 2014 - 16:00 ,Group D,Estadio Castelao,Fortaleza ,Uruguay,1,3,Costa Rica, ,58679.0,1,0,BRYCH Felix (GER),BORSCH Mark (GER),LUPP Stefan (GER),255931,300186489,URU,CRC,L,6,34,17.55,1265.0,58415.0,3469551.0,16836.47,24.80,2926.0,58056.0,4953199.0,11720.91,2800,100000
162,2014,20 Jun 2014 - 13:00 ,Group D,Arena Pernambuco,Recife ,Italy,0,1,Costa Rica, ,40285.0,0,1,OSSES Enrique (CHI),ASTROZA Carlos (CHI),ROMAN Sergio (CHI),255931,300186500,ITA,CRC,L,9,34,13.45,832.0,1937894.0,59290969.0,32684.47,24.80,2926.0,58056.0,4953199.0,11720.91,2200,100000
163,2014,05 Jul 2014 - 17:00 ,Quarter-finals,Arena Fonte Nova,Salvador ,Netherlands,0,0,Costa Rica,Netherlands win on penalties (4 - 3) ,51179.0,0,0,Ravshan IRMATOV (UZB),RASULOV Abduxamidullo (UZB),KOCHKAROV Bakhadyr (KGZ),255953,300186488,NED,CRC,W,15,34,9.25,778.0,825745.0,17084459.0,48333.11,24.80,2926.0,58056.0,4953199.0,11720.91,3300,100000
164,2014,05 Jul 2014 - 17:00 ,Quarter-finals,Arena Fonte Nova,Salvador ,Netherlands,0,0,Costa Rica,Netherlands win on penalties (4 - 3) ,51179.0,0,0,Ravshan IRMATOV (UZB),RASULOV Abduxamidullo (UZB),KOCHKAROV Bakhadyr (KGZ),255953,300186488,NED,CRC,W,15,34,9.25,778.0,825745.0,17084459.0,48333.11,24.80,2926.0,58056.0,4953199.0,11720.91,3300,100000
165,2014,19 Jun 2014 - 16:00 ,Group D,Arena de Sao Paulo,Sao Paulo ,Uruguay,2,1,England, ,62575.0,1,0,Carlos VELASCO CARBALLO (ESP),ALONSO FERNANDEZ Roberto (ESP),YUSTE Juan (ESP),255931,300186486,URU,ENG,W,6,11,17.55,1265.0,58415.0,3469551.0,16836.47,8.45,1220.0,2624529.0,66573504.0,39423.03,2800,2800
166,2014,24 Jun 2014 - 13:00 ,Group D,Estadio Mineirao,Belo Horizonte ,Costa Rica,0,0,England, ,57823.0,0,0,HAIMOUDI Djamel (ALG),ACHIK Redouane (MAR),ETCHIALI Abdelhak (ALG),255931,300186484,CRC,ENG,D,34,11,24.80,2926.0,58056.0,4953199.0,11720.91,8.45,1220.0,2624529.0,66573504.0,39423.03,100000,2800
167,2014,14 Jun 2014 - 18:00 ,Group D,Arena Amazonia,Manaus ,England,1,2,Italy, ,39800.0,1,1,Bj¥Ë_rn KUIPERS (NED),Sander VAN ROEKEL (NED),Erwin ZEINSTRA (NED),255931,300186513,ENG,ITA,L,11,9,8.45,1220.0,2624529.0,66573504.0,39423.03,13.45,832.0,1937894.0,59290969.0,32684.47,2800,2200
168,2014,14 Jun 2014 - 22:00 ,Group C,Arena Pernambuco,Recife ,Ivory Coast,2,1,Japan, ,40267.0,0,1,OSSES Enrique (CHI),ASTROZA Carlos (CHI),ROMAN Sergio (CHI),255931,300186507,CIV,JPN,W,21,47,26.35,1348.0,40360.0,24905843.0,1620.5,11.15,1668.0,4872135.0,127185332.0,38307.37,12500,12500
169,2014,15 Jun 2014 - 13:00 ,Group E,Estadio Nacional,Brasilia ,Switzerland,2,1,Ecuador, ,68351.0,0,1,Ravshan IRMATOV (UZB),RASULOV Abduxamidullo (UZB),KOCHKAROV Bakhadyr (KGZ),255931,300186494,SUI,ECU,W,8,28,5.50,1537.0,678575.0,8544034.0,79420.92,21.85,2087.0,102311.0,16863425.0,6067.04,10000,15000
170,2014,20 Jun 2014 - 19:00 ,Group E,Arena da Baixada,Curitiba ,Honduras,1,2,Ecuador, ,39224.0,1,1,Ben WILLIAMS (AUS),CREAM Matthew (AUS),ANAZ Hakan (AUS),255931,300186463,HON,ECU,L,30,28,23.50,1976.0,22975.0,9417167.0,2439.69,21.85,2087.0,102311.0,16863425.0,6067.04,100000,15000
171,2014,20 Jun 2014 - 16:00 ,Group E,Arena Fonte Nova,Salvador ,Switzerland,2,5,France, ,51003.0,0,3,Bj¥Ë_rn KUIPERS (NED),Sander VAN ROEKEL (NED),Erwin ZEINSTRA (NED),255931,300186514,SUI,FRA,L,8,16,5.50,1537.0,678575.0,8544034.0,79420.92,10.70,867.0,2583560.0,65233271.0,39604.94,10000,2200
172,2014,25 Jun 2014 - 17:00 ,Group E,Estadio do Maracana,Rio De Janeiro ,Ecuador,0,0,France, ,73749.0,0,0,Noumandiez DOUE (CIV),YEO Songuifolo (CIV),BIRUMUSHAHU Jean Claude (BDI),255931,300186515,ECU,FRA,D,28,16,21.85,2087.0,102311.0,16863425.0,6067.04,10.70,867.0,2583560.0,65233271.0,39604.94,15000,2200
173,2014,15 Jun 2014 - 16:00 ,Group E,Estadio Beira-Rio,Porto Alegre ,France,3,0,Honduras, ,43012.0,1,0,RICCI Sandro (BRA),DE CARVALHO Emerson (BRA),VAN GASSE Marcelo (BRA),255931,300186496,FRA,HON,W,16,30,10.70,867.0,2583560.0,65233271.0,39604.94,23.50,1976.0,22975.0,9417167.0,2439.69,2200,100000
174,2014,30 Jun 2014 - 13:00 ,Round of 16,Estadio Nacional,Brasilia ,France,2,0,Nigeria, ,67882.0,0,0,GEIGER Mark (USA),HURD Sean (USA),FLETCHER Joe (CAN),255951,300186462,FRA,NGA,W,16,44,10.70,867.0,2583560.0,65233271.0,39604.94,26.80,1150.0,376284.0,195875237.0,1921.04,2200,20000
175,2014,30 Jun 2014 - 13:00 ,Round of 16,Estadio Nacional,Brasilia ,France,2,0,Nigeria, ,67882.0,0,0,GEIGER Mark (USA),HURD Sean (USA),FLETCHER Joe (CAN),255951,300186462,FRA,NGA,W,16,44,10.70,867.0,2583560.0,65233271.0,39604.94,26.80,1150.0,376284.0,195875237.0,1921.04,2200,20000
176,2014,16 Jun 2014 - 16:00 ,Group F,Arena da Baixada,Curitiba ,Iran,0,0,Nigeria, ,39081.0,0,0,VERA Carlos (ECU),LESCANO Christian (ECU),ROMERO Byron (ECU),255931,300186505,IRN,NGA,D,37,44,17.25,228.0,431920.0,82011735.0,5266.56,26.80,1150.0,376284.0,195875237.0,1921.04,150000,20000
177,2014,15 Jun 2014 - 19:00 ,Group F,Estadio do Maracana,Rio De Janeiro ,Argentina,2,1,Bosnia and Herzegovina, ,74738.0,1,0,AGUILAR Joel (SLV),TORRES William (SLV),ZUMBA Juan (SLV),255931,300186477,ARG,BIH,W,7,25,14.80,591.0,637717.0,44688864.0,14270.15,9.85,1028.0,17457.0,3503554.0,4982.65,400,15000
178,2014,21 Jun 2014 - 18:00 ,Group F,Arena Pantanal,Cuiaba ,Nigeria,1,0,Bosnia and Herzegovina, ,40499.0,1,0,Peter O'LEARY (NZL),HINTZ Jan Hendrik (NZL),RULE Mark (NZL),255931,300186511,NGA,BIH,W,44,25,26.80,1150.0,376284.0,195875237.0,1921.04,9.85,1028.0,17457.0,3503554.0,4982.65,20000,15000
179,2014,21 Jun 2014 - 13:00 ,Group F,Estadio Mineirao,Belo Horizonte ,Argentina,1,0,Iran, ,57698.0,0,0,MAZIC Milorad (SRB),RISTIC Milovan (SRB),DJURDJEVIC Dalibor (SRB),255931,300186466,ARG,IRN,W,7,37,14.80,591.0,637717.0,44688864.0,14270.15,17.25,228.0,431920.0,82011735.0,5266.56,400,150000
180,2014,25 Jun 2014 - 13:00 ,Group F,Arena Fonte Nova,Salvador ,Bosnia and Herzegovina,3,1,Iran, ,48011.0,1,0,Carlos VELASCO CARBALLO (ESP),ALONSO FERNANDEZ Roberto (ESP),YUSTE Juan (ESP),255931,300186464,BIH,IRN,W,25,37,9.85,1028.0,17457.0,3503554.0,4982.65,17.25,228.0,431920.0,82011735.0,5266.56,15000,150000
181,2014,05 Jul 2014 - 13:00 ,Quarter-finals,Estadio Nacional,Brasilia ,Argentina,1,0,Belgium, ,68551.0,1,0,Nicola RIZZOLI (ITA),Renato FAVERANI (ITA),Andrea STEFANI (ITA),255953,300186504,ARG,BEL,W,7,12,14.80,591.0,637717.0,44688864.0,14270.15,9.55,847.0,494733.0,11498519.0,43025.8,400,1800
182,2014,05 Jul 2014 - 13:00 ,Quarter-finals,Estadio Nacional,Brasilia ,Argentina,1,0,Belgium, ,68551.0,1,0,Nicola RIZZOLI (ITA),Renato FAVERANI (ITA),Andrea STEFANI (ITA),255953,300186504,ARG,BEL,W,7,12,14.80,591.0,637717.0,44688864.0,14270.15,9.55,847.0,494733.0,11498519.0,43025.8,400,1800
183,2014,26 Jun 2014 - 17:00 ,Group H,Arena de Sao Paulo,Sao Paulo ,Korea Republic,0,1,Belgium, ,61397.0,0,0,Ben WILLIAMS (AUS),CREAM Matthew (AUS),ANAZ Hakan (AUS),255931,300186480,KOR,BEL,L,55,12,11.50,1274.0,1538030.0,51164435.0,30060.53,9.55,847.0,494733.0,11498519.0,43025.8,30000,1800
184,2014,01 Jul 2014 - 13:00 ,Round of 16,Arena de Sao Paulo,Sao Paulo ,Argentina,1,0,Switzerland,Argentina win after extra time ,63255.0,0,0,ERIKSSON Jonas (SWE),KLASENIUS Mathias (SWE),WARNMARK Daniel (SWE),255951,300186503,ARG,SUI,W,7,8,14.80,591.0,637717.0,44688864.0,14270.15,5.50,1537.0,678575.0,8544034.0,79420.92,400,10000
185,2014,01 Jul 2014 - 13:00 ,Round of 16,Arena de Sao Paulo,Sao Paulo ,Argentina,1,0,Switzerland,Argentina win after extra time ,63255.0,0,0,ERIKSSON Jonas (SWE),KLASENIUS Mathias (SWE),WARNMARK Daniel (SWE),255951,300186503,ARG,SUI,W,7,8,14.80,591.0,637717.0,44688864.0,14270.15,5.50,1537.0,678575.0,8544034.0,79420.92,400,10000
186,2014,25 Jun 2014 - 16:00 ,Group E,Arena Amazonia,Manaus ,Honduras,0,3,Switzerland, ,40322.0,0,2,PITANA Nestor (ARG),MAIDANA Hernan (ARG),BELATTI Juan Pablo (ARG),255931,300186482,HON,SUI,L,30,8,23.50,1976.0,22975.0,9417167.0,2439.69,5.50,1537.0,678575.0,8544034.0,79420.92,100000,10000
187,2014,16 Jun 2014 - 13:00 ,Group G,Arena Fonte Nova,Salvador ,Germany,4,0,Portugal, ,51081.0,3,0,MAZIC Milorad (SRB),RISTIC Milovan (SRB),DJURDJEVIC Dalibor (SRB),255931,300186475,GER,POR,W,2,3,8.50,700.0,3684816.0,82293457.0,44776.54,15.15,854.0,218064.0,10291196.0,21189.37,600,2500
188,2014,22 Jun 2014 - 18:00 ,Group G,Arena Amazonia,Manaus ,USA,2,2,Portugal, ,40123.0,0,1,PITANA Nestor (ARG),MAIDANA Hernan (ARG),BELATTI Juan Pablo (ARG),255931,300186483,USA,POR,D,14,3,8.55,715.0,19390600.0,326766748.0,59340.8,15.15,854.0,218064.0,10291196.0,21189.37,12500,2500
189,2014,21 Jun 2014 - 16:00 ,Group G,Estadio Castelao,Fortaleza ,Germany,2,2,Ghana, ,59621.0,0,0,RICCI Sandro (BRA),DE CARVALHO Emerson (BRA),VAN GASSE Marcelo (BRA),255931,300186493,GER,GHA,D,2,38,8.50,700.0,3684816.0,82293457.0,44776.54,27.20,1187.0,47032.0,29463643.0,1596.27,600,20000
190,2014,26 Jun 2014 - 13:00 ,Group G,Estadio Nacional,Brasilia ,Portugal,2,1,Ghana, ,67540.0,1,0,SHUKRALLA Nawaf (BHR),TULEFAT Yaser (BHR),SALEH Ebrahim (BHR),255931,300186476,POR,GHA,W,3,38,15.15,854.0,218064.0,10291196.0,21189.37,27.20,1187.0,47032.0,29463643.0,1596.27,2500,20000
191,2014,30 Jun 2014 - 17:00 ,Round of 16,Estadio Beira-Rio,Porto Alegre ,Germany,2,1,Algeria,Germany win after extra time ,,0,0,RICCI Sandro (BRA),DE CARVALHO Emerson (BRA),VAN GASSE Marcelo (BRA),255951,300186460,GER,ALG,W,2,25,8.50,700.0,3684816.0,82293457.0,44776.54,22.50,89.0,178287.0,42008054.0,4244.11,600,75000
192,2014,30 Jun 2014 - 17:00 ,Round of 16,Estadio Beira-Rio,Porto Alegre ,Germany,2,1,Algeria,Germany win after extra time ,,0,0,RICCI Sandro (BRA),DE CARVALHO Emerson (BRA),VAN GASSE Marcelo (BRA),255951,300186460,GER,ALG,W,2,25,8.50,700.0,3684816.0,82293457.0,44776.54,22.50,89.0,178287.0,42008054.0,4244.11,600,75000
193,2014,17 Jun 2014 - 13:00 ,Group H,Estadio Mineirao,Belo Horizonte ,Belgium,2,1,Algeria, ,56800.0,0,1,RODRIGUEZ Marco (MEX),TORRENTERA Marvin (MEX),QUINTERO Marcos (MEX),255931,300186479,BEL,ALG,W,12,25,9.55,847.0,494733.0,11498519.0,43025.8,22.50,89.0,178287.0,42008054.0,4244.11,1800,75000
194,2014,22 Jun 2014 - 16:00 ,Group H,Estadio Beira-Rio,Porto Alegre ,Korea Republic,2,4,Algeria, ,42732.0,0,3,ROLDAN Wilmar (COL),DIAZ Eduardo (COL),LESCANO Christian (ECU),255931,300186495,KOR,ALG,L,55,25,11.50,1274.0,1538030.0,51164435.0,30060.53,22.50,89.0,178287.0,42008054.0,4244.11,30000,75000
195,2014,13 Jul 2014 - 16:00 ,Final,Estadio do Maracana,Rio De Janeiro ,Germany,1,0,Argentina,Germany win after extra time ,74738.0,0,0,Nicola RIZZOLI (ITA),Renato FAVERANI (ITA),Andrea STEFANI (ITA),255959,300186501,GER,ARG,W,2,7,8.50,700.0,3684816.0,82293457.0,44776.54,14.80,591.0,637717.0,44688864.0,14270.15,600,400
196,2014,13 Jul 2014 - 16:00 ,Final,Estadio do Maracana,Rio De Janeiro ,Germany,1,0,Argentina,Germany win after extra time ,74738.0,0,0,Nicola RIZZOLI (ITA),Renato FAVERANI (ITA),Andrea STEFANI (ITA),255959,300186501,GER,ARG,W,2,7,8.50,700.0,3684816.0,82293457.0,44776.54,14.80,591.0,637717.0,44688864.0,14270.15,600,400
197,2014,25 Jun 2014 - 13:00 ,Group F,Estadio Beira-Rio,Porto Alegre ,Nigeria,2,3,Argentina, ,43285.0,1,2,Nicola RIZZOLI (ITA),Renato FAVERANI (ITA),Andrea STEFANI (ITA),255931,300186458,NGA,ARG,L,44,7,26.80,1150.0,376284.0,195875237.0,1921.04,14.80,591.0,637717.0,44688864.0,14270.15,20000,400
198,2014,09 Jul 2014 - 17:00 ,Semi-finals,Arena de Sao Paulo,Sao Paulo ,Netherlands,0,0,Argentina,Argentina win on penalties (2 - 4) ,63267.0,0,0,C¥Ë_neyt ¥Ë_AKIR (TUR),DURAN Bahattin (TUR),ONGUN Tarik (TUR),255955,300186490,NED,ARG,L,15,7,9.25,778.0,825745.0,17084459.0,48333.11,14.80,591.0,637717.0,44688864.0,14270.15,3300,400
199,2014,09 Jul 2014 - 17:00 ,Semi-finals,Arena de Sao Paulo,Sao Paulo ,Netherlands,0,0,Argentina,Argentina win on penalties (2 - 4) ,63267.0,0,0,C¥Ë_neyt ¥Ë_AKIR (TUR),DURAN Bahattin (TUR),ONGUN Tarik (TUR),255955,300186490,NED,ARG,L,15,7,9.25,778.0,825745.0,17084459.0,48333.11,14.80,591.0,637717.0,44688864.0,14270.15,3300,400
200,2014,16 Jun 2014 - 19:00 ,Group G,Estadio das Dunas,Natal ,Ghana,1,2,USA, ,39760.0,0,1,ERIKSSON Jonas (SWE),KLASENIUS Mathias (SWE),WARNMARK Daniel (SWE),255931,300186512,GHA,USA,L,38,14,27.20,1187.0,47032.0,29463643.0,1596.27,8.55,715.0,19390600.0,326766748.0,59340.8,20000,12500
201,2014,01 Jul 2014 - 17:00 ,Round of 16,Arena Fonte Nova,Salvador ,Belgium,2,1,USA,Belgium win after extra time ,51227.0,0,0,HAIMOUDI Djamel (ALG),ACHIK Redouane (MAR),ETCHIALI Abdelhak (ALG),255951,300186497,BEL,USA,W,12,14,9.55,847.0,494733.0,11498519.0,43025.8,8.55,715.0,19390600.0,326766748.0,59340.8,1800,12500
202,2014,01 Jul 2014 - 17:00 ,Round of 16,Arena Fonte Nova,Salvador ,Belgium,2,1,USA,Belgium win after extra time ,51227.0,0,0,HAIMOUDI Djamel (ALG),ACHIK Redouane (MAR),ETCHIALI Abdelhak (ALG),255951,300186497,BEL,USA,W,12,14,9.55,847.0,494733.0,11498519.0,43025.8,8.55,715.0,19390600.0,326766748.0,59340.8,1800,12500
203,2014,22 Jun 2014 - 13:00 ,Group H,Estadio do Maracana,Rio De Janeiro ,Belgium,1,0,Russia, ,73819.0,0,0,BRYCH Felix (GER),BORSCH Mark (GER),LUPP Stefan (GER),255931,300186481,BEL,RUS,W,12,18,9.55,847.0,494733.0,11498519.0,43025.8,äÍ5.10,460.0,1527469.0,143964709.0,10610.02,1800,8000
204,2014,26 Jun 2014 - 17:00 ,Group H,Arena da Baixada,Curitiba ,Algeria,1,1,Russia, ,39311.0,0,1,C¥Ë_neyt ¥Ë_AKIR (TUR),DURAN Bahattin (TUR),ONGUN Tarik (TUR),255931,300186506,ALG,RUS,D,25,18,22.50,89.0,178287.0,42008054.0,4244.11,äÍ5.10,460.0,1527469.0,143964709.0,10610.02,75000,8000
205,2014,17 Jun 2014 - 18:00 ,Group H,Arena Pantanal,Cuiaba ,Russia,1,1,Korea Republic, ,37603.0,0,0,PITANA Nestor (ARG),MAIDANA Hernan (ARG),BELATTI Juan Pablo (ARG),255931,300186499,RUS,KOR,D,18,55,äÍ5.10,460.0,1527469.0,143964709.0,10610.02,11.50,1274.0,1538030.0,51164435.0,30060.53,8000,30000
206,2014,23 Jun 2014 - 13:00 ,Group B,Arena da Baixada,Curitiba ,Australia,0,3,Spain, ,39375.0,0,1,SHUKRALLA Nawaf (BHR),TULEFAT Yaser (BHR),SALEH Ebrahim (BHR),255931,300186467,AUS,ESP,L,59,1,21.65,534.0,1379548.0,24772247.0,55689.26,13.30,636.0,1313951.0,46397452.0,28319.46,75000,600
207,2014,23 Jun 2014 - 17:00 ,Group A,Estadio Nacional,Brasilia ,Cameroon,1,4,Brazil, ,69112.0,1,2,ERIKSSON Jonas (SWE),KLASENIUS Mathias (SWE),WARNMARK Daniel (SWE),255931,300186472,CMR,BRA,L,50,4,24.60,1604.0,34006.0,24678234.0,1377.98,24.95,1782.0,2054969.0,210867954.0,9745.29,50000,275
