,game_id,away,home,temp,weather_desc,date,home market value,home age,away market value,away age,FTAG,FTHG
0,0,Leicester City,Arsenal,11C,Clear,11/08/17,"570,510,000",23.8,"226,890,000",25.5,3,4
1,194,Leicester City,Watford,3C,Clear,26/12/17,"150,570,000",25.9,"226,890,000",25.5,1,2
2,219,Leicester City,Chelsea,5C,Cloudy,13/01/18,"577,940,000",23.7,"226,890,000",25.5,0,0
3,344,Leicester City,Crystal Palace,8C,Cloudy,28/04/18,"174,980,000",24.8,"226,890,000",25.5,0,5
4,243,Leicester City,Everton,5C,Breezy,31/01/18,"312,080,000",23.9,"226,890,000",25.5,1,2
5,164,Leicester City,Southampton,7C,Showers,13/12/17,"222,750,000",24.9,"226,890,000",25.5,4,1
6,293,Leicester City,West Bromwich Albion,10C,Cloudy,10/03/18,"148,950,000",25.5,"226,890,000",25.5,4,1
7,294,Burnley,West Ham United,11C,Cloudy,10/03/18,"148,950,000",25.5,"226,890,000",25.5,4,1
8,305,Leicester City,Brighton & Hove Albion,4C,Cloudy,31/03/18,"96,080,000",25.8,"226,890,000",25.5,2,0
9,25,Leicester City,Manchester United,15C,Cloudy,26/08/17,"580,590,000",25.1,"226,890,000",25.5,0,2
10,86,Leicester City,Swansea City,12C,Rain,21/10/17,"154,210,000",25.3,"226,890,000",25.5,2,1
11,61,Leicester City,Bournemouth,12C,Cloudy,30/09/17,"104,490,000",25.0,"226,890,000",25.5,0,0
12,323,Leicester City,Burnley,7C,Cloudy,14/04/18,"87,170,000",26.8,"226,890,000",25.5,1,2
13,202,Leicester City,Liverpool,3C,Cloudy,30/12/17,"445,500,000",24.0,"226,890,000",25.5,1,2
14,100,Leicester City,Stoke City,10C,Showers,04/11/17,"160,020,000",25.2,"226,890,000",25.5,2,2
15,42,Leicester City,Huddersfield Town,8C,Cloudy,16/09/17,"57,960,000",24.6,"226,890,000",25.5,1,1
16,376,Leicester City,Tottenham Hotspur,8C,Cloudy,13/05/18,"481,420,000",23.8,"226,890,000",25.5,4,5
17,264,Leicester City,Manchester City,2C,Cloudy,10/02/18,"554,720,000",24.1,"226,890,000",25.5,1,5
18,120,Leicester City,West Ham United,7C,Cloudy,24/11/17,"238,370,000",24.3,"226,890,000",25.5,1,1
19,31,Bournemouth,Arsenal,11C,Cloudy,09/09/17,"570,510,000",23.8,"104,490,000",25.0,0,3
20,308,Bournemouth,Watford,3C,Cloudy,31/03/18,"150,570,000",25.9,"104,490,000",25.0,2,2
21,242,Bournemouth,Chelsea,8C,Cloudy,31/01/18,"577,940,000",23.7,"104,490,000",25.0,3,0
22,151,Bournemouth,Crystal Palace,0C,Clear,09/12/17,"174,980,000",24.8,"104,490,000",25.0,2,2
23,52,Bournemouth,Everton,13C,Cloudy,23/09/17,"312,080,000",23.9,"104,490,000",25.0,1,2
24,347,Bournemouth,Southampton,8C,Cloudy,28/04/18,"222,750,000",24.9,"104,490,000",25.0,1,2
25,6,Bournemouth,West Bromwich Albion,14C,Cloudy,12/08/17,"148,950,000",25.5,"104,490,000",25.0,0,1
26,208,Bournemouth,Brighton & Hove Albion,8C,Cloudy,01/01/18,"96,080,000",25.8,"104,490,000",25.0,2,2
27,166,Bournemouth,Manchester United,5C,Showers,13/12/17,"580,590,000",25.1,"104,490,000",25.0,0,1
28,124,Bournemouth,Swansea City,1C,Clear,25/11/17,"154,210,000",25.3,"104,490,000",25.0,0,0
29,368,Bournemouth,Burnley,7C,Cloudy,13/05/18,"87,170,000",26.8,"104,490,000",25.0,2,1
30,280,Bournemouth,Leicester City,-1C,Cloudy,03/03/18,"226,890,000",25.5,"104,490,000",25.0,1,1
31,327,Bournemouth,Liverpool,8C,Cloudy,14/04/18,"445,500,000",24.0,"104,490,000",25.0,0,3
32,85,Bournemouth,Stoke City,11C,Showers,21/10/17,"160,020,000",25.2,"104,490,000",25.0,2,1
33,265,Bournemouth,Huddersfield Town,2C,Breezy,11/02/18,"57,960,000",24.6,"104,490,000",25.0,1,4
34,75,Bournemouth,Tottenham Hotspur,16C,Cloudy,14/10/17,"481,420,000",23.8,"104,490,000",25.0,0,1
35,182,Bournemouth,Manchester City,8C,Cloudy,23/12/17,"554,720,000",24.1,"104,490,000",25.0,0,4
36,235,Bournemouth,West Ham United,3C,Cloudy,20/01/18,"238,370,000",24.3,"104,490,000",25.0,1,1
37,59,West Bromwich Albion,Arsenal,15C,Showers,25/09/17,"570,510,000",23.8,"148,950,000",25.5,0,2
38,284,West Bromwich Albion,Watford,0C,Cloudy,03/03/18,"150,570,000",25.9,"148,950,000",25.5,0,1
39,268,West Bromwich Albion,Chelsea,0C,Clear,12/02/18,"577,940,000",23.7,"148,950,000",25.5,0,3
40,369,West Bromwich Albion,Crystal Palace,8C,Cloudy,13/05/18,"174,980,000",24.8,"148,950,000",25.5,0,2
41,232,West Bromwich Albion,Everton,3C,Cloudy,20/01/18,"312,080,000",23.9,"148,950,000",25.5,1,1
42,87,West Bromwich Albion,Southampton,13C,Showers,21/10/17,"222,750,000",24.9,"148,950,000",25.5,0,1
43,32,West Bromwich Albion,Brighton & Hove Albion,10C,Clear,09/09/17,"96,080,000",25.8,"148,950,000",25.5,1,3
44,330,West Bromwich Albion,Manchester United,10C,Cloudy,15/04/18,"580,590,000",25.1,"148,950,000",25.5,1,0
45,153,West Bromwich Albion,Swansea City,0C,Cloudy,09/12/17,"154,210,000",25.3,"148,950,000",25.5,0,1
46,299,West Bromwich Albion,Bournemouth,6C,Rain,17/03/18,"104,490,000",25.0,"148,950,000",25.5,1,2
47,12,West Bromwich Albion,Burnley,11C,Showers,19/08/17,"87,170,000",26.8,"148,950,000",25.5,1,0
48,79,West Bromwich Albion,Leicester City,15C,Showers,16/10/17,"226,890,000",25.5,"148,950,000",25.5,1,1
49,167,West Bromwich Albion,Liverpool,6C,Cloudy,13/12/17,"445,500,000",24.0,"148,950,000",25.5,0,0
50,184,West Bromwich Albion,Stoke City,6C,Cloudy,23/12/17,"160,020,000",25.2,"148,950,000",25.5,1,3
51,101,West Bromwich Albion,Huddersfield Town,6C,Showers,04/11/17,"57,960,000",24.6,"148,950,000",25.5,0,1
52,125,West Bromwich Albion,Tottenham Hotspur,0C,Cloudy,25/11/17,"481,420,000",23.8,"148,950,000",25.5,1,1
53,246,West Bromwich Albion,Manchester City,4C,Rain,31/01/18,"554,720,000",24.1,"148,950,000",25.5,0,3
54,215,West Bromwich Albion,West Ham United,5C,Cloudy,02/01/18,"238,370,000",24.3,"148,950,000",25.5,1,2
55,67,Brighton & Hove Albion,Arsenal,15C,Showers,01/10/17,"570,510,000",23.8,"96,080,000",25.8,0,2
56,24,Brighton & Hove Albion,Watford,12C,Cloudy,26/08/17,"150,570,000",25.9,"96,080,000",25.8,0,0
57,191,Brighton & Hove Albion,Chelsea,3C,Clear,26/12/17,"577,940,000",23.7,"96,080,000",25.8,0,2
58,324,Brighton & Hove Albion,Crystal Palace,17C,Cloudy,14/04/18,"174,980,000",24.8,"96,080,000",25.8,2,3
59,290,Brighton & Hove Albion,Everton,7C,Showers,10/03/18,"312,080,000",23.9,"96,080,000",25.8,0,2
60,245,Brighton & Hove Albion,Southampton,8C,Showers,31/01/18,"222,750,000",24.9,"96,080,000",25.8,1,1
61,224,Brighton & Hove Albion,West Bromwich Albion,3C,Cloudy,13/01/18,"148,950,000",25.5,"96,080,000",25.8,0,2
62,122,Brighton & Hove Albion,Manchester United,1C,Cloudy,25/11/17,"580,590,000",25.1,"96,080,000",25.8,0,1
63,104,Brighton & Hove Albion,Swansea City,9C,Cloudy,04/11/17,"154,210,000",25.3,"96,080,000",25.8,1,0
64,40,Brighton & Hove Albion,Bournemouth,9C,Cloudy,15/09/17,"104,490,000",25.0,"96,080,000",25.8,1,2
65,343,Brighton & Hove Albion,Burnley,7C,Cloudy,28/04/18,"87,170,000",26.8,"96,080,000",25.8,0,0
66,13,Brighton & Hove Albion,Leicester City,12C,Cloudy,19/08/17,"226,890,000",25.5,"96,080,000",25.8,0,2
67,371,Brighton & Hove Albion,Liverpool,9C,Cloudy,13/05/18,"445,500,000",24.0,"96,080,000",25.8,0,4
68,261,Brighton & Hove Albion,Stoke City,0C,Showers,10/02/18,"160,020,000",25.2,"96,080,000",25.8,1,1
69,152,Brighton & Hove Albion,Huddersfield Town,0C,Cloudy,09/12/17,"57,960,000",24.6,"96,080,000",25.8,0,2
70,168,Brighton & Hove Albion,Tottenham Hotspur,5C,Showers,13/12/17,"481,420,000",23.8,"96,080,000",25.8,0,2
71,365,Brighton & Hove Albion,Manchester City,13C,Cloudy,09/05/18,"554,720,000",24.1,"96,080,000",25.8,1,3
72,80,Brighton & Hove Albion,West Ham United,13C,Cloudy,20/10/17,"238,370,000",24.3,"96,080,000",25.8,3,0
73,91,Swansea City,Arsenal,6C,Cloudy,28/10/17,"570,510,000",23.8,"154,210,000",25.3,1,2
74,204,Swansea City,Watford,7C,Cloudy,30/12/17,"150,570,000",25.9,"154,210,000",25.3,2,1
75,135,Swansea City,Chelsea,5C,Cloudy,29/11/17,"577,940,000",23.7,"154,210,000",25.3,0,1
76,21,Swansea City,Crystal Palace,16C,Cloudy,26/08/17,"174,980,000",24.8,"154,210,000",25.3,2,0
77,178,Swansea City,Everton,5C,Cloudy,18/12/17,"312,080,000",23.9,"154,210,000",25.3,1,3
78,5,Swansea City,Southampton,16C,Cloudy,12/08/17,"222,750,000",24.9,"154,210,000",25.3,0,0
79,271,Swansea City,Brighton & Hove Albion,-2C,Clear,24/02/18,"96,080,000",25.8,"154,210,000",25.3,1,4
80,306,Swansea City,Manchester United,6C,Cloudy,31/03/18,"580,590,000",25.1,"154,210,000",25.3,0,2
81,354,Swansea City,Bournemouth,15C,Sunny,05/05/18,"104,490,000",25.0,"154,210,000",25.3,0,1
82,112,Swansea City,Burnley,7C,Breezy,18/11/17,"87,170,000",26.8,"154,210,000",25.3,0,2
83,251,Swansea City,Leicester City,1C,Snow,03/02/18,"226,890,000",25.5,"154,210,000",25.3,1,1
84,196,Swansea City,Liverpool,4C,Showers,26/12/17,"445,500,000",24.0,"154,210,000",25.3,0,5
85,143,Swansea City,Stoke City,3C,Cloudy,02/12/17,"160,020,000",25.2,"154,210,000",25.3,1,2
86,291,Swansea City,Huddersfield Town,4C,Showers,10/03/18,"57,960,000",24.6,"154,210,000",25.3,0,0
87,47,Swansea City,Tottenham Hotspur,9C,Cloudy,16/09/17,"481,420,000",23.8,"154,210,000",25.3,0,0
88,340,Swansea City,Manchester City,15C,Cloudy,22/04/18,"554,720,000",24.1,"154,210,000",25.3,0,5
89,64,Watford,West Bromwich Albion,8C,Cloudy,30/09/17,"238,370,000",24.3,"154,210,000",25.3,0,1
90,65,Swansea City,West Ham United,12C,Cloudy,30/09/17,"238,370,000",24.3,"154,210,000",25.3,0,1
91,110,Tottenham Hotspur,Arsenal,4C,Cloudy,18/11/17,"570,510,000",23.8,"481,420,000",23.8,0,2
92,144,Tottenham Hotspur,Watford,2C,Cloudy,02/12/17,"150,570,000",25.9,"481,420,000",23.8,1,1
93,312,Tottenham Hotspur,Chelsea,4C,Cloudy,01/04/18,"577,940,000",23.7,"481,420,000",23.8,3,1
94,276,Tottenham Hotspur,Crystal Palace,0C,Clear,25/02/18,"174,980,000",24.8,"481,420,000",23.8,1,0
95,33,Tottenham Hotspur,Everton,12C,Showers,09/09/17,"312,080,000",23.9,"481,420,000",23.8,3,0
96,237,Tottenham Hotspur,Southampton,2C,Cloudy,21/01/18,"222,750,000",24.9,"481,420,000",23.8,1,1
97,357,Tottenham Hotspur,West Bromwich Albion,9C,Cloudy,05/05/18,"148,950,000",25.5,"481,420,000",23.8,0,1
98,332,Tottenham Hotspur,Brighton & Hove Albion,10C,Cloudy,17/04/18,"96,080,000",25.8,"481,420,000",23.8,1,1
99,90,Tottenham Hotspur,Manchester United,9C,Cloudy,28/10/17,"580,590,000",25.1,"481,420,000",23.8,0,1
100,214,Tottenham Hotspur,Swansea City,5C,Cloudy,02/01/18,"154,210,000",25.3,"481,420,000",23.8,2,0
101,297,Tottenham Hotspur,Bournemouth,7C,Cloudy,11/03/18,"104,490,000",25.0,"481,420,000",23.8,4,1
102,187,Tottenham Hotspur,Burnley,6C,Cloudy,23/12/17,"87,170,000",26.8,"481,420,000",23.8,3,0
103,130,Tottenham Hotspur,Leicester City,3C,Cloudy,28/11/17,"226,890,000",25.5,"481,420,000",23.8,1,2
104,257,Tottenham Hotspur,Liverpool,2C,Cloudy,04/02/18,"445,500,000",24.0,"481,420,000",23.8,2,2
105,317,Tottenham Hotspur,Stoke City,9C,Showers,07/04/18,"160,020,000",25.2,"481,420,000",23.8,2,1
106,60,Tottenham Hotspur,Huddersfield Town,9C,Cloudy,30/09/17,"57,960,000",24.6,"481,420,000",23.8,4,0
107,175,Tottenham Hotspur,Manchester City,-1C,Cloudy,16/12/17,"554,720,000",24.1,"481,420,000",23.8,1,4
108,50,Tottenham Hotspur,West Ham United,13C,Cloudy,23/09/17,"238,370,000",24.3,"481,420,000",23.8,3,2
109,133,Huddersfield Town,Arsenal,2C,Cloudy,29/11/17,"570,510,000",23.8,"57,960,000",24.6,0,5
110,174,Huddersfield Town,Watford,-1C,Cloudy,16/12/17,"150,570,000",25.9,"57,960,000",24.6,4,1
111,364,Huddersfield Town,Chelsea,10C,Cloudy,09/05/18,"577,940,000",23.7,"57,960,000",24.6,1,1
112,3,Huddersfield Town,Crystal Palace,21C,Cloudy,12/08/17,"174,980,000",24.8,"57,960,000",24.6,3,0
113,141,Huddersfield Town,Everton,8C,Cloudy,02/12/17,"312,080,000",23.9,"57,960,000",24.6,0,2
114,183,Huddersfield Town,Southampton,8C,Cloudy,23/12/17,"222,750,000",24.9,"57,960,000",24.6,1,1
115,274,Huddersfield Town,West Bromwich Albion,0C,Cloudy,24/02/18,"148,950,000",25.5,"57,960,000",24.6,2,1
116,315,Huddersfield Town,Brighton & Hove Albion,12C,Cloudy,07/04/18,"96,080,000",25.8,"57,960,000",24.6,1,1
117,252,Huddersfield Town,Manchester United,2C,Cloudy,03/02/18,"580,590,000",25.1,"57,960,000",24.6,0,2
118,74,Huddersfield Town,Swansea City,15C,Cloudy,14/10/17,"154,210,000",25.3,"57,960,000",24.6,0,2
119,111,Huddersfield Town,Bournemouth,6C,Cloudy,18/11/17,"104,490,000",25.0,"57,960,000",24.6,0,4
120,51,Huddersfield Town,Burnley,11C,Cloudy,23/09/17,"87,170,000",26.8,"57,960,000",24.6,0,0
121,210,Huddersfield Town,Leicester City,5C,Cloudy,01/01/18,"226,890,000",25.5,"57,960,000",24.6,0,3
122,93,Huddersfield Town,Liverpool,12C,Cloudy,28/10/17,"445,500,000",24.0,"57,960,000",24.6,0,3
123,234,Huddersfield Town,Stoke City,1C,Cloudy,20/01/18,"160,020,000",25.2,"57,960,000",24.6,0,2
124,283,Huddersfield Town,Tottenham Hotspur,1C,Cloudy,03/03/18,"481,420,000",23.8,"57,960,000",24.6,0,2
125,359,Huddersfield Town,Manchester City,12C,Clear,06/05/18,"554,720,000",24.1,"57,960,000",24.6,0,0
126,39,Huddersfield Town,West Ham United,15C,Cloudy,11/09/17,"238,370,000",24.3,"57,960,000",24.6,0,2
127,146,Manchester United,Arsenal,3C,Cloudy,02/12/17,"570,510,000",23.8,"580,590,000",25.1,3,1
128,131,Manchester United,Watford,3C,Cloudy,28/11/17,"150,570,000",25.9,"580,590,000",25.1,4,2
129,108,Manchester United,Chelsea,4C,Cloudy,05/11/17,"577,940,000",23.7,"580,590,000",25.1,0,1
130,288,Manchester United,Crystal Palace,5C,Cloudy,05/03/18,"174,980,000",24.8,"580,590,000",25.1,3,2
131,212,Manchester United,Everton,6C,Cloudy,01/01/18,"312,080,000",23.9,"580,590,000",25.1,2,0
132,54,Manchester United,Southampton,13C,Showers,23/09/17,"222,750,000",24.9,"580,590,000",25.1,1,0
133,176,Manchester United,West Bromwich Albion,1C,Cloudy,17/12/17,"148,950,000",25.5,"580,590,000",25.1,2,1
134,352,Manchester United,Brighton & Hove Albion,5C,Cloudy,04/05/18,"96,080,000",25.8,"580,590,000",25.1,0,1
135,10,Manchester United,Swansea City,12C,Cloudy,19/08/17,"154,210,000",25.3,"580,590,000",25.1,4,0
136,333,Manchester United,Bournemouth,13C,Cloudy,18/04/18,"104,490,000",25.0,"580,590,000",25.1,2,0
137,231,Manchester United,Burnley,0C,Showers,20/01/18,"87,170,000",26.8,"580,590,000",25.1,1,0
138,188,Manchester United,Leicester City,7C,Cloudy,23/12/17,"226,890,000",25.5,"580,590,000",25.1,2,2
139,70,Manchester United,Liverpool,17C,Cloudy,14/10/17,"445,500,000",24.0,"580,590,000",25.1,0,0
140,36,Manchester United,Stoke City,10C,Showers,09/09/17,"160,020,000",25.2,"580,590,000",25.1,2,2
141,82,Manchester United,Huddersfield Town,11C,Cloudy,21/10/17,"57,960,000",24.6,"580,590,000",25.1,1,2
142,248,Manchester United,Tottenham Hotspur,8C,Cloudy,31/01/18,"481,420,000",23.8,"580,590,000",25.1,0,2
143,319,Manchester United,Manchester City,9C,Cloudy,07/04/18,"554,720,000",24.1,"580,590,000",25.1,3,2
144,367,Manchester United,West Ham United,11C,Showers,10/05/18,"238,370,000",24.3,"580,590,000",25.1,0,0
145,179,Liverpool,Arsenal,9C,Cloudy,22/12/17,"570,510,000",23.8,"445,500,000",24.0,3,3
146,1,Liverpool,Watford,16C,Cloudy,12/08/17,"150,570,000",25.9,"445,500,000",24.0,3,3
147,361,Liverpool,Chelsea,9C,Sunny,06/05/18,"577,940,000",23.7,"445,500,000",24.0,0,1
148,303,Liverpool,Crystal Palace,4C,Cloudy,31/03/18,"174,980,000",24.8,"445,500,000",24.0,2,1
149,313,Liverpool,Everton,8C,Cloudy,07/04/18,"312,080,000",23.9,"445,500,000",24.0,0,0
150,267,Liverpool,Southampton,5C,Clear,11/02/18,"222,750,000",24.9,"445,500,000",24.0,2,0
151,336,Liverpool,West Bromwich Albion,20C,Cloudy,21/04/18,"148,950,000",25.5,"445,500,000",24.0,2,2
152,140,Liverpool,Brighton & Hove Albion,2C,Cloudy,02/12/17,"96,080,000",25.8,"445,500,000",24.0,5,1
153,289,Liverpool,Manchester United,6C,Rain,10/03/18,"580,590,000",25.1,"445,500,000",24.0,1,2
154,238,Liverpool,Swansea City,7C,Cloudy,22/01/18,"154,210,000",25.3,"445,500,000",24.0,0,1
155,177,Liverpool,Bournemouth,1C,Cloudy,17/12/17,"104,490,000",25.0,"445,500,000",24.0,4,0
156,209,Liverpool,Burnley,5C,Showers,01/01/18,"87,170,000",26.8,"445,500,000",24.0,2,1
157,57,Liverpool,Leicester City,13C,Cloudy,23/09/17,"226,890,000",25.5,"445,500,000",24.0,3,2
158,138,Liverpool,Stoke City,2C,Cloudy,29/11/17,"160,020,000",25.2,"445,500,000",24.0,3,0
159,241,Liverpool,Huddersfield Town,3C,Cloudy,30/01/18,"57,960,000",24.6,"445,500,000",24.0,3,0
160,89,Liverpool,Tottenham Hotspur,10C,Cloudy,22/10/17,"481,420,000",23.8,"445,500,000",24.0,1,4
161,30,Liverpool,Manchester City,11C,Showers,09/09/17,"554,720,000",24.1,"445,500,000",24.0,0,5
162,105,Liverpool,West Ham United,12C,Showers,04/11/17,"238,370,000",24.3,"445,500,000",24.0,4,1
163,217,Chelsea,Arsenal,9C,Showers,03/01/18,"570,510,000",23.8,"577,940,000",23.7,2,2
164,258,Chelsea,Watford,0C,Cloudy,05/02/18,"150,570,000",25.9,"577,940,000",23.7,1,4
165,72,Chelsea,Crystal Palace,16C,Cloudy,14/10/17,"174,980,000",24.8,"577,940,000",23.7,1,2
166,180,Chelsea,Everton,7C,Cloudy,23/12/17,"312,080,000",23.9,"577,940,000",23.7,0,0
167,322,Chelsea,Southampton,6C,Cloudy,14/04/18,"222,750,000",24.9,"577,940,000",23.7,3,2
168,116,Chelsea,West Bromwich Albion,5C,Cloudy,18/11/17,"148,950,000",25.5,"577,940,000",23.7,4,0
169,229,Chelsea,Brighton & Hove Albion,3C,Showers,20/01/18,"96,080,000",25.8,"577,940,000",23.7,4,0
170,277,Chelsea,Manchester United,0C,Clear,25/02/18,"580,590,000",25.1,"577,940,000",23.7,1,2
171,348,Chelsea,Swansea City,7C,Cloudy,28/04/18,"154,210,000",25.3,"577,940,000",23.7,1,0
172,96,Chelsea,Bournemouth,6C,Clear,28/10/17,"104,490,000",25.0,"577,940,000",23.7,1,0
173,334,Chelsea,Burnley,12C,Clear,19/04/18,"87,170,000",26.8,"577,940,000",23.7,2,1
174,34,Chelsea,Leicester City,10C,Cloudy,09/09/17,"226,890,000",25.5,"577,940,000",23.7,2,1
175,126,Chelsea,Liverpool,6C,Showers,25/11/17,"445,500,000",24.0,"577,940,000",23.7,1,1
176,55,Chelsea,Stoke City,12C,Cloudy,23/09/17,"160,020,000",25.2,"577,940,000",23.7,4,0
177,160,Chelsea,Huddersfield Town,-1C,Clear,12/12/17,"57,960,000",24.6,"577,940,000",23.7,3,1
178,18,Chelsea,Tottenham Hotspur,10C,Cloudy,20/08/17,"481,420,000",23.8,"577,940,000",23.7,2,1
179,287,Chelsea,Manchester City,1C,Cloudy,04/03/18,"554,720,000",24.1,"577,940,000",23.7,0,1
180,149,Chelsea,West Ham United,0C,Clear,09/12/17,"238,370,000",24.3,"577,940,000",23.7,0,1
181,230,Crystal Palace,Arsenal,3C,Cloudy,20/01/18,"570,510,000",23.8,"174,980,000",24.8,1,4
182,337,Crystal Palace,Watford,21C,Cloudy,21/04/18,"150,570,000",25.9,"174,980,000",24.8,0,0
183,295,Crystal Palace,Chelsea,11C,Cloudy,10/03/18,"577,940,000",23.7,"174,980,000",24.8,1,2
184,260,Crystal Palace,Everton,10C,Cloudy,10/02/18,"312,080,000",23.9,"174,980,000",24.8,1,3
185,213,Crystal Palace,Southampton,4C,Cloudy,02/01/18,"222,750,000",24.9,"174,980,000",24.8,2,1
186,145,Crystal Palace,West Bromwich Albion,3C,Cloudy,02/12/17,"148,950,000",25.5,"174,980,000",24.8,0,0
187,62,Crystal Palace,Manchester United,10C,Showers,30/09/17,"580,590,000",25.1,"174,980,000",24.8,0,4
188,185,Crystal Palace,Swansea City,8C,Cloudy,23/12/17,"154,210,000",25.3,"174,980,000",24.8,1,1
189,314,Crystal Palace,Bournemouth,8C,Cloudy,07/04/18,"104,490,000",25.0,"174,980,000",24.8,2,2
190,37,Crystal Palace,Burnley,11C,Showers,10/09/17,"87,170,000",26.8,"174,980,000",24.8,0,1
191,169,Crystal Palace,Leicester City,-1C,Clear,16/12/17,"226,890,000",25.5,"174,980,000",24.8,3,0
192,14,Crystal Palace,Liverpool,13C,Cloudy,19/08/17,"445,500,000",24.0,"174,980,000",24.8,0,1
193,353,Crystal Palace,Stoke City,9C,Cloudy,05/05/18,"160,020,000",25.2,"174,980,000",24.8,2,1
194,300,Crystal Palace,Huddersfield Town,0C,Breezy,17/03/18,"57,960,000",24.6,"174,980,000",24.8,2,0
195,106,Crystal Palace,Tottenham Hotspur,4C,Showers,05/11/17,"481,420,000",23.8,"174,980,000",24.8,0,1
196,53,Crystal Palace,Manchester City,12C,Cloudy,23/09/17,"554,720,000",24.1,"174,980,000",24.8,0,5
197,240,Crystal Palace,West Ham United,0C,Cloudy,30/01/18,"238,370,000",24.3,"174,980,000",24.8,1,1
198,255,Everton,Arsenal,4C,Cloudy,03/02/18,"570,510,000",23.8,"312,080,000",23.9,1,5
199,275,Everton,Watford,-3C,Clear,24/02/18,"150,570,000",25.9,"312,080,000",23.9,0,1
200,26,Everton,Chelsea,15C,Cloudy,27/08/17,"577,940,000",23.7,"312,080,000",23.9,0,2
201,113,Everton,Crystal Palace,8C,Cloudy,18/11/17,"174,980,000",24.8,"312,080,000",23.9,2,2
202,127,Everton,Southampton,3C,Clear,26/11/17,"222,750,000",24.9,"312,080,000",23.9,1,4
203,195,Everton,West Bromwich Albion,4C,Cloudy,26/12/17,"148,950,000",25.5,"312,080,000",23.9,0,0
204,77,Everton,Brighton & Hove Albion,14C,Clear,15/10/17,"96,080,000",25.8,"312,080,000",23.9,1,1
205,49,Everton,Manchester United,9C,Showers,17/09/17,"580,590,000",25.1,"312,080,000",23.9,0,4
206,326,Everton,Swansea City,14C,Cloudy,14/04/18,"154,210,000",25.3,"312,080,000",23.9,1,1
207,199,Everton,Bournemouth,13C,Breezy,30/12/17,"104,490,000",25.0,"312,080,000",23.9,1,2
208,279,Everton,Burnley,-2C,Breezy,03/03/18,"87,170,000",26.8,"312,080,000",23.9,1,2
209,98,Everton,Leicester City,12C,Showers,29/10/17,"226,890,000",25.5,"312,080,000",23.9,0,2
210,157,Everton,Liverpool,1C,Cloudy,10/12/17,"445,500,000",24.0,"312,080,000",23.9,1,1
211,301,Everton,Stoke City,0C,Breezy,17/03/18,"160,020,000",25.2,"312,080,000",23.9,2,1
212,345,Everton,Huddersfield Town,8C,Cloudy,28/04/18,"57,960,000",24.6,"312,080,000",23.9,2,0
213,225,Everton,Tottenham Hotspur,5C,Cloudy,13/01/18,"481,420,000",23.8,"312,080,000",23.9,0,4
214,19,Everton,Manchester City,13C,Cloudy,21/08/17,"554,720,000",24.1,"312,080,000",23.9,1,1
215,377,Everton,West Ham United,9C,Cloudy,13/05/18,"238,370,000",24.3,"312,080,000",23.9,1,3
216,278,Manchester City,Arsenal,-3C,Breezy,01/03/18,"570,510,000",23.8,"554,720,000",24.1,3,0
217,45,Manchester City,Watford,8C,Cloudy,16/09/17,"150,570,000",25.9,"554,720,000",24.1,6,0
218,66,Manchester City,Chelsea,12C,Cloudy,30/09/17,"577,940,000",23.7,"554,720,000",24.1,1,0
219,206,Manchester City,Crystal Palace,12C,Cloudy,31/12/17,"174,980,000",24.8,"554,720,000",24.1,0,0
220,310,Manchester City,Everton,4C,Rain,31/03/18,"312,080,000",23.9,"554,720,000",24.1,3,1
221,374,Manchester City,Southampton,6C,Cloudy,13/05/18,"222,750,000",24.9,"554,720,000",24.1,1,0
222,95,Manchester City,West Bromwich Albion,7C,Cloudy,28/10/17,"148,950,000",25.5,"554,720,000",24.1,3,2
223,7,Manchester City,Brighton & Hove Albion,16C,Cloudy,12/08/17,"96,080,000",25.8,"554,720,000",24.1,2,0
224,158,Manchester City,Manchester United,0C,Cloudy,10/12/17,"580,590,000",25.1,"554,720,000",24.1,2,1
225,162,Manchester City,Swansea City,7C,Rain,13/12/17,"154,210,000",25.3,"554,720,000",24.1,4,0
226,20,Manchester City,Bournemouth,13C,Cloudy,26/08/17,"104,490,000",25.0,"554,720,000",24.1,2,1
227,249,Manchester City,Burnley,1C,Snow,03/02/18,"87,170,000",26.8,"554,720,000",24.1,1,1
228,114,Manchester City,Leicester City,5C,Cloudy,18/11/17,"226,890,000",25.5,"554,720,000",24.1,2,0
229,227,Manchester City,Liverpool,4C,Cloudy,14/01/18,"445,500,000",24.0,"554,720,000",24.1,3,4
230,298,Manchester City,Stoke City,6C,Showers,12/03/18,"160,020,000",25.2,"554,720,000",24.1,2,0
231,129,Manchester City,Huddersfield Town,3C,Cloudy,26/11/17,"57,960,000",24.6,"554,720,000",24.1,2,1
232,328,Manchester City,Tottenham Hotspur,8C,Cloudy,14/04/18,"481,420,000",23.8,"554,720,000",24.1,3,1
233,349,Manchester City,West Ham United,7C,Cloudy,29/04/18,"238,370,000",24.3,"554,720,000",24.1,4,1
234,296,Watford,Arsenal,6C,Cloudy,11/03/18,"570,510,000",23.8,"150,570,000",25.9,0,3
235,81,Watford,Chelsea,13C,Clear,21/10/17,"577,940,000",23.7,"150,570,000",25.9,2,4
236,161,Watford,Crystal Palace,-1C,Clear,12/12/17,"174,980,000",24.8,"150,570,000",25.9,1,2
237,109,Watford,Everton,7C,Showers,05/11/17,"312,080,000",23.9,"150,570,000",25.9,2,3
238,35,Watford,Southampton,12C,Sunny,09/09/17,"222,750,000",24.9,"150,570,000",25.9,2,0
239,64,Watford,West Bromwich Albion,8C,Cloudy,30/09/17,"148,950,000",25.5,"150,570,000",25.9,2,2
240,65,Swansea City,West Ham United,12C,Cloudy,30/09/17,"148,950,000",25.5,"150,570,000",25.9,2,2
241,181,Watford,Brighton & Hove Albion,9C,Cloudy,23/12/17,"96,080,000",25.8,"150,570,000",25.9,0,1
242,372,Watford,Manchester United,8C,Cloudy,13/05/18,"580,590,000",25.1,"150,570,000",25.9,0,1
243,56,Watford,Swansea City,15C,Showers,23/09/17,"154,210,000",25.3,"150,570,000",25.9,2,1
244,11,Watford,Bournemouth,14C,Breezy,19/08/17,"104,490,000",25.0,"150,570,000",25.9,2,0
245,150,Watford,Burnley,-2C,Cloudy,09/12/17,"87,170,000",26.8,"150,570,000",25.9,0,1
246,233,Watford,Leicester City,0C,Cloudy,20/01/18,"226,890,000",25.5,"150,570,000",25.9,0,2
247,302,Watford,Liverpool,3C,Showers,17/03/18,"445,500,000",24.0,"150,570,000",25.9,0,5
248,247,Watford,Stoke City,3C,Cloudy,31/01/18,"160,020,000",25.2,"150,570,000",25.9,0,0
249,325,Watford,Huddersfield Town,7C,Cloudy,14/04/18,"57,960,000",24.6,"150,570,000",25.9,0,1
250,351,Watford,Tottenham Hotspur,6C,Showers,30/04/18,"481,420,000",23.8,"150,570,000",25.9,0,2
251,216,Watford,Manchester City,3C,Cloudy,02/01/18,"554,720,000",24.1,"150,570,000",25.9,1,3
252,263,Watford,West Ham United,-1C,Cloudy,10/02/18,"238,370,000",24.3,"150,570,000",25.9,0,2
253,311,Stoke City,Arsenal,5C,Cloudy,01/04/18,"570,510,000",23.8,"160,020,000",25.2,0,3
254,94,Stoke City,Watford,5C,Cloudy,28/10/17,"150,570,000",25.9,"160,020,000",25.2,1,0
255,200,Stoke City,Chelsea,8C,Cloudy,30/12/17,"577,940,000",23.7,"160,020,000",25.2,0,5
256,121,Stoke City,Crystal Palace,0C,Cloudy,25/11/17,"174,980,000",24.8,"160,020,000",25.2,1,2
257,4,Stoke City,Everton,15C,Cloudy,12/08/17,"312,080,000",23.9,"160,020,000",25.2,0,1
258,281,Stoke City,Southampton,2C,Cloudy,03/03/18,"222,750,000",24.9,"160,020,000",25.2,0,0
259,27,Stoke City,West Bromwich Albion,17C,Cloudy,27/08/17,"148,950,000",25.5,"160,020,000",25.2,1,1
260,119,Stoke City,Brighton & Hove Albion,11C,Cloudy,20/11/17,"96,080,000",25.8,"160,020,000",25.2,2,2
261,228,Stoke City,Manchester United,7C,Cloudy,15/01/18,"580,590,000",25.1,"160,020,000",25.2,0,3
262,375,Stoke City,Swansea City,5C,Cloudy,13/05/18,"154,210,000",25.3,"160,020,000",25.2,2,1
263,250,Stoke City,Bournemouth,5C,Cloudy,03/02/18,"104,490,000",25.0,"160,020,000",25.2,1,2
264,159,Stoke City,Burnley,-2C,Cloudy,12/12/17,"87,170,000",26.8,"160,020,000",25.2,0,1
265,269,Stoke City,Leicester City,0C,Cloudy,24/02/18,"226,890,000",25.5,"160,020,000",25.2,1,1
266,342,Stoke City,Liverpool,5C,Cloudy,28/04/18,"445,500,000",24.0,"160,020,000",25.2,0,0
267,192,Stoke City,Huddersfield Town,2C,Cloudy,26/12/17,"57,960,000",24.6,"160,020,000",25.2,1,1
268,154,Stoke City,Tottenham Hotspur,0C,Sunny,09/12/17,"481,420,000",23.8,"160,020,000",25.2,1,5
269,73,Stoke City,Manchester City,17C,Cloudy,14/10/17,"554,720,000",24.1,"160,020,000",25.2,2,7
270,331,Stoke City,West Ham United,8C,Cloudy,16/04/18,"238,370,000",24.3,"160,020,000",25.2,1,1
271,320,Southampton,Arsenal,10C,Showers,08/04/18,"570,510,000",23.8,"222,750,000",24.9,2,3
272,223,Southampton,Watford,4C,Cloudy,13/01/18,"150,570,000",25.9,"222,750,000",24.9,2,2
273,172,Southampton,Chelsea,0C,Cloudy,16/12/17,"577,940,000",23.7,"222,750,000",24.9,0,1
274,41,Southampton,Crystal Palace,8C,Cloudy,16/09/17,"174,980,000",24.8,"222,750,000",24.9,1,0
275,358,Southampton,Everton,11C,Cloudy,05/05/18,"312,080,000",23.9,"222,750,000",24.9,1,1
276,254,Southampton,West Bromwich Albion,3C,Snow,03/02/18,"148,950,000",25.5,"222,750,000",24.9,3,2
277,97,Southampton,Brighton & Hove Albion,13C,Cloudy,29/10/17,"96,080,000",25.8,"222,750,000",24.9,1,1
278,205,Southampton,Manchester United,3C,Cloudy,30/12/17,"580,590,000",25.1,"222,750,000",24.9,0,0
279,362,Southampton,Swansea City,8C,Cloudy,08/05/18,"154,210,000",25.3,"222,750,000",24.9,1,0
280,147,Southampton,Bournemouth,7C,Cloudy,03/12/17,"104,490,000",25.0,"222,750,000",24.9,1,1
281,272,Southampton,Burnley,-1C,Cloudy,24/02/18,"87,170,000",26.8,"222,750,000",24.9,1,1
282,335,Southampton,Leicester City,11C,Cloudy,19/04/18,"226,890,000",25.5,"222,750,000",24.9,0,0
283,115,Southampton,Liverpool,8C,Cloudy,18/11/17,"445,500,000",24.0,"222,750,000",24.9,0,3
284,63,Southampton,Stoke City,8C,Cloudy,30/09/17,"160,020,000",25.2,"222,750,000",24.9,1,2
285,22,Southampton,Huddersfield Town,11C,Clear,26/08/17,"57,960,000",24.6,"222,750,000",24.9,0,0
286,189,Southampton,Tottenham Hotspur,3C,Cloudy,26/12/17,"481,420,000",23.8,"222,750,000",24.9,2,5
287,137,Southampton,Manchester City,2C,Cloudy,29/11/17,"554,720,000",24.1,"222,750,000",24.9,1,2
288,304,Southampton,West Ham United,4C,Cloudy,31/03/18,"238,370,000",24.3,"222,750,000",24.9,0,3
289,309,Burnley,West Bromwich Albion,3C,Cloudy,31/03/18,"238,370,000",24.3,"222,750,000",24.9,0,3
290,338,West Ham United,Arsenal,14C,Clear,22/04/18,"570,510,000",23.8,"238,370,000",24.3,1,4
291,118,West Ham United,Watford,2C,Cloudy,19/11/17,"150,570,000",25.9,"238,370,000",24.3,0,2
292,321,West Ham United,Chelsea,10C,Showers,08/04/18,"577,940,000",23.7,"238,370,000",24.3,1,1
293,92,West Ham United,Crystal Palace,13C,Cloudy,28/10/17,"174,980,000",24.8,"238,370,000",24.3,2,2
294,136,West Ham United,Everton,4C,Cloudy,29/11/17,"312,080,000",23.9,"238,370,000",24.3,0,4
295,15,West Ham United,Southampton,14C,Sunny,19/08/17,"222,750,000",24.9,"238,370,000",24.3,2,3
296,46,West Ham United,West Bromwich Albion,10C,Cloudy,16/09/17,"148,950,000",25.5,"238,370,000",24.3,0,0
297,253,West Ham United,Brighton & Hove Albion,3C,Showers,03/02/18,"96,080,000",25.8,"238,370,000",24.3,1,3
298,9,West Ham United,Manchester United,10C,Cloudy,13/08/17,"580,590,000",25.1,"238,370,000",24.3,0,4
299,282,West Ham United,Swansea City,0C,Showers,03/03/18,"154,210,000",25.3,"238,370,000",24.3,1,4
300,190,West Ham United,Bournemouth,5C,Breezy,26/12/17,"104,490,000",25.0,"238,370,000",24.3,3,3
301,71,West Ham United,Burnley,15C,Rain,14/10/17,"87,170,000",26.8,"238,370,000",24.3,1,1
302,355,West Ham United,Leicester City,14C,Cloudy,05/05/18,"226,890,000",25.5,"238,370,000",24.3,2,0
303,273,West Ham United,Liverpool,1C,Cloudy,24/02/18,"445,500,000",24.0,"238,370,000",24.3,1,4
304,173,West Ham United,Stoke City,-1C,Cloudy,16/12/17,"160,020,000",25.2,"238,370,000",24.3,3,0
305,221,West Ham United,Huddersfield Town,4C,Cloudy,13/01/18,"57,960,000",24.6,"238,370,000",24.3,4,1
306,218,West Ham United,Tottenham Hotspur,6C,Rain,04/01/18,"481,420,000",23.8,"238,370,000",24.3,1,1
307,148,West Ham United,Manchester City,8C,Cloudy,03/12/17,"554,720,000",24.1,"238,370,000",24.3,1,2
308,360,Burnley,Arsenal,24C,Sunny,06/05/18,"570,510,000",23.8,"87,170,000",26.8,0,5
309,318,Burnley,Watford,7C,Cloudy,07/04/18,"150,570,000",25.9,"87,170,000",26.8,2,1
310,2,Burnley,Chelsea,17C,Cloudy,12/08/17,"577,940,000",23.7,"87,170,000",26.8,3,2
311,220,Burnley,Crystal Palace,5C,Cloudy,13/01/18,"174,980,000",24.8,"87,170,000",26.8,0,1
312,68,Burnley,Everton,13C,Showers,01/10/17,"312,080,000",23.9,"87,170,000",26.8,1,0
313,103,Burnley,Southampton,12C,Showers,04/11/17,"222,750,000",24.9,"87,170,000",26.8,1,0
314,304,Southampton,West Ham United,4C,Cloudy,31/03/18,"148,950,000",25.5,"87,170,000",26.8,2,1
315,309,Burnley,West Bromwich Albion,3C,Cloudy,31/03/18,"148,950,000",25.5,"87,170,000",26.8,2,1
316,171,Burnley,Brighton & Hove Albion,1C,Clear,16/12/17,"96,080,000",25.8,"87,170,000",26.8,0,0
317,193,Burnley,Manchester United,3C,Showers,26/12/17,"580,590,000",25.1,"87,170,000",26.8,2,2
318,262,Burnley,Swansea City,6C,Rain,10/02/18,"154,210,000",25.3,"87,170,000",26.8,0,1
319,134,Burnley,Bournemouth,1C,Cloudy,29/11/17,"104,490,000",25.0,"87,170,000",26.8,2,1
320,142,Burnley,Leicester City,2C,Cloudy,02/12/17,"226,890,000",25.5,"87,170,000",26.8,0,1
321,43,Burnley,Liverpool,11C,Cloudy,16/09/17,"445,500,000",24.0,"87,170,000",26.8,1,1
322,339,Burnley,Stoke City,14C,Clear,22/04/18,"160,020,000",25.2,"87,170,000",26.8,1,1
323,201,Burnley,Huddersfield Town,2C,Cloudy,30/12/17,"57,960,000",24.6,"87,170,000",26.8,0,0
324,29,Burnley,Tottenham Hotspur,16C,Cloudy,27/08/17,"481,420,000",23.8,"87,170,000",26.8,1,1
325,83,Burnley,Manchester City,12C,Showers,21/10/17,"554,720,000",24.1,"87,170,000",26.8,0,3
326,293,Leicester City,West Bromwich Albion,10C,Cloudy,10/03/18,"238,370,000",24.3,"87,170,000",26.8,3,0
327,294,Burnley,West Ham United,11C,Cloudy,10/03/18,"238,370,000",24.3,"87,170,000",26.8,3,0
328,76,Arsenal,Watford,16C,Cloudy,14/10/17,"150,570,000",25.9,"570,510,000",23.8,1,2
329,48,Arsenal,Chelsea,8C,Cloudy,17/09/17,"577,940,000",23.7,"570,510,000",23.8,0,0
330,198,Arsenal,Crystal Palace,0C,Clear,28/12/17,"174,980,000",24.8,"570,510,000",23.8,3,2
331,88,Arsenal,Everton,10C,Showers,22/10/17,"312,080,000",23.9,"570,510,000",23.8,5,2
332,156,Arsenal,Southampton,6C,Rain,10/12/17,"222,750,000",24.9,"570,510,000",23.8,1,1
333,207,Arsenal,West Bromwich Albion,11C,Showers,31/12/17,"148,950,000",25.5,"570,510,000",23.8,1,1
334,286,Arsenal,Brighton & Hove Albion,5C,Cloudy,04/03/18,"96,080,000",25.8,"570,510,000",23.8,1,2
335,350,Arsenal,Manchester United,5C,Cloudy,29/04/18,"580,590,000",25.1,"570,510,000",23.8,1,2
336,239,Arsenal,Swansea City,1C,Cloudy,30/01/18,"154,210,000",25.3,"570,510,000",23.8,1,3
337,226,Arsenal,Bournemouth,4C,Cloudy,14/01/18,"104,490,000",25.0,"570,510,000",23.8,1,2
338,128,Arsenal,Burnley,3C,Cloudy,26/11/17,"87,170,000",26.8,"570,510,000",23.8,1,0
339,363,Arsenal,Leicester City,8C,Cloudy,09/05/18,"226,890,000",25.5,"570,510,000",23.8,1,3
340,28,Arsenal,Liverpool,13C,Cloudy,27/08/17,"445,500,000",24.0,"570,510,000",23.8,0,4
341,16,Arsenal,Stoke City,11C,Showers,19/08/17,"160,020,000",25.2,"570,510,000",23.8,0,1
342,370,Arsenal,Huddersfield Town,8C,Cloudy,13/05/18,"57,960,000",24.6,"570,510,000",23.8,1,0
343,259,Arsenal,Tottenham Hotspur,-2C,Cloudy,10/02/18,"481,420,000",23.8,"570,510,000",23.8,0,1
344,107,Arsenal,Manchester City,4C,Showers,05/11/17,"554,720,000",24.1,"570,510,000",23.8,1,3
345,165,Arsenal,West Ham United,6C,Cloudy,13/12/17,"238,370,000",24.3,"570,510,000",23.8,0,0
346,378,Toulouse FC,AS Monaco,21C,Cloudy,04/08/17,"262,620,000",22.5,"71,280,000",23.6,2,3
347,407,Toulouse FC,Paris Saint-Germain FC,11C,Sunny,20/08/17,"522,990,000",24.1,"71,280,000",23.6,2,6
348,687,Toulouse FC,Olympique Lyonnais,6C,Showers,01/04/18,"118,130,000",22.1,"71,280,000",23.6,0,2
349,654,Toulouse FC,FC Metz,1C,Rain,03/03/18,"38,750,000",23.7,"71,280,000",23.6,1,1
350,592,Toulouse FC,Montpellier-HSC,11C,Cloudy,20/01/18,"32,900,000",24.5,"71,280,000",23.6,1,2
351,576,Toulouse FC,AS Saint-Etienne,3C,Showers,14/01/18,"92,540,000",23.8,"71,280,000",23.6,0,2
352,424,Toulouse FC,ES Troyes AC,13C,Cloudy,09/09/17,"23,130,000",25.1,"71,280,000",23.6,0,0
353,531,Toulouse FC,Lille OSC,-1C,Cloudy,02/12/17,"39,140,000",21.1,"71,280,000",23.6,0,1
354,470,Toulouse FC,Angers SCO,15C,Cloudy,21/10/17,"39,830,000",25.1,"71,280,000",23.6,1,0
355,447,Toulouse FC,Olympique de Marseille,13C,Cloudy,24/09/17,"145,940,000",25.8,"71,280,000",23.6,0,2
356,613,Toulouse FC,OGC Nice,10C,Clear,03/02/18,"122,040,000",22.7,"71,280,000",23.6,1,0
357,491,Toulouse FC,FC Nantes,16C,Showers,04/11/17,"46,980,000",23.7,"71,280,000",23.6,1,2
358,630,Toulouse FC,Amiens SCF,5C,Clear,17/02/18,"24,660,000",26.4,"71,280,000",23.6,0,0
359,741,Toulouse FC,FC Girondins de Bordeaux,11C,Cloudy,12/05/18,"87,480,000",23.1,"71,280,000",23.6,2,4
360,717,Toulouse FC,Stade Malherbe Caen,13C,Cloudy,25/04/18,"34,250,000",24.8,"71,280,000",23.6,0,0
361,511,Toulouse FC,Dijon FCO,3C,Cloudy,25/11/17,"32,040,000",24.6,"71,280,000",23.6,1,3
362,512,Toulouse FC,Dijon FCO,3C,Cloudy,25/11/17,"32,040,000",24.6,"71,280,000",23.6,1,3
363,451,Toulouse FC,EA Guingamp,15C,Breezy,30/09/17,"40,640,000",25.7,"71,280,000",23.6,1,1
364,417,Olympique de Marseille,AS Monaco,20C,Clear,27/08/17,"262,620,000",22.5,"145,940,000",25.8,1,6
365,648,Olympique de Marseille,Paris Saint-Germain FC,-1C,Clear,25/02/18,"522,990,000",24.1,"145,940,000",25.8,0,3
366,558,Olympique de Marseille,Olympique Lyonnais,1C,Cloudy,17/12/17,"118,130,000",22.1,"145,940,000",25.8,0,2
367,525,Olympique de Marseille,FC Metz,1C,Cloudy,29/11/17,"38,750,000",23.7,"145,940,000",25.8,3,0
368,538,Olympique de Marseille,Montpellier-HSC,1C,Sunny,03/12/17,"32,900,000",24.5,"145,940,000",25.8,1,1
369,618,Olympique de Marseille,AS Saint-Etienne,0C,Showers,09/02/18,"92,540,000",23.8,"145,940,000",25.8,2,2
370,705,Olympique de Marseille,ES Troyes AC,17C,Cloudy,15/04/18,"23,130,000",25.1,"145,940,000",25.8,3,2
371,486,Olympique de Marseille,Lille OSC,12C,Cloudy,29/10/17,"39,140,000",21.1,"145,940,000",25.8,1,0
372,726,Olympique de Marseille,Angers SCO,11C,Rain,29/04/18,"39,830,000",25.1,"145,940,000",25.8,1,1
373,456,Olympique de Marseille,OGC Nice,19C,Cloudy,01/10/17,"122,040,000",22.7,"145,940,000",25.8,4,2
374,390,Olympique de Marseille,FC Nantes,16C,Cloudy,12/08/17,"46,980,000",23.7,"145,940,000",25.8,1,0
375,434,Olympique de Marseille,Amiens SCF,7C,Cloudy,17/09/17,"24,660,000",26.4,"145,940,000",25.8,2,0
376,506,Olympique de Marseille,FC Girondins de Bordeaux,0C,Cloudy,19/11/17,"87,480,000",23.1,"145,940,000",25.8,1,1
377,589,Olympique de Marseille,Stade Malherbe Caen,5C,Rain,19/01/18,"34,250,000",24.8,"145,940,000",25.8,2,0
378,668,Olympique de Marseille,Toulouse FC,14C,Cloudy,11/03/18,"71,280,000",23.6,"145,940,000",25.8,2,1
379,680,Olympique de Marseille,Dijon FCO,7C,Rain,31/03/18,"32,040,000",24.6,"145,940,000",25.8,3,1
380,738,Olympique de Marseille,EA Guingamp,13C,Showers,11/05/18,"40,640,000",25.7,"145,940,000",25.8,3,3
381,448,Montpellier-HSC,AS Monaco,18C,Cloudy,29/09/17,"262,620,000",22.5,"32,900,000",24.5,1,1
382,600,Montpellier-HSC,Paris Saint-Germain FC,3C,Cloudy,27/01/18,"522,990,000",24.1,"32,900,000",24.5,0,4
383,505,Montpellier-HSC,Olympique Lyonnais,1C,Cloudy,19/11/17,"118,130,000",22.1,"32,900,000",24.5,0,0
384,624,Montpellier-HSC,FC Metz,1C,Cloudy,10/02/18,"38,750,000",23.7,"32,900,000",24.5,1,0
385,467,Montpellier-HSC,AS Saint-Etienne,10C,Cloudy,20/10/17,"92,540,000",23.8,"32,900,000",24.5,1,0
386,433,Montpellier-HSC,ES Troyes AC,13C,Cloudy,16/09/17,"23,130,000",25.1,"32,900,000",24.5,1,0
387,663,Montpellier-HSC,Lille OSC,12C,Cloudy,10/03/18,"39,140,000",21.1,"32,900,000",24.5,1,1
388,541,Montpellier-HSC,Angers SCO,6C,Cloudy,09/12/17,"39,830,000",25.1,"32,900,000",24.5,1,1
389,698,Montpellier-HSC,Olympique de Marseille,18C,Cloudy,08/04/18,"145,940,000",25.8,"32,900,000",24.5,0,0
390,714,Montpellier-HSC,OGC Nice,21C,Sunny,22/04/18,"122,040,000",22.7,"32,900,000",24.5,0,1
391,734,Montpellier-HSC,FC Nantes,25C,Sunny,06/05/18,"46,980,000",23.7,"32,900,000",24.5,2,0
392,582,Montpellier-HSC,Amiens SCF,6C,Showers,17/01/18,"24,660,000",26.4,"32,900,000",24.5,1,1
393,561,Montpellier-HSC,FC Girondins de Bordeaux,7C,Cloudy,20/12/17,"87,480,000",23.1,"32,900,000",24.5,2,0
394,682,Montpellier-HSC,Stade Malherbe Caen,8C,Cloudy,01/04/18,"34,250,000",24.8,"32,900,000",24.5,3,1
395,394,Montpellier-HSC,Toulouse FC,13C,Clear,12/08/17,"71,280,000",23.6,"32,900,000",24.5,0,1
396,413,Montpellier-HSC,Dijon FCO,16C,Clear,26/08/17,"32,040,000",24.6,"32,900,000",24.5,1,2
397,523,Montpellier-HSC,EA Guingamp,3C,Cloudy,29/11/17,"40,640,000",25.7,"32,900,000",24.5,0,0
398,468,Stade Malherbe Caen,AS Monaco,14C,Cloudy,21/10/17,"262,620,000",22.5,"34,250,000",24.8,0,2
399,567,Stade Malherbe Caen,Paris Saint-Germain FC,5C,Cloudy,20/12/17,"522,990,000",24.1,"34,250,000",24.8,1,3
400,667,Stade Malherbe Caen,Olympique Lyonnais,18C,Cloudy,11/03/18,"118,130,000",22.1,"34,250,000",24.8,0,1
401,712,Stade Malherbe Caen,FC Metz,27C,Cloudy,21/04/18,"38,750,000",23.7,"34,250,000",24.8,1,1
402,382,Stade Malherbe Caen,Montpellier-HSC,38C,Cloudy,05/08/17,"32,900,000",24.5,"34,250,000",24.8,0,1
403,604,Stade Malherbe Caen,AS Saint-Etienne,2C,Cloudy,27/01/18,"92,540,000",23.8,"34,250,000",24.8,1,2
404,724,Stade Malherbe Caen,ES Troyes AC,11C,Showers,28/04/18,"23,130,000",25.1,"34,250,000",24.8,1,3
405,405,Stade Malherbe Caen,Lille OSC,11C,Clear,20/08/17,"39,140,000",21.1,"34,250,000",24.8,2,0
406,673,Stade Malherbe Caen,Angers SCO,7C,Cloudy,17/03/18,"39,830,000",25.1,"34,250,000",24.8,0,3
407,494,Stade Malherbe Caen,Olympique de Marseille,13C,Breezy,05/11/17,"145,940,000",25.8,"34,250,000",24.8,0,5
408,745,Stade Malherbe Caen,OGC Nice,20C,Sunny,12/05/18,"122,040,000",22.7,"34,250,000",24.8,1,4
409,432,Stade Malherbe Caen,FC Nantes,8C,Cloudy,16/09/17,"46,980,000",23.7,"34,250,000",24.8,0,1
410,691,Stade Malherbe Caen,Amiens SCF,18C,Cloudy,07/04/18,"24,660,000",26.4,"34,250,000",24.8,0,3
411,579,Stade Malherbe Caen,FC Girondins de Bordeaux,12C,Cloudy,16/01/18,"87,480,000",23.1,"34,250,000",24.8,2,0
412,545,Stade Malherbe Caen,Toulouse FC,7C,Cloudy,09/12/17,"71,280,000",23.6,"34,250,000",24.8,0,2
413,641,Stade Malherbe Caen,Dijon FCO,3C,Cloudy,24/02/18,"32,040,000",24.6,"34,250,000",24.8,0,2
414,623,Stade Malherbe Caen,EA Guingamp,9C,Breezy,10/02/18,"40,640,000",25.7,"34,250,000",24.8,0,0
415,489,EA Guingamp,AS Monaco,14C,Cloudy,04/11/17,"262,620,000",22.5,"40,640,000",25.7,0,6
416,727,EA Guingamp,Paris Saint-Germain FC,10C,Cloudy,29/04/18,"522,990,000",24.1,"40,640,000",25.7,2,2
417,426,EA Guingamp,Olympique Lyonnais,13C,Cloudy,10/09/17,"118,130,000",22.1,"40,640,000",25.7,1,2
418,381,EA Guingamp,FC Metz,18C,Showers,05/08/17,"38,750,000",23.7,"40,640,000",25.7,3,1
419,633,EA Guingamp,Montpellier-HSC,12C,Cloudy,17/02/18,"32,900,000",24.5,"40,640,000",25.7,1,1
420,678,EA Guingamp,AS Saint-Etienne,3C,Cloudy,18/03/18,"92,540,000",23.8,"40,640,000",25.7,0,2
421,535,EA Guingamp,ES Troyes AC,1C,Cloudy,02/12/17,"23,130,000",25.1,"40,640,000",25.7,1,0
422,700,EA Guingamp,Lille OSC,6C,Cloudy,14/04/18,"39,140,000",21.1,"40,640,000",25.7,2,2
423,653,EA Guingamp,Angers SCO,7C,Cloudy,03/03/18,"39,830,000",25.1,"40,640,000",25.7,0,3
424,517,EA Guingamp,Olympique de Marseille,7C,Breezy,26/11/17,"145,940,000",25.8,"40,640,000",25.7,0,1
425,401,EA Guingamp,OGC Nice,25C,Cloudy,19/08/17,"122,040,000",22.7,"40,640,000",25.7,0,2
426,472,EA Guingamp,FC Nantes,15C,Showers,21/10/17,"46,980,000",23.7,"40,640,000",25.7,1,2
427,591,EA Guingamp,Amiens SCF,6C,Cloudy,20/01/18,"24,660,000",26.4,"40,640,000",25.7,1,3
428,441,EA Guingamp,FC Girondins de Bordeaux,25C,Cloudy,23/09/17,"87,480,000",23.1,"40,640,000",25.7,1,3
429,550,Paris Saint-Germain FC,Stade Rennais FC,5C,Cloudy,16/12/17,"34,250,000",24.8,"40,640,000",25.7,0,0
430,551,EA Guingamp,Stade Malherbe Caen,5C,Cloudy,16/12/17,"34,250,000",24.8,"40,640,000",25.7,0,0
431,756,EA Guingamp,Toulouse FC,17C,Cloudy,19/05/18,"71,280,000",23.6,"40,640,000",25.7,1,2
432,732,EA Guingamp,Dijon FCO,25C,Sunny,06/05/18,"32,040,000",24.6,"40,640,000",25.7,1,3
433,518,Paris Saint-Germain FC,AS Monaco,12C,Rain,26/11/17,"262,620,000",22.5,"522,990,000",24.1,2,1
434,598,Paris Saint-Germain FC,Olympique Lyonnais,8C,Cloudy,21/01/18,"118,130,000",22.1,"522,990,000",24.1,1,2
435,419,Paris Saint-Germain FC,FC Metz,18C,Cloudy,08/09/17,"38,750,000",23.7,"522,990,000",24.1,5,1
436,440,Paris Saint-Germain FC,Montpellier-HSC,15C,Cloudy,23/09/17,"32,900,000",24.5,"522,990,000",24.1,0,0
437,689,Paris Saint-Germain FC,AS Saint-Etienne,20C,Sunny,06/04/18,"92,540,000",23.8,"522,990,000",24.1,1,1
438,651,Paris Saint-Germain FC,ES Troyes AC,8C,Cloudy,03/03/18,"23,130,000",25.1,"522,990,000",24.1,2,0
439,610,Paris Saint-Germain FC,Lille OSC,3C,Showers,03/02/18,"39,140,000",21.1,"522,990,000",24.1,3,0
440,488,Paris Saint-Germain FC,Angers SCO,13C,Showers,04/11/17,"39,830,000",25.1,"522,990,000",24.1,5,0
441,476,Paris Saint-Germain FC,Olympique de Marseille,16C,Cloudy,22/10/17,"145,940,000",25.8,"522,990,000",24.1,2,2
442,676,Paris Saint-Germain FC,OGC Nice,7C,Showers,18/03/18,"122,040,000",22.7,"522,990,000",24.1,2,1
443,578,Paris Saint-Germain FC,FC Nantes,8C,Cloudy,14/01/18,"46,980,000",23.7,"522,990,000",24.1,1,0
444,728,Paris Saint-Germain FC,Amiens SCF,10C,Clear,04/05/18,"24,660,000",26.4,"522,990,000",24.1,2,2
445,716,Paris Saint-Germain FC,FC Girondins de Bordeaux,25C,Cloudy,22/04/18,"87,480,000",23.1,"522,990,000",24.1,1,0
446,748,Paris Saint-Germain FC,Stade Malherbe Caen,9C,Clear,19/05/18,"34,250,000",24.8,"522,990,000",24.1,0,0
447,754,Montpellier-HSC,Stade Rennais FC,13C,Clear,19/05/18,"34,250,000",24.8,"522,990,000",24.1,0,0
448,619,Paris Saint-Germain FC,Toulouse FC,0C,Cloudy,10/02/18,"71,280,000",23.6,"522,990,000",24.1,1,0
449,458,Paris Saint-Germain FC,Dijon FCO,9C,Clear,14/10/17,"32,040,000",24.6,"522,990,000",24.1,2,1
450,397,Paris Saint-Germain FC,EA Guingamp,14C,Cloudy,13/08/17,"40,640,000",25.7,"522,990,000",24.1,3,0
451,532,Angers SCO,AS Monaco,8C,Breezy,02/12/17,"262,620,000",22.5,"39,830,000",25.1,0,1
452,669,Angers SCO,Paris Saint-Germain FC,4C,Cloudy,14/03/18,"522,990,000",24.1,"39,830,000",25.1,1,2
453,577,Angers SCO,Olympique Lyonnais,7C,Cloudy,14/01/18,"118,130,000",22.1,"39,830,000",25.1,1,1
454,733,Angers SCO,FC Metz,25C,Sunny,06/05/18,"38,750,000",23.7,"39,830,000",25.1,2,1
455,612,Angers SCO,Montpellier-HSC,7C,Cloudy,03/02/18,"32,900,000",24.5,"39,830,000",25.1,1,2
456,425,Angers SCO,AS Saint-Etienne,9C,Cloudy,10/09/17,"92,540,000",23.8,"39,830,000",25.1,1,1
457,515,Angers SCO,ES Troyes AC,2C,Cloudy,25/11/17,"23,130,000",25.1,"39,830,000",25.1,0,3
458,643,Angers SCO,Lille OSC,3C,Cloudy,24/02/18,"39,140,000",21.1,"39,830,000",25.1,2,1
459,406,Angers SCO,Olympique de Marseille,31C,Cloudy,20/08/17,"145,940,000",25.8,"39,830,000",25.1,1,1
460,438,Angers SCO,OGC Nice,14C,Clear,22/09/17,"122,040,000",22.7,"39,830,000",25.1,2,2
461,556,Angers SCO,FC Nantes,8C,Cloudy,17/12/17,"46,980,000",23.7,"39,830,000",25.1,0,1
462,391,Angers SCO,Amiens SCF,14C,Showers,12/08/17,"24,660,000",26.4,"39,830,000",25.1,2,0
463,661,Angers SCO,FC Girondins de Bordeaux,12C,Cloudy,10/03/18,"87,480,000",23.1,"39,830,000",25.1,0,0
464,459,Angers SCO,Stade Malherbe Caen,22C,Sunny,14/10/17,"34,250,000",24.8,"39,830,000",25.1,2,0
465,713,Angers SCO,Toulouse FC,26C,Sunny,21/04/18,"71,280,000",23.6,"39,830,000",25.1,0,2
466,749,Angers SCO,Dijon FCO,13C,Clear,19/05/18,"32,040,000",24.6,"39,830,000",25.1,1,2
467,501,Angers SCO,EA Guingamp,8C,Cloudy,18/11/17,"40,640,000",25.7,"39,830,000",25.1,1,1
468,544,ES Troyes AC,AS Monaco,7C,Clear,09/12/17,"262,620,000",22.5,"23,130,000",25.1,2,3
469,528,ES Troyes AC,Paris Saint-Germain FC,0C,Cloudy,29/11/17,"522,990,000",24.1,"23,130,000",25.1,0,2
470,730,ES Troyes AC,Olympique Lyonnais,27C,Sunny,06/05/18,"118,130,000",22.1,"23,130,000",25.1,0,3
471,444,ES Troyes AC,FC Metz,18C,Cloudy,23/09/17,"38,750,000",23.7,"23,130,000",25.1,1,0
472,744,ES Troyes AC,Montpellier-HSC,17C,Cloudy,12/05/18,"32,900,000",24.5,"23,130,000",25.1,1,1
473,715,ES Troyes AC,AS Saint-Etienne,23C,Cloudy,22/04/18,"92,540,000",23.8,"23,130,000",25.1,1,2
474,461,ES Troyes AC,Lille OSC,18C,Cloudy,14/10/17,"39,140,000",21.1,"23,130,000",25.1,2,2
475,583,ES Troyes AC,Angers SCO,8C,Showers,17/01/18,"39,830,000",25.1,"23,130,000",25.1,1,3
476,564,ES Troyes AC,Olympique de Marseille,7C,Cloudy,20/12/17,"145,940,000",25.8,"23,130,000",25.1,1,3
477,388,ES Troyes AC,OGC Nice,20C,Clear,11/08/17,"122,040,000",22.7,"23,130,000",25.1,2,1
478,664,ES Troyes AC,FC Nantes,13C,Rain,10/03/18,"46,980,000",23.7,"23,130,000",25.1,0,1
479,672,ES Troyes AC,Amiens SCF,-1C,Cloudy,17/03/18,"24,660,000",26.4,"23,130,000",25.1,1,1
480,411,ES Troyes AC,FC Girondins de Bordeaux,19C,Cloudy,26/08/17,"87,480,000",23.1,"23,130,000",25.1,1,2
481,479,ES Troyes AC,Stade Malherbe Caen,15C,Cloudy,28/10/17,"34,250,000",24.8,"23,130,000",25.1,0,1
482,605,ES Troyes AC,Toulouse FC,6C,Cloudy,27/01/18,"71,280,000",23.6,"23,130,000",25.1,0,1
483,500,ES Troyes AC,Dijon FCO,3C,Cloudy,18/11/17,"32,040,000",24.6,"23,130,000",25.1,1,3
484,694,ES Troyes AC,EA Guingamp,11C,Cloudy,07/04/18,"40,640,000",25.7,"23,130,000",25.1,0,4
485,581,OGC Nice,AS Monaco,8C,Clear,16/01/18,"262,620,000",22.5,"122,040,000",22.7,2,2
486,477,OGC Nice,Paris Saint-Germain FC,12C,Cloudy,27/10/17,"522,990,000",24.1,"122,040,000",22.7,0,3
487,750,OGC Nice,Olympique Lyonnais,13C,Cloudy,19/05/18,"118,130,000",22.1,"122,040,000",22.7,2,3
488,603,OGC Nice,FC Metz,3C,Cloudy,27/01/18,"38,750,000",23.7,"122,040,000",22.7,1,2
489,465,OGC Nice,Montpellier-HSC,22C,Cloudy,15/10/17,"32,900,000",24.5,"122,040,000",22.7,0,2
490,383,OGC Nice,AS Saint-Etienne,15C,Clear,05/08/17,"92,540,000",23.8,"122,040,000",22.7,0,1
491,686,OGC Nice,ES Troyes AC,9C,Cloudy,01/04/18,"23,130,000",25.1,"122,040,000",22.7,2,0
492,563,OGC Nice,Lille OSC,7C,Cloudy,20/12/17,"39,140,000",21.1,"122,040,000",22.7,1,1
493,737,OGC Nice,Olympique de Marseille,22C,Cloudy,06/05/18,"145,940,000",25.8,"122,040,000",22.7,1,2
494,547,OGC Nice,FC Nantes,11C,Rain,10/12/17,"46,980,000",23.7,"122,040,000",22.7,2,1
495,410,OGC Nice,Amiens SCF,25C,Cloudy,26/08/17,"24,660,000",26.4,"122,040,000",22.7,0,3
496,646,OGC Nice,FC Girondins de Bordeaux,9C,Sunny,25/02/18,"87,480,000",23.1,"122,040,000",22.7,0,0
497,504,OGC Nice,Stade Malherbe Caen,10C,Cloudy,19/11/17,"34,250,000",24.8,"122,040,000",22.7,1,1
498,527,OGC Nice,Toulouse FC,5C,Cloudy,29/11/17,"71,280,000",23.6,"122,040,000",22.7,2,1
499,622,OGC Nice,Dijon FCO,2C,Cloudy,10/02/18,"32,040,000",24.6,"122,040,000",22.7,2,3
500,666,OGC Nice,EA Guingamp,12C,Breezy,11/03/18,"40,640,000",25.7,"122,040,000",22.7,5,2
501,597,FC Metz,AS Monaco,10C,Cloudy,21/01/18,"262,620,000",22.5,"38,750,000",23.7,1,3
502,660,FC Metz,Paris Saint-Germain FC,17C,Cloudy,10/03/18,"522,990,000",24.1,"38,750,000",23.7,0,5
503,484,FC Metz,Olympique Lyonnais,11C,Cloudy,29/10/17,"118,130,000",22.1,"38,750,000",23.7,0,2
504,553,FC Metz,Montpellier-HSC,7C,Sunny,16/12/17,"32,900,000",24.5,"38,750,000",23.7,3,1
505,462,FC Metz,AS Saint-Etienne,5C,Cloudy,14/10/17,"92,540,000",23.8,"38,750,000",23.7,1,3
506,634,FC Metz,ES Troyes AC,4C,Cloudy,17/02/18,"23,130,000",25.1,"38,750,000",23.7,0,1
507,721,FC Metz,Lille OSC,13C,Cloudy,28/04/18,"39,140,000",21.1,"38,750,000",23.7,1,3
508,435,FC Metz,Angers SCO,13C,Showers,17/09/17,"39,830,000",25.1,"38,750,000",23.7,1,0
509,609,FC Metz,Olympique de Marseille,3C,Cloudy,02/02/18,"145,940,000",25.8,"38,750,000",23.7,3,6
510,533,FC Metz,OGC Nice,7C,Cloudy,02/12/17,"122,040,000",22.7,"38,750,000",23.7,1,3
511,452,FC Metz,FC Nantes,17C,Cloudy,30/09/17,"46,980,000",23.7,"38,750,000",23.7,0,1
512,739,FC Metz,Amiens SCF,18C,Cloudy,12/05/18,"24,660,000",26.4,"38,750,000",23.7,0,2
513,392,FC Metz,FC Girondins de Bordeaux,13C,Cloudy,12/08/17,"87,480,000",23.1,"38,750,000",23.7,0,2
514,412,FC Metz,Stade Malherbe Caen,15C,Cloudy,26/08/17,"34,250,000",24.8,"38,750,000",23.7,0,1
515,503,FC Metz,Toulouse FC,7C,Clear,18/11/17,"71,280,000",23.6,"38,750,000",23.7,0,0
516,572,FC Metz,Dijon FCO,4C,Cloudy,13/01/18,"32,040,000",24.6,"38,750,000",23.7,1,1
517,642,FC Metz,EA Guingamp,4C,Sunny,24/02/18,"40,640,000",25.7,"38,750,000",23.7,2,2
518,617,Olympique Lyonnais,AS Monaco,5C,Cloudy,04/02/18,"262,620,000",22.5,"118,130,000",22.1,2,3
519,437,Olympique Lyonnais,Paris Saint-Germain FC,11C,Cloudy,17/09/17,"522,990,000",24.1,"118,130,000",22.1,0,2
520,697,Olympique Lyonnais,FC Metz,18C,Cloudy,08/04/18,"38,750,000",23.7,"118,130,000",22.1,5,0
521,657,Olympique Lyonnais,Montpellier-HSC,11C,Showers,04/03/18,"32,900,000",24.5,"118,130,000",22.1,1,1
522,496,Olympique Lyonnais,AS Saint-Etienne,6C,Showers,05/11/17,"92,540,000",23.8,"118,130,000",22.1,5,0
523,475,Olympique Lyonnais,ES Troyes AC,10C,Cloudy,22/10/17,"23,130,000",25.1,"118,130,000",22.1,5,0
524,636,Olympique Lyonnais,Lille OSC,-2C,Cloudy,18/02/18,"39,140,000",21.1,"118,130,000",22.1,2,2
525,455,Olympique Lyonnais,Angers SCO,18C,Cloudy,01/10/17,"39,830,000",25.1,"118,130,000",22.1,3,3
526,679,Olympique Lyonnais,Olympique de Marseille,11C,Cloudy,18/03/18,"145,940,000",25.8,"118,130,000",22.1,3,2
527,516,Olympique Lyonnais,OGC Nice,8C,Cloudy,26/11/17,"122,040,000",22.7,"118,130,000",22.1,5,0
528,409,Olympique Lyonnais,FC Nantes,14C,Cloudy,26/08/17,"46,980,000",23.7,"118,130,000",22.1,0,0
529,546,Olympique Lyonnais,Amiens SCF,10C,Breezy,10/12/17,"24,660,000",26.4,"118,130,000",22.1,2,1
530,607,Olympique Lyonnais,FC Girondins de Bordeaux,0C,Cloudy,28/01/18,"87,480,000",23.1,"118,130,000",22.1,1,3
531,537,Olympique Lyonnais,Stade Malherbe Caen,8C,Cloudy,03/12/17,"34,250,000",24.8,"118,130,000",22.1,2,1
532,568,Olympique Lyonnais,Toulouse FC,3C,Cloudy,20/12/17,"71,280,000",23.6,"118,130,000",22.1,2,1
533,708,Olympique Lyonnais,Dijon FCO,16C,Cloudy,20/04/18,"32,040,000",24.6,"118,130,000",22.1,5,2
534,584,Olympique Lyonnais,EA Guingamp,4C,Showers,17/01/18,"40,640,000",25.7,"118,130,000",22.1,2,0
535,628,Dijon FCO,AS Monaco,8C,Cloudy,16/02/18,"262,620,000",22.5,"32,040,000",24.6,0,4
536,588,Dijon FCO,Paris Saint-Germain FC,2C,Showers,17/01/18,"522,990,000",24.1,"32,040,000",24.6,0,8
537,443,Dijon FCO,Olympique Lyonnais,23C,Cloudy,23/09/17,"118,130,000",22.1,"32,040,000",24.6,3,3
538,471,Dijon FCO,FC Metz,13C,Showers,21/10/17,"38,750,000",23.7,"32,040,000",24.6,2,1
539,674,Dijon FCO,Montpellier-HSC,14C,Cloudy,17/03/18,"32,900,000",24.5,"32,040,000",24.6,2,2
540,655,Dijon FCO,AS Saint-Etienne,8C,Cloudy,03/03/18,"92,540,000",23.8,"32,040,000",24.6,2,2
541,638,Dijon FCO,ES Troyes AC,3C,Cloudy,20/02/18,"23,130,000",25.1,"32,040,000",24.6,0,0
542,742,Dijon FCO,Lille OSC,23C,Cloudy,12/05/18,"39,140,000",21.1,"32,040,000",24.6,1,2
543,560,Dijon FCO,Angers SCO,7C,Cloudy,20/12/17,"39,830,000",25.1,"32,040,000",24.6,1,2
544,387,Dijon FCO,Olympique de Marseille,26C,Cloudy,06/08/17,"145,940,000",25.8,"32,040,000",24.6,0,3
545,493,Dijon FCO,OGC Nice,16C,Sunny,05/11/17,"122,040,000",22.7,"32,040,000",24.6,0,1
546,701,Dijon FCO,FC Nantes,16C,Cloudy,14/04/18,"46,980,000",23.7,"32,040,000",24.6,1,1
547,519,Dijon FCO,Amiens SCF,6C,Cloudy,28/11/17,"24,660,000",26.4,"32,040,000",24.6,1,2
548,720,Dijon FCO,FC Girondins de Bordeaux,12C,Rain,28/04/18,"87,480,000",23.1,"32,040,000",24.6,1,3
549,421,Dijon FCO,Stade Malherbe Caen,15C,Showers,09/09/17,"34,250,000",24.8,"32,040,000",24.6,1,2
550,695,Dijon FCO,Toulouse FC,17C,Windy,07/04/18,"71,280,000",23.6,"32,040,000",24.6,1,0
551,542,Dijon FCO,EA Guingamp,4C,Showers,09/12/17,"40,640,000",25.7,"32,040,000",24.6,0,4
552,650,FC Girondins de Bordeaux,AS Monaco,5C,Rain,02/03/18,"262,620,000",22.5,"87,480,000",23.1,1,2
553,449,FC Girondins de Bordeaux,Paris Saint-Germain FC,15C,Cloudy,30/09/17,"522,990,000",24.1,"87,480,000",23.1,2,6
554,399,FC Girondins de Bordeaux,Olympique Lyonnais,17C,Sunny,19/08/17,"118,130,000",22.1,"87,480,000",23.1,3,3
555,752,FC Girondins de Bordeaux,FC Metz,13C,Clear,19/05/18,"38,750,000",23.7,"87,480,000",23.1,4,0
556,704,FC Girondins de Bordeaux,Montpellier-HSC,21C,Sunny,15/04/18,"32,900,000",24.5,"87,480,000",23.1,3,1
557,729,FC Girondins de Bordeaux,AS Saint-Etienne,23C,Cloudy,06/05/18,"92,540,000",23.8,"87,480,000",23.1,3,1
558,575,FC Girondins de Bordeaux,ES Troyes AC,2C,Cloudy,13/01/18,"23,130,000",25.1,"87,480,000",23.1,1,0
559,418,FC Girondins de Bordeaux,Lille OSC,16C,Showers,08/09/17,"39,140,000",21.1,"87,480,000",23.1,0,0
560,386,FC Girondins de Bordeaux,Angers SCO,11C,Cloudy,06/08/17,"39,830,000",25.1,"87,480,000",23.1,2,2
561,637,FC Girondins de Bordeaux,Olympique de Marseille,10C,Sunny,18/02/18,"145,940,000",25.8,"87,480,000",23.1,0,1
562,557,FC Girondins de Bordeaux,OGC Nice,12C,Sunny,17/12/17,"122,040,000",22.7,"87,480,000",23.1,0,1
563,590,FC Girondins de Bordeaux,FC Nantes,12C,Breezy,20/01/18,"46,980,000",23.7,"87,480,000",23.1,1,0
564,469,FC Girondins de Bordeaux,Amiens SCF,13C,Breezy,21/10/17,"24,660,000",26.4,"87,480,000",23.1,0,1
565,509,FC Nantes,Stade Rennais FC,4C,Cloudy,25/11/17,"34,250,000",24.8,"87,480,000",23.1,0,1
566,510,FC Girondins de Bordeaux,Stade Malherbe Caen,4C,Rain,25/11/17,"34,250,000",24.8,"87,480,000",23.1,0,1
567,428,FC Girondins de Bordeaux,Toulouse FC,11C,Showers,15/09/17,"71,280,000",23.6,"87,480,000",23.1,1,0
568,529,FC Girondins de Bordeaux,Dijon FCO,-1C,Cloudy,01/12/17,"32,040,000",24.6,"87,480,000",23.1,2,3
569,681,FC Girondins de Bordeaux,EA Guingamp,8C,Cloudy,01/04/18,"40,640,000",25.7,"87,480,000",23.1,1,2
570,670,Lille OSC,AS Monaco,7C,Cloudy,16/03/18,"262,620,000",22.5,"39,140,000",21.1,1,2
571,540,Lille OSC,Paris Saint-Germain FC,3C,Cloudy,09/12/17,"522,990,000",24.1,"39,140,000",21.1,1,3
572,524,Lille OSC,Olympique Lyonnais,4C,Cloudy,29/11/17,"118,130,000",22.1,"39,140,000",21.1,2,1
573,495,Lille OSC,FC Metz,7C,Showers,05/11/17,"38,750,000",23.7,"39,140,000",21.1,3,0
574,514,Lille OSC,Montpellier-HSC,8C,Breezy,25/11/17,"32,900,000",24.5,"39,140,000",21.1,0,3
575,755,Lille OSC,AS Saint-Etienne,13C,Cloudy,19/05/18,"92,540,000",23.8,"39,140,000",21.1,0,5
576,595,Lille OSC,ES Troyes AC,9C,Cloudy,20/01/18,"23,130,000",25.1,"39,140,000",21.1,0,1
577,416,Lille OSC,Angers SCO,31C,Sunny,27/08/17,"39,830,000",25.1,"39,140,000",21.1,1,1
578,709,Lille OSC,Olympique de Marseille,27C,Sunny,21/04/18,"145,940,000",25.8,"39,140,000",21.1,1,5
579,649,Lille OSC,OGC Nice,10C,Sunny,02/03/18,"122,040,000",22.7,"39,140,000",21.1,1,2
580,626,Lille OSC,FC Nantes,7C,Cloudy,11/02/18,"46,980,000",23.7,"39,140,000",21.1,2,2
581,507,Lille OSC,Amiens SCF,16C,Cloudy,20/11/17,"24,660,000",26.4,"39,140,000",21.1,0,3
582,693,Lille OSC,FC Girondins de Bordeaux,14C,Rain,07/04/18,"87,480,000",23.1,"39,140,000",21.1,1,2
583,570,Olympique de Marseille,Stade Rennais FC,4C,Cloudy,13/01/18,"34,250,000",24.8,"39,140,000",21.1,1,0
584,571,Lille OSC,Stade Malherbe Caen,5C,Cloudy,13/01/18,"34,250,000",24.8,"39,140,000",21.1,1,0
585,736,Lille OSC,Toulouse FC,23C,Cloudy,06/05/18,"71,280,000",23.6,"39,140,000",21.1,3,2
586,552,Lille OSC,Dijon FCO,2C,Cloudy,16/12/17,"32,040,000",24.6,"39,140,000",21.1,0,3
587,431,Lille OSC,EA Guingamp,10C,Rain,16/09/17,"40,640,000",25.7,"39,140,000",21.1,0,1
588,690,FC Nantes,AS Monaco,16C,Breezy,07/04/18,"262,620,000",22.5,"46,980,000",23.7,1,2
589,499,FC Nantes,Paris Saint-Germain FC,5C,Cloudy,18/11/17,"522,990,000",24.1,"46,980,000",23.7,1,4
590,719,FC Nantes,Olympique Lyonnais,17C,Cloudy,28/04/18,"118,130,000",22.1,"46,980,000",23.7,0,2
591,677,FC Nantes,FC Metz,-1C,Cloudy,18/03/18,"38,750,000",23.7,"46,980,000",23.7,1,1
592,422,FC Nantes,Montpellier-HSC,19C,Cloudy,09/09/17,"32,900,000",24.5,"46,980,000",23.7,1,0
593,536,FC Nantes,AS Saint-Etienne,-3C,Cloudy,03/12/17,"92,540,000",23.8,"46,980,000",23.7,1,1
594,404,FC Nantes,ES Troyes AC,14C,Cloudy,19/08/17,"23,130,000",25.1,"46,980,000",23.7,1,0
595,385,FC Nantes,Lille OSC,10C,Clear,06/08/17,"39,140,000",21.1,"46,980,000",23.7,0,3
596,740,FC Nantes,Angers SCO,9C,Rain,12/05/18,"39,830,000",25.1,"46,980,000",23.7,2,0
597,658,FC Nantes,Olympique de Marseille,8C,Cloudy,04/03/18,"145,940,000",25.8,"46,980,000",23.7,1,1
598,635,FC Nantes,OGC Nice,13C,Sunny,18/02/18,"122,040,000",22.7,"46,980,000",23.7,1,1
599,559,FC Nantes,Amiens SCF,8C,Cloudy,20/12/17,"24,660,000",26.4,"46,980,000",23.7,1,0
600,464,FC Nantes,FC Girondins de Bordeaux,15C,Cloudy,15/10/17,"87,480,000",23.1,"46,980,000",23.7,1,1
601,615,EA Guingamp,Stade Rennais FC,5C,Cloudy,04/02/18,"34,250,000",24.8,"46,980,000",23.7,2,3
602,616,FC Nantes,Stade Malherbe Caen,4C,Cloudy,04/02/18,"34,250,000",24.8,"46,980,000",23.7,2,3
603,587,FC Nantes,Toulouse FC,8C,Cloudy,17/01/18,"71,280,000",23.6,"46,980,000",23.7,1,1
604,480,FC Nantes,Dijon FCO,8C,Cloudy,28/10/17,"32,040,000",24.6,"46,980,000",23.7,0,1
605,602,FC Nantes,EA Guingamp,9C,Cloudy,27/01/18,"40,640,000",25.7,"46,980,000",23.7,3,0
606,722,Amiens SCF,AS Monaco,18C,Cloudy,28/04/18,"262,620,000",22.5,"24,660,000",26.4,0,0
607,379,Amiens SCF,Paris Saint-Germain FC,16C,Showers,05/08/17,"522,990,000",24.1,"24,660,000",26.4,0,2
608,699,Amiens SCF,Olympique Lyonnais,11C,Showers,14/04/18,"118,130,000",22.1,"24,660,000",26.4,0,3
609,513,Amiens SCF,FC Metz,2C,Showers,25/11/17,"38,750,000",23.7,"24,660,000",26.4,2,0
610,490,Amiens SCF,Montpellier-HSC,16C,Showers,04/11/17,"32,900,000",24.5,"24,660,000",26.4,1,1
611,403,Amiens SCF,AS Saint-Etienne,14C,Cloudy,19/08/17,"92,540,000",23.8,"24,660,000",26.4,0,3
612,555,Amiens SCF,ES Troyes AC,0C,Cloudy,16/12/17,"23,130,000",25.1,"24,660,000",26.4,0,1
613,683,Amiens SCF,Lille OSC,7C,Cloudy,01/04/18,"39,140,000",21.1,"24,660,000",26.4,1,0
614,601,Amiens SCF,Angers SCO,7C,Cloudy,27/01/18,"39,830,000",25.1,"24,660,000",26.4,0,1
615,751,Amiens SCF,Olympique de Marseille,20C,Cloudy,19/05/18,"145,940,000",25.8,"24,660,000",26.4,1,2
616,574,Amiens SCF,OGC Nice,10C,Clear,13/01/18,"122,040,000",22.7,"24,660,000",26.4,0,1
617,644,Amiens SCF,FC Nantes,5C,Sunny,24/02/18,"46,980,000",23.7,"24,660,000",26.4,1,0
618,621,Amiens SCF,FC Girondins de Bordeaux,8C,Cloudy,10/02/18,"87,480,000",23.1,"24,660,000",26.4,2,3
619,442,Amiens SCF,Stade Malherbe Caen,6C,Cloudy,23/09/17,"34,250,000",24.8,"24,660,000",26.4,0,1
620,463,Amiens SCF,Toulouse FC,23C,Sunny,14/10/17,"71,280,000",23.6,"24,660,000",26.4,0,1
621,662,Amiens SCF,Dijon FCO,15C,Cloudy,10/03/18,"32,040,000",24.6,"24,660,000",26.4,1,1
622,481,Amiens SCF,EA Guingamp,11C,Cloudy,28/10/17,"40,640,000",25.7,"24,660,000",26.4,1,1
623,743,AS Saint-Etienne,AS Monaco,18C,Sunny,12/05/18,"262,620,000",22.5,"92,540,000",23.8,0,1
624,408,AS Saint-Etienne,Paris Saint-Germain FC,18C,Showers,25/08/17,"522,990,000",24.1,"92,540,000",23.8,0,3
625,647,AS Saint-Etienne,Olympique Lyonnais,2C,Cloudy,25/02/18,"118,130,000",22.1,"92,540,000",23.8,1,1
626,586,AS Saint-Etienne,FC Metz,2C,Breezy,17/01/18,"38,750,000",23.7,"92,540,000",23.8,0,3
627,718,AS Saint-Etienne,Montpellier-HSC,12C,Cloudy,27/04/18,"32,900,000",24.5,"92,540,000",23.8,1,0
628,454,AS Saint-Etienne,ES Troyes AC,16C,Cloudy,01/10/17,"23,130,000",25.1,"92,540,000",23.8,1,2
629,497,AS Saint-Etienne,Lille OSC,6C,Cloudy,17/11/17,"39,140,000",21.1,"92,540,000",23.8,1,3
630,631,AS Saint-Etienne,Angers SCO,4C,Rain,17/02/18,"39,830,000",25.1,"92,540,000",23.8,1,0
631,548,AS Saint-Etienne,Olympique de Marseille,10C,Cloudy,10/12/17,"145,940,000",25.8,"92,540,000",23.8,0,3
632,596,AS Saint-Etienne,OGC Nice,14C,Cloudy,21/01/18,"122,040,000",22.7,"92,540,000",23.8,0,1
633,684,AS Saint-Etienne,FC Nantes,11C,Cloudy,01/04/18,"46,980,000",23.7,"92,540,000",23.8,3,0
634,611,AS Saint-Etienne,Amiens SCF,3C,Showers,03/02/18,"24,660,000",26.4,"92,540,000",23.8,2,0
635,521,AS Saint-Etienne,FC Girondins de Bordeaux,6C,Cloudy,28/11/17,"87,480,000",23.1,"92,540,000",23.8,0,3
636,393,AS Saint-Etienne,Stade Malherbe Caen,16C,Showers,12/08/17,"34,250,000",24.8,"92,540,000",23.8,1,0
637,485,AS Saint-Etienne,Toulouse FC,15C,Cloudy,29/10/17,"71,280,000",23.6,"92,540,000",23.8,0,0
638,430,AS Saint-Etienne,Dijon FCO,7C,Cloudy,16/09/17,"32,040,000",24.6,"92,540,000",23.8,1,0
639,562,AS Saint-Etienne,EA Guingamp,5C,Cloudy,20/12/17,"40,640,000",25.7,"92,540,000",23.8,1,2
640,706,AS Monaco,Paris Saint-Germain FC,10C,Cloudy,15/04/18,"522,990,000",24.1,"262,620,000",22.5,1,7
641,457,AS Monaco,Olympique Lyonnais,9C,Cloudy,13/10/17,"118,130,000",22.1,"262,620,000",22.5,2,3
642,398,AS Monaco,FC Metz,18C,Showers,18/08/17,"38,750,000",23.7,"262,620,000",22.5,1,0
643,573,AS Monaco,Montpellier-HSC,3C,Cloudy,13/01/18,"32,900,000",24.5,"262,620,000",22.5,0,0
644,549,AS Monaco,AS Saint-Etienne,1C,Cloudy,15/12/17,"92,540,000",23.8,"262,620,000",22.5,4,0
645,757,AS Monaco,ES Troyes AC,13C,Clear,19/05/18,"23,130,000",25.1,"262,620,000",22.5,3,0
646,439,AS Monaco,Lille OSC,12C,Showers,22/09/17,"39,140,000",21.1,"262,620,000",22.5,4,0
647,620,AS Monaco,Angers SCO,6C,Showers,10/02/18,"39,830,000",25.1,"262,620,000",22.5,4,0
648,608,AS Monaco,Olympique de Marseille,7C,Clear,28/01/18,"145,940,000",25.8,"262,620,000",22.5,2,2
649,420,AS Monaco,OGC Nice,17C,Cloudy,09/09/17,"122,040,000",22.7,"262,620,000",22.5,0,4
650,526,AS Monaco,FC Nantes,-1C,Cloudy,29/11/17,"46,980,000",23.7,"262,620,000",22.5,0,1
651,498,AS Monaco,Amiens SCF,7C,Showers,17/11/17,"24,660,000",26.4,"262,620,000",22.5,1,1
652,478,AS Monaco,FC Girondins de Bordeaux,9C,Cloudy,28/10/17,"87,480,000",23.1,"262,620,000",22.5,2,0
653,731,AS Monaco,Stade Malherbe Caen,20C,Sunny,06/05/18,"34,250,000",24.8,"262,620,000",22.5,2,1
654,735,RC Strasbourg,Stade Rennais FC,25C,Cloudy,06/05/18,"34,250,000",24.8,"262,620,000",22.5,2,1
655,640,AS Monaco,Toulouse FC,5C,Cloudy,24/02/18,"71,280,000",23.6,"262,620,000",22.5,3,3
656,396,AS Monaco,Dijon FCO,16C,Cloudy,13/08/17,"32,040,000",24.6,"262,620,000",22.5,4,1
657,711,AS Monaco,EA Guingamp,22C,Sunny,21/04/18,"40,640,000",25.7,"262,620,000",22.5,1,3
658,758,Deportivo Alaves,Legans,22C,Clear,18/08/17,"48,240,000",27.3,"58,370,000",24.1,0,1
659,1032,Deportivo Alaves,Valencia,9C,Cloudy,17/03/18,"207,810,000",23.3,"58,370,000",24.1,1,3
660,785,Deportivo Alaves,Celta Vigo,13C,Cloudy,10/09/17,"103,190,000",23.5,"58,370,000",24.1,0,1
661,895,Deportivo Alaves,Girona,3C,Sunny,04/12/17,"32,040,000",24.4,"58,370,000",24.1,3,2
662,1124,Deportivo Alaves,Sevilla,26C,Cloudy,19/05/18,"242,510,000",25.5,"58,370,000",24.1,0,1
663,957,Deportivo Alaves,Barcelona,10C,Sunny,28/01/18,"653,130,000",25.4,"58,370,000",24.1,1,2
664,819,Deportivo Alaves,Levante,23C,Cloudy,30/09/17,"53,420,000",24.3,"58,370,000",24.1,2,0
665,1103,Deportivo Alaves,Malaga,20C,Sunny,06/05/18,"79,580,000",24.8,"58,370,000",24.1,3,0
666,1017,Deportivo Alaves,Real Sociedad,13C,Sunny,04/03/18,"148,590,000",25.2,"58,370,000",24.1,1,2
667,837,Deportivo Alaves,Real Betis,25C,Cloudy,21/10/17,"86,900,000",24.9,"58,370,000",24.1,0,2
668,1085,Deportivo Alaves,Las Palmas,18C,Breezy,22/04/18,"110,700,000",25.9,"58,370,000",24.1,4,0
669,1066,Deportivo Alaves,Eibar,12C,Cloudy,15/04/18,"64,580,000",25.9,"58,370,000",24.1,1,0
670,1044,Deportivo Alaves,Espanyol de Barcelona,14C,Cloudy,01/04/18,"76,910,000",26.4,"58,370,000",24.1,0,0
671,867,Deportivo Alaves,Getafe,18C,Sunny,18/11/17,"23,880,000",25.6,"58,370,000",24.1,1,4
672,992,Deportivo Alaves,Real Madrid,-3C,Sunny,24/02/18,"644,580,000",23.5,"58,370,000",24.1,0,4
673,970,Deportivo Alaves,Villarreal,12C,Sunny,10/02/18,"177,030,000",24.4,"58,370,000",24.1,2,1
674,909,Deportivo Alaves,Atletico Madrid,5C,Sunny,16/12/17,"526,500,000",24.4,"58,370,000",24.1,0,1
675,778,Getafe,Legans,18C,Cloudy,08/09/17,"48,240,000",27.3,"23,880,000",25.6,2,1
676,1074,Getafe,Valencia,22C,Cloudy,18/04/18,"207,810,000",23.3,"23,880,000",25.6,2,1
677,804,Getafe,Celta Vigo,15C,Cloudy,21/09/17,"103,190,000",23.5,"23,880,000",25.6,1,1
678,910,Getafe,Girona,10C,Sunny,17/12/17,"32,040,000",24.4,"23,880,000",25.6,0,1
679,956,Getafe,Sevilla,7C,Cloudy,28/01/18,"242,510,000",25.5,"23,880,000",25.6,1,1
680,975,Getafe,Barcelona,2C,Cloudy,11/02/18,"653,130,000",25.4,"23,880,000",25.6,0,0
681,836,Getafe,Levante,29C,Sunny,21/10/17,"53,420,000",24.3,"23,880,000",25.6,1,1
682,1123,Getafe,Malaga,20C,Cloudy,19/05/18,"79,580,000",24.8,"23,880,000",25.6,1,0
683,1033,Getafe,Real Sociedad,8C,Cloudy,17/03/18,"148,590,000",25.2,"23,880,000",25.6,2,1
684,856,Getafe,Real Betis,attack78J.MolinaJoaquin77Tello7675AntunesGuardado7573Portillodefence86GuaitaAdn80J.Garc_a78Mandi77Amat7670BergaratechniqueJoaquin8784PortilloGuardado83Tello81J.Garc_a79Barragan78headerJ.Garc_a8079J.MolinaMandi77Amat77Barragan75Joaquin74freekick83AntunesGuardado79Joaquin77J.Garc_a7569PortilloMandi69,,03/11/17,"86,900,000",24.9,"23,880,000",25.6,2,2
685,1051,Getafe,Deportivo Alaves,10C,Showers,07/04/18,"58,370,000",24.1,"23,880,000",25.6,0,2
686,1105,Getafe,Las Palmas,17C,Sunny,06/05/18,"110,700,000",25.9,"23,880,000",25.6,1,0
687,1081,Getafe,Eibar,20C,Sunny,21/04/18,"64,580,000",25.9,"23,880,000",25.6,1,0
688,885,Getafe,Espanyol de Barcelona,5C,Rain,27/11/17,"76,910,000",26.4,"23,880,000",25.6,0,1
689,1014,Getafe,Real Madrid,7C,Cloudy,03/03/18,"644,580,000",23.5,"23,880,000",25.6,1,3
690,995,Getafe,Villarreal,14C,Sunny,25/02/18,"177,030,000",24.4,"23,880,000",25.6,0,1
691,925,Getafe,Atletico Madrid,3C,Showers,06/01/18,"526,500,000",24.4,"23,880,000",25.6,0,2
692,820,Atletico Madrid,Legans,16C,Cloudy,30/09/17,"48,240,000",27.3,"526,500,000",24.4,0,0
693,780,Atletico Madrid,Valencia,21C,Clear,09/09/17,"207,810,000",23.3,"526,500,000",24.4,0,0
694,841,Atletico Madrid,Celta Vigo,9C,Cloudy,22/10/17,"103,190,000",23.5,"526,500,000",24.4,1,0
695,761,Atletico Madrid,Girona,18C,Showers,19/08/17,"32,040,000",24.4,"526,500,000",24.4,2,2
696,998,Atletico Madrid,Sevilla,11C,Cloudy,25/02/18,"242,510,000",25.5,"526,500,000",24.4,5,2
697,1016,Atletico Madrid,Barcelona,10C,Cloudy,04/03/18,"653,130,000",25.4,"526,500,000",24.4,0,1
698,880,Atletico Madrid,Levante,17C,Cloudy,25/11/17,"53,420,000",24.3,"526,500,000",24.4,5,0
699,971,Atletico Madrid,Malaga,8C,Cloudy,10/02/18,"79,580,000",24.8,"526,500,000",24.4,1,0
700,1077,Atletico Madrid,Real Sociedad,20C,Clear,19/04/18,"148,590,000",25.2,"526,500,000",24.4,0,3
701,902,Atletico Madrid,Real Betis,12C,Cloudy,10/12/17,"86,900,000",24.9,"526,500,000",24.4,1,0
702,1094,Atletico Madrid,Deportivo Alaves,6C,Rain,29/04/18,"58,370,000",24.1,"526,500,000",24.4,1,0
703,773,Atletico Madrid,Las Palmas,22C,Clear,26/08/17,"110,700,000",25.9,"526,500,000",24.4,5,1
704,921,Atletico Madrid,Espanyol de Barcelona,5C,Cloudy,22/12/17,"76,910,000",26.4,"526,500,000",24.4,0,1
705,1114,Atletico Madrid,Getafe,16C,Cloudy,12/05/18,"23,880,000",25.6,"526,500,000",24.4,1,0
706,1056,Atletico Madrid,Real Madrid,5C,Cloudy,08/04/18,"644,580,000",23.5,"526,500,000",24.4,1,1
707,1038,Atletico Madrid,Villarreal,18C,Cloudy,18/03/18,"177,030,000",24.4,"526,500,000",24.4,1,2
708,868,Barcelona,Legans,5C,Clear,18/11/17,"48,240,000",27.3,"653,130,000",25.4,3,0
709,884,Barcelona,Valencia,13C,Cloudy,26/11/17,"207,810,000",23.3,"653,130,000",25.4,1,1
710,1071,Barcelona,Celta Vigo,17C,Cloudy,17/04/18,"103,190,000",23.5,"653,130,000",25.4,2,2
711,809,Barcelona,Girona,14C,Cloudy,23/09/17,"32,040,000",24.4,"653,130,000",25.4,3,0
712,1043,Barcelona,Sevilla,10C,Cloudy,31/03/18,"242,510,000",25.5,"653,130,000",25.4,2,2
713,1119,Barcelona,Levante,14C,Clear,13/05/18,"53,420,000",24.3,"653,130,000",25.4,4,5
714,1024,Barcelona,Malaga,16C,Cloudy,10/03/18,"79,580,000",24.8,"653,130,000",25.4,2,0
715,947,Barcelona,Real Betis,6C,Cloudy,21/01/18,"86,900,000",24.9,"653,130,000",25.4,5,0
716,770,Barcelona,Deportivo Alaves,17C,Cloudy,26/08/17,"58,370,000",24.1,"653,130,000",25.4,2,0
717,1008,Barcelona,Las Palmas,16C,Cloudy,01/03/18,"110,700,000",25.9,"653,130,000",25.4,1,1
718,981,Barcelona,Eibar,6C,Showers,17/02/18,"64,580,000",25.9,"653,130,000",25.4,2,0
719,965,Barcelona,Espanyol de Barcelona,7C,Cloudy,04/02/18,"76,910,000",26.4,"653,130,000",25.4,1,1
720,790,Barcelona,Getafe,11C,Cloudy,16/09/17,"23,880,000",25.6,"653,130,000",25.4,2,1
721,922,Barcelona,Real Madrid,2C,Cloudy,23/12/17,"644,580,000",23.5,"653,130,000",25.4,3,0
722,904,Barcelona,Villarreal,12C,Cloudy,10/12/17,"177,030,000",24.4,"653,130,000",25.4,2,0
723,830,Barcelona,Atletico Madrid,16C,Clear,14/10/17,"526,500,000",24.4,"653,130,000",25.4,1,1
724,891,Villarreal,Legans,4C,Sunny,03/12/17,"48,240,000",27.3,"177,030,000",24.4,1,3
725,923,Villarreal,Valencia,4C,Cloudy,23/12/17,"207,810,000",23.3,"177,030,000",24.4,1,0
726,911,Villarreal,Celta Vigo,3C,Cloudy,17/12/17,"103,190,000",23.5,"177,030,000",24.4,1,0
727,832,Villarreal,Girona,12C,Cloudy,15/10/17,"32,040,000",24.4,"177,030,000",24.4,2,1
728,1061,Villarreal,Sevilla,16C,Sunny,14/04/18,"242,510,000",25.5,"177,030,000",24.4,2,2
729,1108,Villarreal,Barcelona,15C,Cloudy,09/05/18,"653,130,000",25.4,"177,030,000",24.4,1,5
730,766,Villarreal,Levante,25C,Cloudy,21/08/17,"53,420,000",24.3,"177,030,000",24.4,0,1
731,1047,Villarreal,Malaga,8C,Cloudy,01/04/18,"79,580,000",24.8,"177,030,000",24.4,0,1
732,768,Villarreal,Real Sociedad,18C,Cloudy,25/08/17,"148,590,000",25.2,"177,030,000",24.4,0,3
733,961,Villarreal,Real Betis,2C,Sunny,03/02/18,"86,900,000",24.9,"177,030,000",24.4,1,2
734,793,Villarreal,Deportivo Alaves,4C,Cloudy,17/09/17,"58,370,000",24.1,"177,030,000",24.4,3,0
735,1027,Villarreal,Las Palmas,16C,Cloudy,11/03/18,"110,700,000",25.9,"177,030,000",24.4,2,0
736,1006,Villarreal,Eibar,-1C,Showers,28/02/18,"64,580,000",25.9,"177,030,000",24.4,0,1
737,986,Villarreal,Espanyol de Barcelona,11C,Cloudy,18/02/18,"76,910,000",26.4,"177,030,000",24.4,1,1
738,811,Villarreal,Getafe,13C,Cloudy,24/09/17,"23,880,000",25.6,"177,030,000",24.4,0,4
739,847,Villarreal,Atletico Madrid,10C,Clear,28/10/17,"526,500,000",24.4,"177,030,000",24.4,1,1
740,929,Real Sociedad,Legans,2C,Showers,07/01/18,"48,240,000",27.3,"148,590,000",25.2,0,1
741,997,Real Sociedad,Valencia,2C,Sunny,25/02/18,"207,810,000",23.3,"148,590,000",25.2,1,2
742,760,Real Sociedad,Celta Vigo,15C,Cloudy,19/08/17,"103,190,000",23.5,"148,590,000",25.2,3,2
743,866,Real Sociedad,Girona,3C,Sunny,17/11/17,"32,040,000",24.4,"148,590,000",25.2,1,1
744,1098,Real Sociedad,Sevilla,13C,Cloudy,04/05/18,"242,510,000",25.5,"148,590,000",25.2,0,1
745,1129,Real Sociedad,Barcelona,17C,Sunny,20/05/18,"653,130,000",25.4,"148,590,000",25.2,0,1
746,805,Real Sociedad,Levante,18C,Cloudy,21/09/17,"53,420,000",24.3,"148,590,000",25.2,0,3
747,1084,Real Sociedad,Malaga,16C,Cloudy,22/04/18,"79,580,000",24.8,"148,590,000",25.2,0,2
748,1007,Real Sociedad,Real Betis,13C,Showers,01/03/18,"86,900,000",24.9,"148,590,000",25.2,0,0
749,829,Real Sociedad,Deportivo Alaves,9C,Cloudy,14/10/17,"58,370,000",24.1,"148,590,000",25.2,2,0
750,1063,Real Sociedad,Las Palmas,17C,Cloudy,14/04/18,"110,700,000",25.9,"148,590,000",25.2,1,0
751,1046,Real Sociedad,Eibar,2C,Cloudy,01/04/18,"64,580,000",25.9,"148,590,000",25.2,0,0
752,1025,Real Sociedad,Espanyol de Barcelona,17C,Cloudy,11/03/18,"76,910,000",26.4,"148,590,000",25.2,1,2
753,850,Real Sociedad,Getafe,22C,Sunny,29/10/17,"23,880,000",25.6,"148,590,000",25.2,1,2
754,973,Real Sociedad,Real Madrid,3C,Sunny,10/02/18,"644,580,000",23.5,"148,590,000",25.2,2,5
755,953,Real Sociedad,Villarreal,9C,Cloudy,27/01/18,"177,030,000",24.4,"148,590,000",25.2,2,4
756,888,Real Sociedad,Atletico Madrid,0C,Cloudy,02/12/17,"526,500,000",24.4,"148,590,000",25.2,1,2
757,954,Espanyol de Barcelona,Legans,13C,Cloudy,28/01/18,"48,240,000",27.3,"76,910,000",26.4,2,3
758,1058,Espanyol de Barcelona,Valencia,12C,Sunny,08/04/18,"207,810,000",23.3,"76,910,000",26.4,0,1
759,976,Espanyol de Barcelona,Celta Vigo,10C,Cloudy,11/02/18,"103,190,000",23.5,"76,910,000",26.4,2,2
760,1083,Espanyol de Barcelona,Girona,15C,Sunny,22/04/18,"32,040,000",24.4,"76,910,000",26.4,2,0
761,762,Espanyol de Barcelona,Sevilla,23C,Clear,19/08/17,"242,510,000",25.5,"76,910,000",26.4,1,1
762,782,Espanyol de Barcelona,Barcelona,18C,Cloudy,09/09/17,"653,130,000",25.4,"76,910,000",26.4,0,5
763,1015,Espanyol de Barcelona,Levante,13C,Cloudy,04/03/18,"53,420,000",24.3,"76,910,000",26.4,1,1
764,934,Espanyol de Barcelona,Malaga,7C,Cloudy,08/01/18,"79,580,000",24.8,"76,910,000",26.4,1,0
765,844,Espanyol de Barcelona,Real Sociedad,9C,Cloudy,23/10/17,"148,590,000",25.2,"76,910,000",26.4,1,1
766,1034,Espanyol de Barcelona,Real Betis,15C,Rain,17/03/18,"86,900,000",24.9,"76,910,000",26.4,0,3
767,859,Espanyol de Barcelona,Deportivo Alaves,4C,Cloudy,04/11/17,"58,370,000",24.1,"76,910,000",26.4,0,1
768,912,Espanyol de Barcelona,Las Palmas,16C,Breezy,17/12/17,"110,700,000",25.9,"76,910,000",26.4,2,2
769,893,Espanyol de Barcelona,Eibar,0C,Cloudy,03/12/17,"64,580,000",25.9,"76,910,000",26.4,1,3
770,1068,Espanyol de Barcelona,Getafe,15C,Cloudy,15/04/18,"23,880,000",25.6,"76,910,000",26.4,0,1
771,825,Espanyol de Barcelona,Real Madrid,18C,Cloudy,01/10/17,"644,580,000",23.5,"76,910,000",26.4,0,2
772,803,Espanyol de Barcelona,Villarreal,18C,Cloudy,21/09/17,"177,030,000",24.4,"76,910,000",26.4,0,0
773,1104,Espanyol de Barcelona,Atletico Madrid,14C,Cloudy,06/05/18,"526,500,000",24.4,"76,910,000",26.4,2,0
774,972,Eibar,Legans,8C,Cloudy,10/02/18,"48,240,000",27.3,"64,580,000",25.9,1,0
775,1095,Eibar,Valencia,21C,Breezy,29/04/18,"207,810,000",23.3,"64,580,000",25.9,0,0
776,991,Eibar,Celta Vigo,4C,Clear,24/02/18,"103,190,000",23.5,"64,580,000",25.9,0,2
777,1099,Eibar,Girona,17C,Cloudy,05/05/18,"32,040,000",24.4,"64,580,000",25.9,4,1
778,781,Eibar,Sevilla,17C,Cloudy,09/09/17,"242,510,000",25.5,"64,580,000",25.9,0,3
779,799,Eibar,Barcelona,16C,Showers,19/09/17,"653,130,000",25.4,"64,580,000",25.9,1,6
780,1030,Eibar,Levante,11C,Clear,16/03/18,"53,420,000",24.3,"64,580,000",25.9,1,2
781,767,Eibar,Malaga,25C,Cloudy,21/08/17,"79,580,000",24.8,"64,580,000",25.9,1,0
782,863,Eibar,Real Sociedad,11C,Showers,05/11/17,"148,590,000",25.2,"64,580,000",25.9,1,3
783,1053,Eibar,Real Betis,18C,Breezy,07/04/18,"86,900,000",24.9,"64,580,000",25.9,0,2
784,877,Eibar,Deportivo Alaves,7C,Cloudy,25/11/17,"58,370,000",24.1,"64,580,000",25.9,2,1
785,927,Eibar,Las Palmas,16C,Breezy,06/01/18,"110,700,000",25.9,"64,580,000",25.9,2,1
786,1073,Eibar,Espanyol de Barcelona,22C,Sunny,18/04/18,"76,910,000",26.4,"64,580,000",25.9,1,0
787,897,Eibar,Getafe,8C,Cloudy,09/12/17,"23,880,000",25.6,"64,580,000",25.9,0,0
788,843,Eibar,Real Madrid,10C,Clear,22/10/17,"644,580,000",23.5,"64,580,000",25.9,0,3
789,824,Eibar,Villarreal,23C,Cloudy,01/10/17,"177,030,000",24.4,"64,580,000",25.9,0,3
790,1128,Eibar,Atletico Madrid,21C,Cloudy,20/05/18,"526,500,000",24.4,"64,580,000",25.9,2,2
791,989,Real Madrid,Legans,1C,Sunny,21/02/18,"48,240,000",27.3,"644,580,000",23.5,3,1
792,951,Real Madrid,Valencia,9C,Cloudy,27/01/18,"207,810,000",23.3,"644,580,000",23.5,4,1
793,933,Real Madrid,Celta Vigo,3C,Clear,07/01/18,"103,190,000",23.5,"644,580,000",23.5,2,2
794,851,Real Madrid,Girona,8C,Clear,29/10/17,"32,040,000",24.4,"644,580,000",23.5,1,2
795,1109,Real Madrid,Sevilla,17C,Cloudy,09/05/18,"242,510,000",25.5,"644,580,000",23.5,2,3
796,1106,Real Madrid,Barcelona,14C,Cloudy,06/05/18,"653,130,000",25.4,"644,580,000",23.5,2,2
797,963,Real Madrid,Levante,3C,Clear,03/02/18,"53,420,000",24.3,"644,580,000",23.5,2,2
798,1069,Real Madrid,Malaga,13C,Clear,15/04/18,"79,580,000",24.8,"644,580,000",23.5,2,1
799,796,Real Madrid,Real Sociedad,11C,Cloudy,17/09/17,"148,590,000",25.2,"644,580,000",23.5,3,1
800,987,Real Madrid,Real Betis,7C,Cloudy,18/02/18,"86,900,000",24.9,"644,580,000",23.5,5,3
801,807,Real Madrid,Deportivo Alaves,10C,Cloudy,23/09/17,"58,370,000",24.1,"644,580,000",23.5,2,1
802,1042,Real Madrid,Las Palmas,15C,Cloudy,31/03/18,"110,700,000",25.9,"644,580,000",23.5,3,0
803,1021,Real Madrid,Eibar,13C,Cloudy,10/03/18,"64,580,000",25.9,"644,580,000",23.5,2,1
804,1000,Real Madrid,Espanyol de Barcelona,1C,Cloudy,27/02/18,"76,910,000",26.4,"644,580,000",23.5,0,1
805,828,Real Madrid,Getafe,10C,Clear,14/10/17,"23,880,000",25.6,"644,580,000",23.5,2,1
806,1125,Real Madrid,Villarreal,23C,Sunny,19/05/18,"177,030,000",24.4,"644,580,000",23.5,2,2
807,870,Real Madrid,Atletico Madrid,6C,Clear,18/11/17,"526,500,000",24.4,"644,580,000",23.5,0,0
808,993,Las Palmas,Legans,11C,Sunny,24/02/18,"48,240,000",27.3,"110,700,000",25.9,0,0
809,759,Las Palmas,Valencia,25C,Cloudy,18/08/17,"207,810,000",23.3,"110,700,000",25.9,0,1
810,1019,Las Palmas,Celta Vigo,7C,Rain,05/03/18,"103,190,000",23.5,"110,700,000",25.9,1,2
811,936,Las Palmas,Girona,10C,Cloudy,13/01/18,"32,040,000",24.4,"110,700,000",25.9,0,6
812,802,Las Palmas,Sevilla,15C,Clear,20/09/17,"242,510,000",25.5,"110,700,000",25.9,0,1
813,822,Las Palmas,Barcelona,18C,Cloudy,01/10/17,"653,130,000",25.4,"110,700,000",25.9,0,3
814,1055,Las Palmas,Levante,15C,Clear,08/04/18,"53,420,000",24.3,"110,700,000",25.9,1,2
815,787,Las Palmas,Malaga,17C,Cloudy,11/09/17,"79,580,000",24.8,"110,700,000",25.9,3,1
816,882,Las Palmas,Real Sociedad,12C,Cloudy,26/11/17,"148,590,000",25.2,"110,700,000",25.9,2,2
817,1079,Las Palmas,Real Betis,21C,Cloudy,19/04/18,"86,900,000",24.9,"110,700,000",25.9,0,1
818,896,Las Palmas,Deportivo Alaves,3C,Cloudy,08/12/17,"58,370,000",24.1,"110,700,000",25.9,0,2
819,1113,Las Palmas,Eibar,8C,Showers,12/05/18,"64,580,000",25.9,"110,700,000",25.9,0,1
820,1089,Las Palmas,Espanyol de Barcelona,20C,Cloudy,28/04/18,"76,910,000",26.4,"110,700,000",25.9,1,1
821,916,Las Palmas,Getafe,11C,Clear,20/12/17,"23,880,000",25.6,"110,700,000",25.9,0,2
822,865,Las Palmas,Real Madrid,12C,Cloudy,05/11/17,"644,580,000",23.5,"110,700,000",25.9,0,3
823,840,Las Palmas,Villarreal,17C,Cloudy,22/10/17,"177,030,000",24.4,"110,700,000",25.9,0,4
824,955,Las Palmas,Atletico Madrid,6C,Clear,28/01/18,"526,500,000",24.4,"110,700,000",25.9,0,3
825,1013,Malaga,Legans,10C,Cloudy,03/03/18,"48,240,000",27.3,"79,580,000",24.8,0,2
826,798,Malaga,Valencia,18C,Sunny,19/09/17,"207,810,000",23.3,"79,580,000",24.8,0,5
827,1037,Malaga,Celta Vigo,10C,Cloudy,18/03/18,"103,190,000",23.5,"79,580,000",24.8,0,0
828,771,Malaga,Girona,21C,Cloudy,26/08/17,"32,040,000",24.4,"79,580,000",24.8,0,1
829,818,Malaga,Sevilla,18C,Clear,30/09/17,"242,510,000",25.5,"79,580,000",24.8,0,2
830,839,Malaga,Barcelona,15C,Clear,21/10/17,"653,130,000",25.4,"79,580,000",24.8,0,2
831,1078,Malaga,Levante,16C,Cloudy,19/04/18,"53,420,000",24.3,"79,580,000",24.8,0,1
832,901,Malaga,Real Sociedad,14C,Cloudy,10/12/17,"148,590,000",25.2,"79,580,000",24.8,2,0
833,1097,Malaga,Real Betis,17C,Cloudy,30/04/18,"86,900,000",24.9,"79,580,000",24.8,1,2
834,919,Malaga,Deportivo Alaves,5C,Cloudy,21/12/17,"58,370,000",24.1,"79,580,000",24.8,0,1
835,968,Malaga,Las Palmas,13C,Showers,05/02/18,"110,700,000",25.9,"79,580,000",24.8,0,1
836,948,Malaga,Eibar,7C,Cloudy,22/01/18,"64,580,000",25.9,"79,580,000",24.8,1,1
837,1118,Malaga,Espanyol de Barcelona,11C,Cloudy,13/05/18,"76,910,000",26.4,"79,580,000",24.8,1,4
838,935,Malaga,Getafe,7C,Cloudy,12/01/18,"23,880,000",25.6,"79,580,000",24.8,0,1
839,878,Malaga,Real Madrid,8C,Cloudy,25/11/17,"644,580,000",23.5,"79,580,000",24.8,2,3
840,864,Malaga,Villarreal,11C,Cloudy,05/11/17,"177,030,000",24.4,"79,580,000",24.8,0,2
841,792,Malaga,Atletico Madrid,11C,Cloudy,16/09/17,"526,500,000",24.4,"79,580,000",24.8,0,1
842,1035,Sevilla,Legans,7C,Cloudy,18/03/18,"48,240,000",27.3,"242,510,000",25.5,1,2
843,838,Sevilla,Valencia,15C,Clear,21/10/17,"207,810,000",23.3,"242,510,000",25.5,0,4
844,1052,Sevilla,Celta Vigo,9C,Showers,07/04/18,"103,190,000",23.5,"242,510,000",25.5,0,4
845,794,Sevilla,Girona,8C,Cloudy,17/09/17,"32,040,000",24.4,"242,510,000",25.5,1,0
846,860,Sevilla,Barcelona,16C,Cloudy,04/11/17,"653,130,000",25.4,"242,510,000",25.5,1,2
847,1088,Sevilla,Levante,.A7471EscuderoRoger70freekick86Geis80BanegaCampaa7776Nolito74Sarabia73Escudero,".A67Coke6666Geistechnique90Banega87J.Navas85Vzquez85NolitoCampaa8483SarabiaheaderCoke8481Mercado76VzquezLuna,",27/04/18,"53,420,000",24.3,"242,510,000",25.5,1,2
848,1004,Sevilla,Malaga,15C,Cloudy,28/02/18,"79,580,000",24.8,"242,510,000",25.5,1,0
849,917,Sevilla,Real Sociedad,5C,Cloudy,20/12/17,"148,590,000",25.2,"242,510,000",25.5,1,3
850,1116,Sevilla,Real Betis,24C,Sunny,12/05/18,"86,900,000",24.9,"242,510,000",25.5,2,2
851,980,Sevilla,Las Palmas,15C,Cloudy,17/02/18,"110,700,000",25.9,"242,510,000",25.5,2,1
852,960,Sevilla,Eibar,1C,Cloudy,03/02/18,"64,580,000",25.9,"242,510,000",25.5,1,5
853,940,Sevilla,Espanyol de Barcelona,5C,Clear,20/01/18,"76,910,000",26.4,"242,510,000",25.5,3,0
854,776,Sevilla,Getafe,18C,Showers,27/08/17,"23,880,000",25.6,"242,510,000",25.5,1,0
855,898,Sevilla,Real Madrid,7C,Cloudy,09/12/17,"644,580,000",23.5,"242,510,000",25.5,0,5
856,883,Sevilla,Villarreal,11C,Clear,26/11/17,"177,030,000",24.4,"242,510,000",25.5,3,2
857,806,Sevilla,Atletico Madrid,17C,Clear,23/09/17,"526,500,000",24.4,"242,510,000",25.5,0,2
858,1045,Valencia,Legans,4C,Cloudy,01/04/18,"48,240,000",27.3,"207,810,000",23.3,1,0
859,1082,Valencia,Celta Vigo,16C,Cloudy,21/04/18,"103,190,000",23.5,"207,810,000",23.3,1,1
860,1115,Valencia,Girona,20C,Breezy,12/05/18,"32,040,000",24.4,"207,810,000",23.3,1,0
861,1022,Valencia,Sevilla,16C,Cloudy,10/03/18,"242,510,000",25.5,"207,810,000",23.3,2,0
862,1062,Valencia,Barcelona,12C,Cloudy,14/04/18,"653,130,000",25.4,"207,810,000",23.3,1,2
863,789,Valencia,Levante,15C,Cloudy,16/09/17,"53,420,000",24.3,"207,810,000",23.3,1,1
864,983,Valencia,Malaga,10C,Clear,17/02/18,"79,580,000",24.8,"207,810,000",23.3,2,1
865,814,Valencia,Real Sociedad,14C,Cloudy,24/09/17,"148,590,000",25.2,"207,810,000",23.3,3,2
866,834,Valencia,Real Betis,17C,Clear,15/10/17,"86,900,000",24.9,"207,810,000",23.3,6,3
867,846,Valencia,Deportivo Alaves,13C,Cloudy,28/10/17,"58,370,000",24.1,"207,810,000",23.3,2,1
868,943,Valencia,Las Palmas,16C,Cloudy,20/01/18,"110,700,000",25.9,"207,810,000",23.3,1,2
869,908,Valencia,Eibar,3C,Showers,16/12/17,"64,580,000",25.9,"207,810,000",23.3,1,2
870,872,Valencia,Espanyol de Barcelona,6C,Cloudy,19/11/17,"76,910,000",26.4,"207,810,000",23.3,2,0
871,892,Valencia,Getafe,-2C,Clear,03/12/17,"23,880,000",25.6,"207,810,000",23.3,0,1
872,777,Valencia,Real Madrid,23C,Thunderstorms,27/08/17,"644,580,000",23.5,"207,810,000",23.3,2,2
873,1102,Valencia,Villarreal,19C,Cloudy,05/05/18,"177,030,000",24.4,"207,810,000",23.3,0,1
874,967,Valencia,Atletico Madrid,5C,Snow,04/02/18,"526,500,000",24.4,"207,810,000",23.3,0,1
875,1064,Celta Vigo,Legans,16C,Cloudy,14/04/18,"48,240,000",27.3,"103,190,000",23.5,0,1
876,900,Celta Vigo,Valencia,11C,Cloudy,09/12/17,"207,810,000",23.3,"103,190,000",23.5,1,2
877,1001,Celta Vigo,Girona,2C,Cloudy,27/02/18,"32,040,000",24.4,"103,190,000",23.5,0,1
878,869,Celta Vigo,Sevilla,6C,Clear,18/11/17,"242,510,000",25.5,"103,190,000",23.5,1,2
879,887,Celta Vigo,Barcelona,0C,Sunny,02/12/17,"653,130,000",25.4,"103,190,000",23.5,2,2
880,853,Celta Vigo,Malaga,15C,Cloudy,29/10/17,"79,580,000",24.8,"103,190,000",23.5,1,2
881,946,Celta Vigo,Real Sociedad,13C,Windy,21/01/18,"148,590,000",25.2,"103,190,000",23.5,2,1
882,769,Celta Vigo,Real Betis,22C,Cloudy,25/08/17,"86,900,000",24.9,"103,190,000",23.5,1,2
883,962,Celta Vigo,Deportivo Alaves,5C,Rain,03/02/18,"58,370,000",24.1,"103,190,000",23.5,1,2
884,835,Celta Vigo,Las Palmas,22C,Cloudy,16/10/17,"110,700,000",25.9,"103,190,000",23.5,5,2
885,813,Celta Vigo,Eibar,10C,Cloudy,24/09/17,"64,580,000",25.9,"103,190,000",23.5,4,0
886,797,Celta Vigo,Espanyol de Barcelona,17C,Cloudy,18/09/17,"76,910,000",26.4,"103,190,000",23.5,1,2
887,988,Celta Vigo,Getafe,5C,Cloudy,19/02/18,"23,880,000",25.6,"103,190,000",23.5,0,3
888,1117,Celta Vigo,Real Madrid,14C,Cloudy,12/05/18,"644,580,000",23.5,"103,190,000",23.5,0,6
889,1092,Celta Vigo,Villarreal,16C,Cloudy,28/04/18,"177,030,000",24.4,"103,190,000",23.5,1,4
890,1026,Celta Vigo,Atletico Madrid,10C,Showers,11/03/18,"526,500,000",24.4,"103,190,000",23.5,0,3
891,1107,Levante,Legans,22C,Cloudy,07/05/18,"48,240,000",27.3,"53,420,000",24.3,3,0
892,977,Levante,Valencia,4C,Cloudy,11/02/18,"207,810,000",23.3,"53,420,000",24.3,1,3
893,1120,Levante,Celta Vigo,20C,Sunny,19/05/18,"103,190,000",23.5,"53,420,000",24.3,2,4
894,1040,Levante,Girona,12C,Cloudy,31/03/18,"32,040,000",24.4,"53,420,000",24.3,1,1
895,906,Levante,Sevilla,13C,Cloudy,15/12/17,"242,510,000",25.5,"53,420,000",24.3,0,0
896,930,Levante,Barcelona,13C,Cloudy,07/01/18,"653,130,000",25.4,"53,420,000",24.3,0,3
897,886,Levante,Malaga,10C,Sunny,01/12/17,"79,580,000",24.8,"53,420,000",24.3,0,0
898,984,Levante,Real Sociedad,9C,Cloudy,18/02/18,"148,590,000",25.2,"53,420,000",24.3,0,3
899,815,Levante,Real Betis,15C,Cloudy,25/09/17,"86,900,000",24.9,"53,420,000",24.3,0,4
900,1009,Levante,Deportivo Alaves,4C,Cloudy,01/03/18,"58,370,000",24.1,"53,420,000",24.3,0,1
901,873,Levante,Las Palmas,18C,Cloudy,19/11/17,"110,700,000",25.9,"53,420,000",24.3,2,0
902,852,Levante,Eibar,5C,Cloudy,29/10/17,"64,580,000",25.9,"53,420,000",24.3,2,2
903,826,Levante,Espanyol de Barcelona,17C,Cloudy,13/10/17,"76,910,000",26.4,"53,420,000",24.3,0,0
904,1023,Levante,Getafe,12C,Cloudy,10/03/18,"23,880,000",25.6,"53,420,000",24.3,1,0
905,779,Levante,Real Madrid,21C,Cloudy,09/09/17,"644,580,000",23.5,"53,420,000",24.3,1,1
906,942,Levante,Villarreal,13C,Cloudy,20/01/18,"177,030,000",24.4,"53,420,000",24.3,1,2
907,1067,Levante,Atletico Madrid,16C,Cloudy,15/04/18,"526,500,000",24.4,"53,420,000",24.3,0,3
908,1121,Real Betis,Legans,11C,Cloudy,19/05/18,"48,240,000",27.3,"86,900,000",24.9,2,3
909,1018,Real Betis,Valencia,13C,Cloudy,04/03/18,"207,810,000",23.3,"86,900,000",24.9,0,2
910,958,Real Betis,Celta Vigo,10C,Clear,29/01/18,"103,190,000",23.5,"86,900,000",24.9,2,3
911,1060,Real Betis,Girona,12C,Cloudy,13/04/18,"32,040,000",24.4,"86,900,000",24.9,1,0
912,928,Real Betis,Sevilla,9C,Cloudy,06/01/18,"242,510,000",25.5,"86,900,000",24.9,5,3
913,764,Real Betis,Barcelona,23C,Cloudy,20/08/17,"653,130,000",25.4,"86,900,000",24.9,0,2
914,999,Real Betis,Levante,6C,Clear,26/02/18,"53,420,000",24.3,"86,900,000",24.9,2,0
915,914,Real Betis,Malaga,5C,Cloudy,18/12/17,"79,580,000",24.8,"86,900,000",24.9,2,0
916,821,Real Betis,Real Sociedad,13C,Cloudy,01/10/17,"148,590,000",25.2,"86,900,000",24.9,4,4
917,1029,Real Betis,Deportivo Alaves,7C,Cloudy,12/03/18,"58,370,000",24.1,"86,900,000",24.9,3,1
918,894,Real Betis,Las Palmas,18C,Cloudy,03/12/17,"110,700,000",25.9,"86,900,000",24.9,0,1
919,875,Real Betis,Eibar,0C,Cloudy,20/11/17,"64,580,000",25.9,"86,900,000",24.9,0,5
920,855,Real Betis,Espanyol de Barcelona,11C,Cloudy,30/10/17,"76,910,000",26.4,"86,900,000",24.9,0,1
921,1049,Real Betis,Getafe,12C,Cloudy,02/04/18,"23,880,000",25.6,"86,900,000",24.9,1,0
922,801,Real Betis,Real Madrid,16C,Cloudy,20/09/17,"644,580,000",23.5,"86,900,000",24.9,1,0
923,786,Real Betis,Villarreal,12C,Clear,10/09/17,"177,030,000",24.4,"86,900,000",24.9,1,3
924,1086,Real Betis,Atletico Madrid,11C,Cloudy,22/04/18,"526,500,000",24.4,"86,900,000",24.9,0,0
925,857,Legans,Valencia,15C,Cloudy,04/11/17,"207,810,000",23.3,"48,240,000",27.3,0,3
926,876,Legans,Celta Vigo,13C,Showers,24/11/17,"103,190,000",23.5,"48,240,000",27.3,0,1
927,979,Legans,Girona,5C,Cloudy,16/02/18,"32,040,000",24.4,"48,240,000",27.3,0,3
928,849,Legans,Sevilla,12C,Sunny,28/10/17,"242,510,000",25.5,"48,240,000",27.3,1,2
929,1054,Legans,Barcelona,13C,Cloudy,07/04/18,"653,130,000",25.4,"48,240,000",27.3,1,3
930,915,Legans,Levante,13C,Cloudy,19/12/17,"53,420,000",24.3,"48,240,000",27.3,0,0
931,833,Legans,Malaga,15C,Clear,15/10/17,"79,580,000",24.8,"48,240,000",27.3,2,0
932,1110,Legans,Real Sociedad,11C,Showers,12/05/18,"148,590,000",25.2,"48,240,000",27.3,2,3
933,938,Legans,Real Betis,3C,Clear,15/01/18,"86,900,000",24.9,"48,240,000",27.3,2,3
934,944,Legans,Deportivo Alaves,8C,Cloudy,21/01/18,"58,370,000",24.1,"48,240,000",27.3,2,2
935,812,Legans,Las Palmas,20C,Cloudy,24/09/17,"110,700,000",25.9,"48,240,000",27.3,2,0
936,788,Legans,Eibar,8C,Clear,15/09/17,"64,580,000",25.9,"48,240,000",27.3,0,1
937,775,Legans,Espanyol de Barcelona,28C,Cloudy,27/08/17,"76,910,000",26.4,"48,240,000",27.3,1,0
938,964,Legans,Getafe,1C,Showers,04/02/18,"23,880,000",25.6,"48,240,000",27.3,0,0
939,1091,Legans,Real Madrid,17C,Sunny,28/04/18,"644,580,000",23.5,"48,240,000",27.3,1,2
940,1072,Legans,Villarreal,20C,Sunny,17/04/18,"177,030,000",24.4,"48,240,000",27.3,1,2
941,1005,Legans,Atletico Madrid,4C,Rain,28/02/18,"526,500,000",24.4,"48,240,000",27.3,0,4
942,926,Girona,Valencia,6C,Cloudy,06/01/18,"207,810,000",23.3,"32,040,000",24.4,1,2
943,816,Girona,Celta Vigo,15C,Cloudy,29/09/17,"103,190,000",23.5,"32,040,000",24.4,3,3
944,974,Girona,Sevilla,6C,Sunny,11/02/18,"242,510,000",25.5,"32,040,000",24.4,0,1
945,994,Girona,Barcelona,2C,Clear,24/02/18,"653,130,000",25.4,"32,040,000",24.4,1,6
946,861,Girona,Levante,13C,Breezy,05/11/17,"53,420,000",24.3,"32,040,000",24.4,2,1
947,952,Girona,Malaga,13C,Cloudy,27/01/18,"79,580,000",24.8,"32,040,000",24.4,0,0
948,1057,Girona,Real Sociedad,10C,Rain,08/04/18,"148,590,000",25.2,"32,040,000",24.4,0,5
949,879,Girona,Real Betis,16C,Cloudy,25/11/17,"86,900,000",24.9,"32,040,000",24.4,2,2
950,1076,Girona,Deportivo Alaves,21C,Sunny,19/04/18,"58,370,000",24.1,"32,040,000",24.4,2,1
951,1122,Girona,Las Palmas,17C,Cloudy,19/05/18,"110,700,000",25.9,"32,040,000",24.4,2,1
952,918,Girona,Eibar,6C,Cloudy,21/12/17,"64,580,000",25.9,"32,040,000",24.4,1,4
953,905,Girona,Espanyol de Barcelona,15C,Showers,11/12/17,"76,910,000",26.4,"32,040,000",24.4,1,0
954,1093,Girona,Getafe,6C,Breezy,29/04/18,"23,880,000",25.6,"32,040,000",24.4,1,1
955,1039,Girona,Real Madrid,8C,Cloudy,18/03/18,"644,580,000",23.5,"32,040,000",24.4,3,6
956,1010,Girona,Villarreal,10C,Clear,03/03/18,"177,030,000",24.4,"32,040,000",24.4,2,0
957,941,Girona,Atletico Madrid,2C,Cloudy,20/01/18,"526,500,000",24.4,"32,040,000",24.4,1,1
